slot,condition,method,h,repeat,status,valid_return,source,representation,target_nodes,N,numeric_optimal,cost,bound,gap,process_wall_s,peak_rss_mib,last_observed_phase,time_primary,time_preprocess,time_model,time_solver,time_interpret,time_reconstruct,profile_N,profile_subterms,profile_initial_candidates,profile_joins,profile_forced,profile_excluded,profile_count_one,profile_fixed_count_vertices,profile_deterministic_components,profile_components,profile_raw_components,profile_max_component_vertices,profile_max_component_candidates,profile_variables,profile_constraints,profile_fixed_cost,profile_residual_signature
0,0,Global MILP baseline,11/10,0,optimal_numerical,True,matplotlib,compact,100000,109859,True,756903/10,75690.3,0.0,1.0949033999931999,168.65234375,output_write,0.3474663000088185,0.003746499991393648,0.059133899994776584,0.14236470000469126,0.016960500011919066,0.11648599999898579,109859,34952,23711,2400,0,0,0,0,0,1,1,23711,23711,47422,71133,9,512ab168dc0aeec960b640652b6894ae503cd4e9720a7616b481cb4b7781cd8e
1,0,Join-restricted MILP,11/10,0,optimal_numerical,True,matplotlib,compact,100000,109859,True,756903/10,75690.3,0.0,0.9497828999883495,138.8515625,between_stages,0.23169420000340324,0.0025284000003011897,0.03143989999080077,0.06973829999333248,0.013415299996268004,0.1070558999927016,109859,34952,23711,2400,0,0,0,0,0,1,1,23711,2400,26111,28511,9,97b467516f2205033a2f9f3716874235914529e146d247d7845d762d6127ff90
2,0,Preprocessed global MILP,11/10,0,optimal_numerical,True,matplotlib,compact,100000,109859,True,756903/10,75690.29999999999,1.9225601204337743e-16,0.9402883000002475,133.32421875,between_stages,0.21074989999760874,0.09504329999617767,0.0016050999984145164,0.0031715999939478934,0.00017980000120587647,0.10657200000423472,109859,34952,23711,2400,1684,697,22993,23692,697,9,706,3,3,38,57,378142/5,87c46aa31a52df2878f69b5673b45bed3a01dfb9bad58cd8dc5f1879f8d9ca16
3,0,Global MILP baseline,11/10,1,optimal_numerical,True,matplotlib,compact,100000,109859,True,756903/10,75690.3,0.0,1.0779210000036983,166.71484375,between_stages,0.32432820000394713,0.004034800003864802,0.060335600006510504,0.12434270000085235,0.017283200009842403,0.10877729998901486,109859,34952,23711,2400,0,0,0,0,0,1,1,23711,23711,47422,71133,9,512ab168dc0aeec960b640652b6894ae503cd4e9720a7616b481cb4b7781cd8e
4,0,Preprocessed global MILP,11/10,1,optimal_numerical,True,matplotlib,compact,100000,109859,True,756903/10,75690.29999999999,1.9225601204337743e-16,0.952780999999959,135.203125,output_write,0.215515999996569,0.09584429999813437,0.0018552999972598627,0.004518800007645041,0.00017239998851437122,0.10925529999076389,109859,34952,23711,2400,1684,697,22993,23692,697,9,706,3,3,38,57,378142/5,87c46aa31a52df2878f69b5673b45bed3a01dfb9bad58cd8dc5f1879f8d9ca16
5,0,Join-restricted MILP,11/10,1,optimal_numerical,True,matplotlib,compact,100000,109859,True,756903/10,75690.3,0.0,0.9531567000085488,137.75,between_stages,0.23422120000759605,0.0025194000045303255,0.030497699990519322,0.07048419999773614,0.013475799991283566,0.10935700000845827,109859,34952,23711,2400,0,0,0,0,0,1,1,23711,2400,26111,28511,9,97b467516f2205033a2f9f3716874235914529e146d247d7845d762d6127ff90
6,0,Join-restricted MILP,11/10,2,optimal_numerical,True,matplotlib,compact,100000,109859,True,756903/10,75690.3,0.0,0.961683700006688,140.08984375,output_write,0.2334440000122413,0.003067500001634471,0.03128699999069795,0.07157120000920258,0.013532700002542697,0.10653089999686927,109859,34952,23711,2400,0,0,0,0,0,1,1,23711,2400,26111,28511,9,97b467516f2205033a2f9f3716874235914529e146d247d7845d762d6127ff90
7,0,Global MILP baseline,11/10,2,optimal_numerical,True,matplotlib,compact,100000,109859,True,756903/10,75690.3,0.0,1.1053906000015559,170.94921875,between_stages,0.35271089999878313,0.003940199996577576,0.06443209999997634,0.1328298000007635,0.015983100005541928,0.1253492000105325,109859,34952,23711,2400,0,0,0,0,0,1,1,23711,23711,47422,71133,9,512ab168dc0aeec960b640652b6894ae503cd4e9720a7616b481cb4b7781cd8e
8,0,Preprocessed global MILP,11/10,2,optimal_numerical,True,matplotlib,compact,100000,109859,True,756903/10,75690.29999999999,1.9225601204337743e-16,0.947866399990744,133.47265625,output_write,0.21685930000967346,0.09580260000075214,0.001958100008778274,0.003656000000773929,0.00021449998894240707,0.11083879999932833,109859,34952,23711,2400,1684,697,22993,23692,697,9,706,3,3,38,57,378142/5,87c46aa31a52df2878f69b5673b45bed3a01dfb9bad58cd8dc5f1879f8d9ca16
9,0,Join-restricted MILP,11/10,3,optimal_numerical,True,matplotlib,compact,100000,109859,True,756903/10,75690.3,0.0,0.9877876999962609,138.0078125,between_stages,0.23813759999757167,0.00289429999247659,0.03069369999866467,0.07375559999491088,0.013732699997490272,0.10911099999793805,109859,34952,23711,2400,0,0,0,0,0,1,1,23711,2400,26111,28511,9,97b467516f2205033a2f9f3716874235914529e146d247d7845d762d6127ff90
10,0,Preprocessed global MILP,11/10,3,optimal_numerical,True,matplotlib,compact,100000,109859,True,756903/10,75690.29999999999,1.9225601204337743e-16,1.0195894000062253,131.9453125,output_write,0.23512959999789018,0.11007059999974445,0.001786199994967319,0.003336099995067343,0.0001897000038297847,0.11576289999356959,109859,34952,23711,2400,1684,697,22993,23692,697,9,706,3,3,38,57,378142/5,87c46aa31a52df2878f69b5673b45bed3a01dfb9bad58cd8dc5f1879f8d9ca16
11,0,Global MILP baseline,11/10,3,optimal_numerical,True,matplotlib,compact,100000,109859,True,756903/10,75690.3,0.0,1.0956564999942202,177.296875,output_write,0.328501599986339,0.003748800008906983,0.05964609999500681,0.12470139999641106,0.016851199994562194,0.11355439999897499,109859,34952,23711,2400,0,0,0,0,0,1,1,23711,23711,47422,71133,9,512ab168dc0aeec960b640652b6894ae503cd4e9720a7616b481cb4b7781cd8e
12,0,Preprocessed global MILP,11/10,4,optimal_numerical,True,matplotlib,compact,100000,109859,True,756903/10,75690.29999999999,1.9225601204337743e-16,0.9492259000107879,132.87890625,between_stages,0.2212182999937795,0.09726389999559615,0.0020213999960105866,0.003267100008088164,0.00017880000814329833,0.11421700000937562,109859,34952,23711,2400,1684,697,22993,23692,697,9,706,3,3,38,57,378142/5,87c46aa31a52df2878f69b5673b45bed3a01dfb9bad58cd8dc5f1879f8d9ca16
13,0,Global MILP baseline,11/10,4,optimal_numerical,True,matplotlib,compact,100000,109859,True,756903/10,75690.3,0.0,1.0644325000030221,156.42578125,between_stages,0.33643120000488125,0.0038087000139057636,0.061136699994676746,0.12079620000440627,0.021210399994743057,0.11981269999523647,109859,34952,23711,2400,0,0,0,0,0,1,1,23711,23711,47422,71133,9,512ab168dc0aeec960b640652b6894ae503cd4e9720a7616b481cb4b7781cd8e
14,0,Join-restricted MILP,11/10,4,optimal_numerical,True,matplotlib,compact,100000,109859,True,756903/10,75690.3,0.0,0.987011999997776,138.23046875,between_stages,0.2431813000002876,0.004141099998378195,0.03172970000014175,0.07168439999804832,0.014463600004091859,0.11289989999204408,109859,34952,23711,2400,0,0,0,0,0,1,1,23711,2400,26111,28511,9,97b467516f2205033a2f9f3716874235914529e146d247d7845d762d6127ff90
15,0,Preprocessed global MILP,11/10,5,optimal_numerical,True,matplotlib,compact,100000,109859,True,756903/10,75690.29999999999,1.9225601204337743e-16,0.9514504999970086,134.03515625,between_stages,0.21654449999914505,0.0936750000109896,0.0017250999953830615,0.003698400003486313,0.00017769999976735562,0.11293490001116879,109859,34952,23711,2400,1684,697,22993,23692,697,9,706,3,3,38,57,378142/5,87c46aa31a52df2878f69b5673b45bed3a01dfb9bad58cd8dc5f1879f8d9ca16
16,0,Join-restricted MILP,11/10,5,optimal_numerical,True,matplotlib,compact,100000,109859,True,756903/10,75690.3,0.0,1.0056608000013512,137.6875,between_stages,0.24329220000072382,0.0029535000066971406,0.0318734000029508,0.07137180000427179,0.01407590000599157,0.1146397000120487,109859,34952,23711,2400,0,0,0,0,0,1,1,23711,2400,26111,28511,9,97b467516f2205033a2f9f3716874235914529e146d247d7845d762d6127ff90
17,0,Global MILP baseline,11/10,5,optimal_numerical,True,matplotlib,compact,100000,109859,True,756903/10,75690.3,0.0,1.0653697999950964,158.234375,between_stages,0.32945740000286605,0.00420260000100825,0.06060050000087358,0.13177310000173748,0.016408299998147413,0.10658490000059828,109859,34952,23711,2400,0,0,0,0,0,1,1,23711,23711,47422,71133,9,512ab168dc0aeec960b640652b6894ae503cd4e9720a7616b481cb4b7781cd8e
18,1,Global MILP baseline,11/10,0,optimal_numerical,True,pydantic,compact,100000,100042,True,615989/10,61598.9,0.0,1.4131401000049664,161.77734375,between_stages,0.6557306000031531,0.003387400007341057,0.059427800006233156,0.49191520000749733,0.01649599999655038,0.07579230000555981,100042,24650,21398,3251,0,0,0,0,0,1,1,21398,21398,42796,64194,32,0f93dcc03714e546b15428f03566b5b4b633063546724318ad9a585deec3e0d5
19,1,Preprocessed global MILP,11/10,0,optimal_numerical,True,pydantic,compact,100000,100042,True,615989/10,61598.9,0.0,0.9670482000074117,123.05859375,between_stages,0.20175670000026003,0.11673000000882894,0.0029964999994263053,0.006981600003200583,0.00031970000418368727,0.07082120000268333,100042,24650,21398,3251,2313,824,20456,21283,824,55,879,4,4,229,343,612133/10,8feb2e767632b3be07d9319b60748ff8bec277342664435b7fa8dd78a04b6658
20,1,Join-restricted MILP,11/10,0,optimal_numerical,True,pydantic,compact,100000,100042,True,615989/10,61598.9,0.0,1.0431004999991274,137.984375,external_check,0.34138769999844953,0.0028904999926453456,0.0352462999871932,0.21118179999757558,0.014322699993499555,0.07052569999359548,100042,24650,21398,3251,0,0,0,0,0,1,1,21398,3251,24649,27900,32,4020c28d16f9c937d3020104e49e4223ef3b1d05f9473e44b04dcc7f225a96d2
21,1,Join-restricted MILP,11/10,1,optimal_numerical,True,pydantic,compact,100000,100042,True,615989/10,61598.9,0.0,1.0572675000003073,138.03515625,between_stages,0.34562089999963064,0.0027055000100517645,0.03602679999312386,0.2074572999990778,0.014582500007236376,0.07511220000742469,100042,24650,21398,3251,0,0,0,0,0,1,1,21398,3251,24649,27900,32,4020c28d16f9c937d3020104e49e4223ef3b1d05f9473e44b04dcc7f225a96d2
22,1,Global MILP baseline,11/10,1,optimal_numerical,True,pydantic,compact,100000,100042,True,615989/10,61598.9,0.0,1.3458027999877231,161.80859375,external_check,0.6484330000093905,0.004613999990397133,0.059449300009873696,0.4880886000028113,0.01705910000600852,0.07007040000462439,100042,24650,21398,3251,0,0,0,0,0,1,1,21398,21398,42796,64194,32,0f93dcc03714e546b15428f03566b5b4b633063546724318ad9a585deec3e0d5
23,1,Preprocessed global MILP,11/10,1,optimal_numerical,True,pydantic,compact,100000,100042,True,615989/10,61598.9,0.0,0.9535042999923462,120.82421875,between_stages,0.2043693000014173,0.1220160999946529,0.0019724000012502074,0.007583200000226498,0.00037480000173673034,0.06830499999341555,100042,24650,21398,3251,2313,824,20456,21283,824,55,879,4,4,229,343,612133/10,8feb2e767632b3be07d9319b60748ff8bec277342664435b7fa8dd78a04b6658
24,1,Join-restricted MILP,11/10,2,optimal_numerical,True,pydantic,compact,100000,100042,True,615989/10,61598.9,0.0,1.0853602999995928,139.53515625,between_stages,0.3712177999987034,0.002515200001653284,0.03725549999217037,0.2314951000007568,0.013998499998706393,0.07890870000119321,100042,24650,21398,3251,0,0,0,0,0,1,1,21398,3251,24649,27900,32,4020c28d16f9c937d3020104e49e4223ef3b1d05f9473e44b04dcc7f225a96d2
25,1,Preprocessed global MILP,11/10,2,optimal_numerical,True,pydantic,compact,100000,100042,True,615989/10,61598.9,0.0,0.9563539000082528,123.015625,between_stages,0.21811800000432413,0.12349609998636879,0.002495200009434484,0.007901199991465546,0.00037369999336078763,0.0802382999972906,100042,24650,21398,3251,2313,824,20456,21283,824,55,879,4,4,229,343,612133/10,8feb2e767632b3be07d9319b60748ff8bec277342664435b7fa8dd78a04b6658
26,1,Global MILP baseline,11/10,2,optimal_numerical,True,pydantic,compact,100000,100042,True,615989/10,61598.9,0.0,1.3487380000005942,161.73828125,output_write,0.6554627000004984,0.0035389999975450337,0.0590578999981517,0.48960709999664687,0.0166344999888679,0.0783374000020558,100042,24650,21398,3251,0,0,0,0,0,1,1,21398,21398,42796,64194,32,0f93dcc03714e546b15428f03566b5b4b633063546724318ad9a585deec3e0d5
27,1,Preprocessed global MILP,11/10,3,optimal_numerical,True,pydantic,compact,100000,100042,True,615989/10,61598.9,0.0,0.9483299999992596,125.609375,output_write,0.20465060000424273,0.11609369999496266,0.002616799989482388,0.007445499999448657,0.00032210000790655613,0.07420940000156406,100042,24650,21398,3251,2313,824,20456,21283,824,55,879,4,4,229,343,612133/10,8feb2e767632b3be07d9319b60748ff8bec277342664435b7fa8dd78a04b6658
28,1,Global MILP baseline,11/10,3,optimal_numerical,True,pydantic,compact,100000,100042,True,615989/10,61598.9,0.0,1.363408499993966,161.578125,between_stages,0.6622883000090951,0.0034933999995701015,0.060781499996664934,0.4979597999918042,0.016279799994663335,0.07452690000354778,100042,24650,21398,3251,0,0,0,0,0,1,1,21398,21398,42796,64194,32,0f93dcc03714e546b15428f03566b5b4b633063546724318ad9a585deec3e0d5
29,1,Join-restricted MILP,11/10,3,optimal_numerical,True,pydantic,compact,100000,100042,True,615989/10,61598.9,0.0,1.0367494999954943,137.9765625,between_stages,0.34937619999982417,0.0026559999969322234,0.03477650000422727,0.21168379999289755,0.015444700009538792,0.07763460000569467,100042,24650,21398,3251,0,0,0,0,0,1,1,21398,3251,24649,27900,32,4020c28d16f9c937d3020104e49e4223ef3b1d05f9473e44b04dcc7f225a96d2
30,1,Preprocessed global MILP,11/10,4,optimal_numerical,True,pydantic,compact,100000,100042,True,615989/10,61598.9,0.0,0.9352001999941422,121.23828125,between_stages,0.21101590000034776,0.1198755999939749,0.0040600999927846715,0.007270100002642721,0.0006182000070111826,0.07485940000333358,100042,24650,21398,3251,2313,824,20456,21283,824,55,879,4,4,229,343,612133/10,8feb2e767632b3be07d9319b60748ff8bec277342664435b7fa8dd78a04b6658
31,1,Join-restricted MILP,11/10,4,optimal_numerical,True,pydantic,compact,100000,100042,True,615989/10,61598.9,0.0,1.066261999993003,139.03515625,between_stages,0.3451862999936566,0.0029338000022107735,0.034703500001342036,0.21047160000307485,0.014861700008623302,0.07505879999371246,100042,24650,21398,3251,0,0,0,0,0,1,1,21398,3251,24649,27900,32,4020c28d16f9c937d3020104e49e4223ef3b1d05f9473e44b04dcc7f225a96d2
32,1,Global MILP baseline,11/10,4,optimal_numerical,True,pydantic,compact,100000,100042,True,615989/10,61598.9,0.0,1.3736651000072015,161.55859375,between_stages,0.6598402999952668,0.003599999996367842,0.05988950000028126,0.49794819999078754,0.016521400000783615,0.07323940000787843,100042,24650,21398,3251,0,0,0,0,0,1,1,21398,21398,42796,64194,32,0f93dcc03714e546b15428f03566b5b4b633063546724318ad9a585deec3e0d5
33,1,Global MILP baseline,11/10,5,optimal_numerical,True,pydantic,compact,100000,100042,True,615989/10,61598.9,0.0,1.3727051999885589,161.91015625,between_stages,0.6541896000126144,0.00403369999548886,0.06141689998912625,0.4908133999997517,0.01653979999537114,0.07167459999618586,100042,24650,21398,3251,0,0,0,0,0,1,1,21398,21398,42796,64194,32,0f93dcc03714e546b15428f03566b5b4b633063546724318ad9a585deec3e0d5
34,1,Join-restricted MILP,11/10,5,optimal_numerical,True,pydantic,compact,100000,100042,True,615989/10,61598.9,0.0,1.06712150000385,136.7890625,output_write,0.34838879999006167,0.003117300002486445,0.035744399996474385,0.21127179999893997,0.01496499999484513,0.07572930000605993,100042,24650,21398,3251,0,0,0,0,0,1,1,21398,3251,24649,27900,32,4020c28d16f9c937d3020104e49e4223ef3b1d05f9473e44b04dcc7f225a96d2
35,1,Preprocessed global MILP,11/10,5,optimal_numerical,True,pydantic,compact,100000,100042,True,615989/10,61598.9,0.0,0.968440799988457,125.16015625,output_write,0.20797669999592472,0.1220298999978695,0.0021755000052507967,0.007558500001323409,0.0003608999977586791,0.07166430000506807,100042,24650,21398,3251,2313,824,20456,21283,824,55,879,4,4,229,343,612133/10,8feb2e767632b3be07d9319b60748ff8bec277342664435b7fa8dd78a04b6658
36,2,Join-restricted MILP,11/10,0,optimal_numerical,True,aiohttp,compact,100000,108915,True,320797/5,64159.4,0.0,1.0914044999954058,142.7109375,external_check,0.3535229999979492,0.0027864000003319234,0.035922900002333336,0.21890290000010282,0.01416570000583306,0.07458129999577068,108915,24707,21572,3338,0,0,0,0,0,1,1,21572,3338,24910,28248,26,968f205e68415550b05daf27772c827b41571bb5926ae5c7c4e9a70a1fb16a0b
37,2,Global MILP baseline,11/10,0,optimal_numerical,True,aiohttp,compact,100000,108915,True,320797/5,64159.4,0.0,1.421042199988733,168.4765625,between_stages,0.7092502000014065,0.0036491000064415857,0.060423699993407354,0.5429311999905622,0.01700890000211075,0.07685620000120252,108915,24707,21572,3338,0,0,0,0,0,1,1,21572,21572,43144,64716,26,8f09cc0b34ba30ce4e769eb8914aa7497128412ba5e4a060a23f0fa2680e8829
38,2,Preprocessed global MILP,11/10,0,optimal_numerical,True,aiohttp,compact,100000,108915,True,320797/5,64159.4,0.0,1.0012047000054736,123.6484375,between_stages,0.20840239999233745,0.11829549999674782,0.0023513999913120642,0.006708300003083423,0.00028190000739414245,0.07704550000198651,108915,24707,21572,3338,2513,723,20746,21470,720,50,770,3,3,204,306,638153/10,cc3a6afd5ad852dac85de7ac669df32d7f8d4d6579df0d17a433c5014800eb7f
39,2,Join-restricted MILP,11/10,1,optimal_numerical,True,aiohttp,compact,100000,108915,True,320797/5,64159.4,0.0,1.090864199999487,142.00390625,between_stages,0.3639199000026565,0.0028323000005912036,0.03582650001044385,0.22680440000840463,0.014723200001753867,0.07648550000158139,108915,24707,21572,3338,0,0,0,0,0,1,1,21572,3338,24910,28248,26,968f205e68415550b05daf27772c827b41571bb5926ae5c7c4e9a70a1fb16a0b
40,2,Preprocessed global MILP,11/10,1,optimal_numerical,True,aiohttp,compact,100000,108915,True,320797/5,64159.4,0.0,1.0006831999926362,125.75390625,external_check,0.20838319999165833,0.11970619999920018,0.0026032000023406,0.006024299989803694,0.0003053999971598387,0.0755671000079019,108915,24707,21572,3338,2513,723,20746,21470,720,50,770,3,3,204,306,638153/10,cc3a6afd5ad852dac85de7ac669df32d7f8d4d6579df0d17a433c5014800eb7f
41,2,Global MILP baseline,11/10,1,optimal_numerical,True,aiohttp,compact,100000,108915,True,320797/5,64159.4,0.0,1.486518599995179,166.66015625,output_write,0.7239574000122957,0.004291599994758144,0.06154660000174772,0.560452499994426,0.016068600001744926,0.07225289999041706,108915,24707,21572,3338,0,0,0,0,0,1,1,21572,21572,43144,64716,26,8f09cc0b34ba30ce4e769eb8914aa7497128412ba5e4a060a23f0fa2680e8829
42,2,Preprocessed global MILP,11/10,2,optimal_numerical,True,aiohttp,compact,100000,108915,True,320797/5,64159.4,0.0,0.9973309000051813,126.8828125,between_stages,0.20924699999159202,0.11535469999944326,0.001953200000571087,0.01029569999082014,0.00034410000080242753,0.07650980001199059,108915,24707,21572,3338,2513,723,20746,21470,720,50,770,3,3,204,306,638153/10,cc3a6afd5ad852dac85de7ac669df32d7f8d4d6579df0d17a433c5014800eb7f
43,2,Global MILP baseline,11/10,2,optimal_numerical,True,aiohttp,compact,100000,108915,True,320797/5,64159.4,0.0,1.425138100006734,167.6328125,between_stages,0.7092586999933701,0.0041779000021051615,0.06010449999303091,0.543643199998769,0.016271300002699718,0.07570069999201223,108915,24707,21572,3338,0,0,0,0,0,1,1,21572,21572,43144,64716,26,8f09cc0b34ba30ce4e769eb8914aa7497128412ba5e4a060a23f0fa2680e8829
44,2,Join-restricted MILP,11/10,2,optimal_numerical,True,aiohttp,compact,100000,108915,True,320797/5,64159.4,0.0,1.0906991999945603,142.828125,output_write,0.3644270999939181,0.002597699989564717,0.035576500013121404,0.22469719999935478,0.01382989999547135,0.08017830000608228,108915,24707,21572,3338,0,0,0,0,0,1,1,21572,3338,24910,28248,26,968f205e68415550b05daf27772c827b41571bb5926ae5c7c4e9a70a1fb16a0b
45,2,Preprocessed global MILP,11/10,3,optimal_numerical,True,aiohttp,compact,100000,108915,True,320797/5,64159.4,0.0,0.98163329999079,127.2109375,output_write,0.2024573000089731,0.11371560000407044,0.0025612000026740134,0.006176900002174079,0.00037650000012945384,0.07516199999372475,108915,24707,21572,3338,2513,723,20746,21470,720,50,770,3,3,204,306,638153/10,cc3a6afd5ad852dac85de7ac669df32d7f8d4d6579df0d17a433c5014800eb7f
46,2,Join-restricted MILP,11/10,3,optimal_numerical,True,aiohttp,compact,100000,108915,True,320797/5,64159.4,0.0,1.073247899999842,143.515625,between_stages,0.3544354000041494,0.002596799997263588,0.0358321999956388,0.21737169999687467,0.014527999999700114,0.07700390000536572,108915,24707,21572,3338,0,0,0,0,0,1,1,21572,3338,24910,28248,26,968f205e68415550b05daf27772c827b41571bb5926ae5c7c4e9a70a1fb16a0b
47,2,Global MILP baseline,11/10,3,optimal_numerical,True,aiohttp,compact,100000,108915,True,320797/5,64159.4,0.0,1.4676960000069812,167.83203125,between_stages,0.7421003000054043,0.003438499988988042,0.05892380001023412,0.5594042999873636,0.01623329998983536,0.09495790000073612,108915,24707,21572,3338,0,0,0,0,0,1,1,21572,21572,43144,64716,26,8f09cc0b34ba30ce4e769eb8914aa7497128412ba5e4a060a23f0fa2680e8829
48,2,Global MILP baseline,11/10,4,optimal_numerical,True,aiohttp,compact,100000,108915,True,320797/5,64159.4,0.0,1.4575366000062786,167.54296875,between_stages,0.7076983000006294,0.003665100011858158,0.060200499996426515,0.5379880000109551,0.016122300003189594,0.08077490000869147,108915,24707,21572,3338,0,0,0,0,0,1,1,21572,21572,43144,64716,26,8f09cc0b34ba30ce4e769eb8914aa7497128412ba5e4a060a23f0fa2680e8829
49,2,Join-restricted MILP,11/10,4,optimal_numerical,True,aiohttp,compact,100000,108915,True,320797/5,64159.4,0.0,1.0800714999932097,141.30078125,between_stages,0.3612847000040347,0.0028756999963661656,0.03775229999155272,0.2196914999949513,0.014387599992915057,0.07931830000597984,108915,24707,21572,3338,0,0,0,0,0,1,1,21572,3338,24910,28248,26,968f205e68415550b05daf27772c827b41571bb5926ae5c7c4e9a70a1fb16a0b
50,2,Preprocessed global MILP,11/10,4,optimal_numerical,True,aiohttp,compact,100000,108915,True,320797/5,64159.4,0.0,1.0118616999970982,126.03125,external_check,0.2228909000114072,0.11666790000163019,0.004681599995819852,0.00753180000174325,0.0003222999948775396,0.08945030000177212,108915,24707,21572,3338,2513,723,20746,21470,720,50,770,3,3,204,306,638153/10,cc3a6afd5ad852dac85de7ac669df32d7f8d4d6579df0d17a433c5014800eb7f
51,2,Global MILP baseline,11/10,5,optimal_numerical,True,aiohttp,compact,100000,108915,True,320797/5,64159.4,0.0,1.4453247000055853,167.5390625,between_stages,0.7180099999968661,0.004121200006920844,0.05952969999634661,0.548932200006675,0.016655299987178296,0.07693309999012854,108915,24707,21572,3338,0,0,0,0,0,1,1,21572,21572,43144,64716,26,8f09cc0b34ba30ce4e769eb8914aa7497128412ba5e4a060a23f0fa2680e8829
52,2,Preprocessed global MILP,11/10,5,optimal_numerical,True,aiohttp,compact,100000,108915,True,320797/5,64159.4,0.0,0.9855805999977747,125.58203125,between_stages,0.21060860001307447,0.11567649999051355,0.002531800011638552,0.006084299995563924,0.0003269000008003786,0.08191940000688192,108915,24707,21572,3338,2513,723,20746,21470,720,50,770,3,3,204,306,638153/10,cc3a6afd5ad852dac85de7ac669df32d7f8d4d6579df0d17a433c5014800eb7f
53,2,Join-restricted MILP,11/10,5,optimal_numerical,True,aiohttp,compact,100000,108915,True,320797/5,64159.4,0.0,1.0900475999951595,143.4296875,output_write,0.37205639999592677,0.005644299992127344,0.03568119999545161,0.23215939999499824,0.013951100001577288,0.07770690000324976,108915,24707,21572,3338,0,0,0,0,0,1,1,21572,3338,24910,28248,26,968f205e68415550b05daf27772c827b41571bb5926ae5c7c4e9a70a1fb16a0b
54,3,Join-restricted MILP,11/10,0,optimal_numerical,True,jsonschema,compact,100000,91848,True,472737/10,47273.7,0.0,0.9147244000050705,126.43359375,output_write,0.266580099996645,0.002415900002233684,0.027468800006317906,0.15527440000732895,0.01124159999017138,0.0622674000042025,91848,18581,16226,2368,0,0,0,0,0,1,1,16226,2368,18594,20962,36,0234150dfa48b30b989e515bdd6dddbf7fd3bcf50383f23abb43f0fee0ae11fc
55,3,Preprocessed global MILP,11/10,0,optimal_numerical,True,jsonschema,compact,100000,91848,True,472737/10,47273.700000000004,0.0,0.8589482999959728,111.66796875,between_stages,0.16703670000424609,0.08780699998897035,0.0036859999963780865,0.009349400002975017,0.0003294999914942309,0.059147000007214956,91848,18581,16226,2368,1868,420,15723,16146,420,39,459,3,3,160,240,235059/5,076b74647c729be6eba83388a6c5c0e45a45128fc15797223a4aee750939a353
56,3,Global MILP baseline,11/10,0,optimal_numerical,True,jsonschema,compact,100000,91848,True,472737/10,47273.7,0.0,1.3585989999992307,148.375,between_stages,0.7022851000074297,0.003471900010481477,0.046757200005231425,0.5695608999958495,0.013008900001295842,0.06319699999585282,91848,18581,16226,2368,0,0,0,0,0,1,1,16226,16226,32452,48678,36,ece0904d67bae5c4dc7a1207905c951c454a0e9e418f71f83dc44eac7359db2c
57,3,Preprocessed global MILP,11/10,1,optimal_numerical,True,jsonschema,compact,100000,91848,True,472737/10,47273.700000000004,0.0,0.8356685000035213,111.76171875,external_check,0.1707524000084959,0.09704090000013821,0.0023029000003589317,0.004493999993428588,0.0002778999914880842,0.0631714000046486,91848,18581,16226,2368,1868,420,15723,16146,420,39,459,3,3,160,240,235059/5,076b74647c729be6eba83388a6c5c0e45a45128fc15797223a4aee750939a353
58,3,Global MILP baseline,11/10,1,optimal_numerical,True,jsonschema,compact,100000,91848,True,472737/10,47273.7,0.0,1.3680596999911359,148.546875,between_stages,0.6857732999924337,0.002911799994762987,0.04591369999980088,0.5562956000067061,0.012718300000415184,0.0619384000019636,91848,18581,16226,2368,0,0,0,0,0,1,1,16226,16226,32452,48678,36,ece0904d67bae5c4dc7a1207905c951c454a0e9e418f71f83dc44eac7359db2c
59,3,Join-restricted MILP,11/10,1,optimal_numerical,True,jsonschema,compact,100000,91848,True,472737/10,47273.7,0.0,0.9265068999957293,126.8515625,between_stages,0.2739320999971824,0.0025523999938741326,0.027958599996054545,0.15991030000441242,0.011304300001938827,0.06410340000002179,91848,18581,16226,2368,0,0,0,0,0,1,1,16226,2368,18594,20962,36,0234150dfa48b30b989e515bdd6dddbf7fd3bcf50383f23abb43f0fee0ae11fc
60,3,Preprocessed global MILP,11/10,2,optimal_numerical,True,jsonschema,compact,100000,91848,True,472737/10,47273.700000000004,0.0,0.8441925000079209,111.45703125,between_stages,0.1805566999973962,0.09408160000748467,0.015365900006145239,0.005274900002405047,0.00031380000291392207,0.06209089999902062,91848,18581,16226,2368,1868,420,15723,16146,420,39,459,3,3,160,240,235059/5,076b74647c729be6eba83388a6c5c0e45a45128fc15797223a4aee750939a353
61,3,Join-restricted MILP,11/10,2,optimal_numerical,True,jsonschema,compact,100000,91848,True,472737/10,47273.7,0.0,0.9303889000002528,126.79296875,output_write,0.2707676999998512,0.0022975999891059473,0.027981400009593926,0.15896640000573825,0.011107300000730902,0.06249779999780003,91848,18581,16226,2368,0,0,0,0,0,1,1,16226,2368,18594,20962,36,0234150dfa48b30b989e515bdd6dddbf7fd3bcf50383f23abb43f0fee0ae11fc
62,3,Global MILP baseline,11/10,2,optimal_numerical,True,jsonschema,compact,100000,91848,True,472737/10,47273.7,0.0,1.3229562000051374,148.66015625,external_check,0.683225400003721,0.0027276000037090853,0.04644190000544768,0.5546587999997428,0.01343069999711588,0.06001329999708105,91848,18581,16226,2368,0,0,0,0,0,1,1,16226,16226,32452,48678,36,ece0904d67bae5c4dc7a1207905c951c454a0e9e418f71f83dc44eac7359db2c
63,3,Global MILP baseline,11/10,3,optimal_numerical,True,jsonschema,compact,100000,91848,True,472737/10,47273.7,0.0,1.3758012999896891,148.3125,between_stages,0.7021273000136716,0.002821100002620369,0.046085499998298474,0.5683387000026414,0.013536999991629273,0.06522459999541752,91848,18581,16226,2368,0,0,0,0,0,1,1,16226,16226,32452,48678,36,ece0904d67bae5c4dc7a1207905c951c454a0e9e418f71f83dc44eac7359db2c
64,3,Join-restricted MILP,11/10,3,optimal_numerical,True,jsonschema,compact,100000,91848,True,472737/10,47273.7,0.0,0.9401989999896614,128.29296875,between_stages,0.26578250000602566,0.0025693000061437488,0.02739350000047125,0.1576338000013493,0.011349400010658428,0.06130660000781063,91848,18581,16226,2368,0,0,0,0,0,1,1,16226,2368,18594,20962,36,0234150dfa48b30b989e515bdd6dddbf7fd3bcf50383f23abb43f0fee0ae11fc
65,3,Preprocessed global MILP,11/10,3,optimal_numerical,True,jsonschema,compact,100000,91848,True,472737/10,47273.700000000004,0.0,0.804477899990161,112.01171875,output_write,0.16465350000362378,0.08862530000624247,0.0018331999890506268,0.006077300000470132,0.0002876999933505431,0.06405349999840837,91848,18581,16226,2368,1868,420,15723,16146,420,39,459,3,3,160,240,235059/5,076b74647c729be6eba83388a6c5c0e45a45128fc15797223a4aee750939a353
66,3,Global MILP baseline,11/10,4,optimal_numerical,True,jsonschema,compact,100000,91848,True,472737/10,47273.7,0.0,1.3395346000033896,148.1484375,external_check,0.6988669999991544,0.002794900006847456,0.047912199996062554,0.5636954999936279,0.013141400006134063,0.06524360000912566,91848,18581,16226,2368,0,0,0,0,0,1,1,16226,16226,32452,48678,36,ece0904d67bae5c4dc7a1207905c951c454a0e9e418f71f83dc44eac7359db2c
67,3,Preprocessed global MILP,11/10,4,optimal_numerical,True,jsonschema,compact,100000,91848,True,472737/10,47273.700000000004,0.0,0.8399788000097033,112.171875,external_check,0.1661893999989843,0.09144790000573266,0.0018306999991182238,0.0049543999921297655,0.00028569999267347157,0.06336590000137221,91848,18581,16226,2368,1868,420,15723,16146,420,39,459,3,3,160,240,235059/5,076b74647c729be6eba83388a6c5c0e45a45128fc15797223a4aee750939a353
68,3,Join-restricted MILP,11/10,4,optimal_numerical,True,jsonschema,compact,100000,91848,True,472737/10,47273.7,0.0,0.9288483999989694,127.07421875,between_stages,0.2763496999978088,0.002320500003406778,0.02777250000508502,0.1688033000100404,0.011468200013041496,0.061168699990957975,91848,18581,16226,2368,0,0,0,0,0,1,1,16226,2368,18594,20962,36,0234150dfa48b30b989e515bdd6dddbf7fd3bcf50383f23abb43f0fee0ae11fc
69,3,Join-restricted MILP,11/10,5,optimal_numerical,True,jsonschema,compact,100000,91848,True,472737/10,47273.7,0.0,0.9193006999994395,127.7734375,between_stages,0.2675682999979472,0.0026375000015832484,0.027783800003817305,0.15443120000418276,0.010985400003846735,0.06629719999909867,91848,18581,16226,2368,0,0,0,0,0,1,1,16226,2368,18594,20962,36,0234150dfa48b30b989e515bdd6dddbf7fd3bcf50383f23abb43f0fee0ae11fc
70,3,Global MILP baseline,11/10,5,optimal_numerical,True,jsonschema,compact,100000,91848,True,472737/10,47273.7,0.0,1.326530799997272,148.83984375,output_write,0.685746700008167,0.003341200004797429,0.046510700005455874,0.552557600007276,0.012482200007070787,0.06447270000353456,91848,18581,16226,2368,0,0,0,0,0,1,1,16226,16226,32452,48678,36,ece0904d67bae5c4dc7a1207905c951c454a0e9e418f71f83dc44eac7359db2c
71,3,Preprocessed global MILP,11/10,5,optimal_numerical,True,jsonschema,compact,100000,91848,True,472737/10,47273.700000000004,0.0,0.8629233999963617,111.82421875,between_stages,0.16832009999779984,0.09084380000422243,0.0017745999939506873,0.006055399993783794,0.00030279999191407114,0.06225590000394732,91848,18581,16226,2368,1868,420,15723,16146,420,39,459,3,3,160,240,235059/5,076b74647c729be6eba83388a6c5c0e45a45128fc15797223a4aee750939a353
72,4,Preprocessed global MILP,11/10,0,optimal_numerical,True,matplotlib,fielded,100000,130113,True,253848/5,50769.6,0.0,0.9283577000023797,123.73046875,between_stages,0.1700596000009682,0.08423899998888373,0.00320770000689663,0.006604900001548231,0.00030250000418163836,0.07182640000246465,130113,20699,17792,2881,2391,429,17269,17724,421,20,441,7,5,129,190,505801/10,9352841a497562158c51831bca24d36068bf35a26cebd1e5486b1265664e5d11
73,4,Global MILP baseline,11/10,0,optimal_numerical,True,matplotlib,fielded,100000,130113,True,253848/5,50769.6,0.0,1.8277232000109507,173.734375,between_stages,1.1029830999905244,0.00399509999260772,0.047234199999365956,0.9618900000059512,0.013010700000450015,0.07046609999088105,130113,20699,17792,2881,0,0,0,0,0,1,1,17792,17792,35584,53376,8,5645a828f684c42175abb7810bf6c496356e29cd004d46e3c26dfce2b0cf6d50
74,4,Join-restricted MILP,11/10,0,optimal_numerical,True,matplotlib,fielded,100000,130113,True,253848/5,50769.6,0.0,1.059080700011691,136.98046875,external_check,0.31617439999536145,0.0029003000090597197,0.029308199998922646,0.1929219000012381,0.010972300005960278,0.07401200001186226,130113,20699,17792,2881,0,0,0,0,0,1,1,17792,2881,20673,23554,8,2a2285784528a67b5f7b7c44fdde17299cd5427028cce84d36336713d5ade88c
75,4,Preprocessed global MILP,11/10,1,optimal_numerical,True,matplotlib,fielded,100000,130113,True,253848/5,50769.6,0.0,0.9140683000005083,123.6640625,between_stages,0.17843610000272747,0.08312260000093374,0.001821599988033995,0.00765319999482017,0.00025839998852461576,0.081754999991972,130113,20699,17792,2881,2391,429,17269,17724,421,20,441,7,5,129,190,505801/10,9352841a497562158c51831bca24d36068bf35a26cebd1e5486b1265664e5d11
76,4,Join-restricted MILP,11/10,1,optimal_numerical,True,matplotlib,fielded,100000,130113,True,253848/5,50769.6,0.0,1.0387011999991955,137.8515625,between_stages,0.30616249999729916,0.0023890000011306256,0.028679899987764657,0.18805390001216438,0.010758399992482737,0.07032060000346974,130113,20699,17792,2881,0,0,0,0,0,1,1,17792,2881,20673,23554,8,2a2285784528a67b5f7b7c44fdde17299cd5427028cce84d36336713d5ade88c
77,4,Global MILP baseline,11/10,1,optimal_numerical,True,matplotlib,fielded,100000,130113,True,253848/5,50769.6,0.0,1.8374446999951033,175.2109375,output_write,1.1056810000009136,0.0030119000002741814,0.04761980001057964,0.9481801000074483,0.01320780000241939,0.08531959999527317,130113,20699,17792,2881,0,0,0,0,0,1,1,17792,17792,35584,53376,8,5645a828f684c42175abb7810bf6c496356e29cd004d46e3c26dfce2b0cf6d50
78,4,Global MILP baseline,11/10,2,optimal_numerical,True,matplotlib,fielded,100000,130113,True,253848/5,50769.6,0.0,1.8439193999947747,177.97265625,output_write,1.0857944999879692,0.0031140000064624473,0.04809830000158399,0.9441047000000253,0.013023099993006326,0.07042000000365078,130113,20699,17792,2881,0,0,0,0,0,1,1,17792,17792,35584,53376,8,5645a828f684c42175abb7810bf6c496356e29cd004d46e3c26dfce2b0cf6d50
79,4,Join-restricted MILP,11/10,2,optimal_numerical,True,matplotlib,fielded,100000,130113,True,253848/5,50769.6,0.0,1.039622900003451,138.98046875,between_stages,0.30823290000262205,0.0022757999977329746,0.027980400001979433,0.18765550000534859,0.011621700003161095,0.0736478999897372,130113,20699,17792,2881,0,0,0,0,0,1,1,17792,2881,20673,23554,8,2a2285784528a67b5f7b7c44fdde17299cd5427028cce84d36336713d5ade88c
80,4,Preprocessed global MILP,11/10,2,optimal_numerical,True,matplotlib,fielded,100000,130113,True,253848/5,50769.6,0.0,0.9101516000082484,123.55859375,between_stages,0.16309190000174567,0.08118570000806358,0.001784299995051697,0.007127899996703491,0.00026139999681618065,0.06852620000427123,130113,20699,17792,2881,2391,429,17269,17724,421,20,441,7,5,129,190,505801/10,9352841a497562158c51831bca24d36068bf35a26cebd1e5486b1265664e5d11
81,4,Global MILP baseline,11/10,3,optimal_numerical,True,matplotlib,fielded,100000,130113,True,253848/5,50769.6,0.0,1.842974499988486,175.69140625,external_check,1.0874904999946011,0.0031541000062134117,0.055951800008188,0.9409591000003275,0.012770299988915212,0.06820300000254065,130113,20699,17792,2881,0,0,0,0,0,1,1,17792,17792,35584,53376,8,5645a828f684c42175abb7810bf6c496356e29cd004d46e3c26dfce2b0cf6d50
82,4,Preprocessed global MILP,11/10,3,optimal_numerical,True,matplotlib,fielded,100000,130113,True,253848/5,50769.6,0.0,0.905740699992748,124.265625,external_check,0.1740560999896843,0.09574859999702312,0.002947799992398359,0.006581900001037866,0.00029599999834317714,0.06504069999209605,130113,20699,17792,2881,2391,429,17269,17724,421,20,441,7,5,129,190,505801/10,9352841a497562158c51831bca24d36068bf35a26cebd1e5486b1265664e5d11
83,4,Join-restricted MILP,11/10,3,optimal_numerical,True,matplotlib,fielded,100000,130113,True,253848/5,50769.6,0.0,1.0817600000009406,139.6484375,between_stages,0.31985549999808427,0.002401100005954504,0.027668700000504032,0.19781399999919813,0.011092500004451722,0.07453299999178853,130113,20699,17792,2881,0,0,0,0,0,1,1,17792,2881,20673,23554,8,2a2285784528a67b5f7b7c44fdde17299cd5427028cce84d36336713d5ade88c
84,4,Join-restricted MILP,11/10,4,optimal_numerical,True,matplotlib,fielded,100000,130113,True,253848/5,50769.6,0.0,1.044301700007054,137.41796875,between_stages,0.31472670000221115,0.002492899991921149,0.028120200004195794,0.19831780000822619,0.010828499987837858,0.06970100000035018,130113,20699,17792,2881,0,0,0,0,0,1,1,17792,2881,20673,23554,8,2a2285784528a67b5f7b7c44fdde17299cd5427028cce84d36336713d5ade88c
85,4,Global MILP baseline,11/10,4,optimal_numerical,True,matplotlib,fielded,100000,130113,True,253848/5,50769.6,0.0,1.8136004999978468,175.8203125,external_check,1.08733470000152,0.00324469999759458,0.04844450000382494,0.9425456000026315,0.013749599995207973,0.0697710999957053,130113,20699,17792,2881,0,0,0,0,0,1,1,17792,17792,35584,53376,8,5645a828f684c42175abb7810bf6c496356e29cd004d46e3c26dfce2b0cf6d50
86,4,Preprocessed global MILP,11/10,4,optimal_numerical,True,matplotlib,fielded,100000,130113,True,253848/5,50769.6,0.0,0.9052135000092676,123.87109375,external_check,0.17186679999576882,0.08362069999566302,0.002239900000859052,0.006629899988183752,0.0002390000008745119,0.07522189999872353,130113,20699,17792,2881,2391,429,17269,17724,421,20,441,7,5,129,190,505801/10,9352841a497562158c51831bca24d36068bf35a26cebd1e5486b1265664e5d11
87,4,Join-restricted MILP,11/10,5,optimal_numerical,True,matplotlib,fielded,100000,130113,True,253848/5,50769.6,0.0,1.046952800010331,140.09765625,external_check,0.3144568999996409,0.002387000000453554,0.028280799990170635,0.19095080000988673,0.011970399995334446,0.0755211999930907,130113,20699,17792,2881,0,0,0,0,0,1,1,17792,2881,20673,23554,8,2a2285784528a67b5f7b7c44fdde17299cd5427028cce84d36336713d5ade88c
88,4,Preprocessed global MILP,11/10,5,optimal_numerical,True,matplotlib,fielded,100000,130113,True,253848/5,50769.6,0.0,0.8864733999944292,122.765625,between_stages,0.16956080000090878,0.08393779999460094,0.001983699999982491,0.00660500000230968,0.0002714000002015382,0.07309510000050068,130113,20699,17792,2881,2391,429,17269,17724,421,20,441,7,5,129,190,505801/10,9352841a497562158c51831bca24d36068bf35a26cebd1e5486b1265664e5d11
89,4,Global MILP baseline,11/10,5,optimal_numerical,True,matplotlib,fielded,100000,130113,True,253848/5,50769.6,0.0,1.8542627999995602,175.18359375,between_stages,1.1042057999875396,0.0034518000029493123,0.051473999992595054,0.9458884999912698,0.017282800006796606,0.07941390000632964,130113,20699,17792,2881,0,0,0,0,0,1,1,17792,17792,35584,53376,8,5645a828f684c42175abb7810bf6c496356e29cd004d46e3c26dfce2b0cf6d50
90,5,Preprocessed global MILP,11/10,0,optimal_numerical,True,pydantic,fielded,100000,106808,True,493099/10,49309.9,0.0,0.8863624000077834,124.2578125,between_stages,0.1956655999965733,0.10627750000276137,0.0022173999896040186,0.010354099998949096,0.00035930000012740493,0.06844129999808501,106808,25891,23855,3131,2179,830,22844,23720,827,41,868,5,4,257,379,489329/10,61ff84ddfc8ec1f323a4ee6dce8ba7e1dabb4ad82fb326d56c7aa3308d43e099
91,5,Join-restricted MILP,11/10,0,optimal_numerical,True,pydantic,fielded,100000,106808,True,493099/10,49309.9,0.0,1.394847599993227,149.234375,between_stages,0.6906549999985145,0.0034137000038754195,0.03958080000302289,0.5471479999978328,0.014779499993892387,0.07478019999689423,106808,25891,23855,3131,0,0,0,0,0,1,1,23855,3131,26986,30117,13,b9f786c73ced34dc9f3c0e9f8cd8522efcd0a4fc4f0c70828efcca78d2353b60
92,5,Global MILP baseline,11/10,0,optimal_numerical,True,pydantic,fielded,100000,106808,True,493099/10,49309.9,0.0,3.0405065000086324,194.70703125,external_check,2.334033499995712,0.00398259999928996,0.06756869998935144,2.1666744999965886,0.017881200008559972,0.06858169999031816,106808,25891,23855,3131,0,0,0,0,0,1,1,23855,23855,47710,71565,13,f11a8fa50928d15f611f2246fabff99fe28e66af9e2292218464cab51bebc2be
93,5,Global MILP baseline,11/10,1,optimal_numerical,True,pydantic,fielded,100000,106808,True,493099/10,49309.9,0.0,2.9897165000002133,193.4140625,between_stages,2.2866234999964945,0.004087900000740774,0.07190049999917392,2.111457499995595,0.016873499989742413,0.07276869998895563,106808,25891,23855,3131,0,0,0,0,0,1,1,23855,23855,47710,71565,13,f11a8fa50928d15f611f2246fabff99fe28e66af9e2292218464cab51bebc2be
94,5,Join-restricted MILP,11/10,1,optimal_numerical,True,pydantic,fielded,100000,106808,True,493099/10,49309.9,0.0,1.414015100002871,149.9921875,between_stages,0.7009883999999147,0.003147399998852052,0.04016209999099374,0.563978699996369,0.015586800000164658,0.07033960000262596,106808,25891,23855,3131,0,0,0,0,0,1,1,23855,3131,26986,30117,13,b9f786c73ced34dc9f3c0e9f8cd8522efcd0a4fc4f0c70828efcca78d2353b60
95,5,Preprocessed global MILP,11/10,1,optimal_numerical,True,pydantic,fielded,100000,106808,True,493099/10,49309.9,0.0,0.8879351000068709,121.515625,between_stages,0.18999679999251384,0.10693219999666326,0.0020077999943168834,0.008136900010867976,0.0004005999944638461,0.06841749999148306,106808,25891,23855,3131,2179,830,22844,23720,827,41,868,5,4,257,379,489329/10,61ff84ddfc8ec1f323a4ee6dce8ba7e1dabb4ad82fb326d56c7aa3308d43e099
96,5,Global MILP baseline,11/10,2,optimal_numerical,True,pydantic,fielded,100000,106808,True,493099/10,49309.9,0.0,3.0566460999980336,194.48046875,output_write,2.315554200002225,0.0038763000047765672,0.06972820000373758,2.1495402000000468,0.016947800002526492,0.06650529999751598,106808,25891,23855,3131,0,0,0,0,0,1,1,23855,23855,47710,71565,13,f11a8fa50928d15f611f2246fabff99fe28e66af9e2292218464cab51bebc2be
97,5,Preprocessed global MILP,11/10,2,optimal_numerical,True,pydantic,fielded,100000,106808,True,493099/10,49309.9,0.0,0.9212157000001753,122.5546875,between_stages,0.19208019999496173,0.10727120000228751,0.0020816000032937154,0.008505399993737228,0.000338400001055561,0.06982259999495,106808,25891,23855,3131,2179,830,22844,23720,827,41,868,5,4,257,379,489329/10,61ff84ddfc8ec1f323a4ee6dce8ba7e1dabb4ad82fb326d56c7aa3308d43e099
98,5,Join-restricted MILP,11/10,2,optimal_numerical,True,pydantic,fielded,100000,106808,True,493099/10,49309.9,0.0,1.4122126000002027,150.05859375,output_write,0.7164305000042077,0.002980199991725385,0.04150020000815857,0.5742147999990266,0.014965100010158494,0.07427509999251924,106808,25891,23855,3131,0,0,0,0,0,1,1,23855,3131,26986,30117,13,b9f786c73ced34dc9f3c0e9f8cd8522efcd0a4fc4f0c70828efcca78d2353b60
99,5,Join-restricted MILP,11/10,3,optimal_numerical,True,pydantic,fielded,100000,106808,True,493099/10,49309.9,0.0,1.3996560999948997,151.0234375,between_stages,0.706988599995384,0.0029255000117700547,0.03981560000102036,0.5717440000007628,0.015182500006631017,0.06927980000909884,106808,25891,23855,3131,0,0,0,0,0,1,1,23855,3131,26986,30117,13,b9f786c73ced34dc9f3c0e9f8cd8522efcd0a4fc4f0c70828efcca78d2353b60
100,5,Global MILP baseline,11/10,3,optimal_numerical,True,pydantic,fielded,100000,106808,True,493099/10,49309.9,0.0,3.002028600007179,192.49609375,between_stages,2.3020825999992667,0.0037203000101726502,0.06855300000461284,2.1169009000004735,0.018031499988865107,0.08469709999917541,106808,25891,23855,3131,0,0,0,0,0,1,1,23855,23855,47710,71565,13,f11a8fa50928d15f611f2246fabff99fe28e66af9e2292218464cab51bebc2be
101,5,Preprocessed global MILP,11/10,3,optimal_numerical,True,pydantic,fielded,100000,106808,True,493099/10,49309.9,0.0,0.9214627000037581,125.109375,output_write,0.20016720000421628,0.11441449999983888,0.0022480000043287873,0.00991640001302585,0.00035620000562630594,0.06859629999962635,106808,25891,23855,3131,2179,830,22844,23720,827,41,868,5,4,257,379,489329/10,61ff84ddfc8ec1f323a4ee6dce8ba7e1dabb4ad82fb326d56c7aa3308d43e099
102,5,Join-restricted MILP,11/10,4,optimal_numerical,True,pydantic,fielded,100000,106808,True,493099/10,49309.9,0.0,1.4263432000007015,149.41796875,between_stages,0.6856455999950413,0.0026519999955780804,0.03879519998736214,0.5525201999989804,0.01550340000540018,0.0688601000001654,106808,25891,23855,3131,0,0,0,0,0,1,1,23855,3131,26986,30117,13,b9f786c73ced34dc9f3c0e9f8cd8522efcd0a4fc4f0c70828efcca78d2353b60
103,5,Preprocessed global MILP,11/10,4,optimal_numerical,True,pydantic,fielded,100000,106808,True,493099/10,49309.9,0.0,0.8894593000004534,123.50390625,between_stages,0.19398459998774342,0.10634889999346342,0.0021755000052507967,0.008561100010410883,0.00044800000614486635,0.06930079999438021,106808,25891,23855,3131,2179,830,22844,23720,827,41,868,5,4,257,379,489329/10,61ff84ddfc8ec1f323a4ee6dce8ba7e1dabb4ad82fb326d56c7aa3308d43e099
104,5,Global MILP baseline,11/10,4,optimal_numerical,True,pydantic,fielded,100000,106808,True,493099/10,49309.9,0.0,3.0933082999981707,191.28125,between_stages,2.3143498999997973,0.0038585000002058223,0.06716600000800099,2.142667399995844,0.01705779999610968,0.0742067999963183,106808,25891,23855,3131,0,0,0,0,0,1,1,23855,23855,47710,71565,13,f11a8fa50928d15f611f2246fabff99fe28e66af9e2292218464cab51bebc2be
105,5,Preprocessed global MILP,11/10,5,optimal_numerical,True,pydantic,fielded,100000,106808,True,493099/10,49309.9,0.0,0.8948281000048155,124.16015625,external_check,0.19585379998898134,0.10869569999340456,0.0024622999917482957,0.00923490000423044,0.0003744999994523823,0.07074939999438357,106808,25891,23855,3131,2179,830,22844,23720,827,41,868,5,4,257,379,489329/10,61ff84ddfc8ec1f323a4ee6dce8ba7e1dabb4ad82fb326d56c7aa3308d43e099
106,5,Global MILP baseline,11/10,5,optimal_numerical,True,pydantic,fielded,100000,106808,True,493099/10,49309.9,0.0,3.035604400007287,191.671875,between_stages,2.312932999993791,0.003999300010036677,0.06925020000198856,2.1398545000120066,0.017966599989449605,0.07084689999464899,106808,25891,23855,3131,0,0,0,0,0,1,1,23855,23855,47710,71565,13,f11a8fa50928d15f611f2246fabff99fe28e66af9e2292218464cab51bebc2be
107,5,Join-restricted MILP,11/10,5,optimal_numerical,True,pydantic,fielded,100000,106808,True,493099/10,49309.9,0.0,1.4118684999994002,150.94921875,output_write,0.6982726999995066,0.00296840000373777,0.03878220000478905,0.5622487000073306,0.015925500003504567,0.07068489999801386,106808,25891,23855,3131,0,0,0,0,0,1,1,23855,3131,26986,30117,13,b9f786c73ced34dc9f3c0e9f8cd8522efcd0a4fc4f0c70828efcca78d2353b60
108,6,Global MILP baseline,11/10,0,optimal_numerical,True,aiohttp,fielded,100000,105182,True,237831/5,47566.2,0.0,2.403402299998561,187.65234375,between_stages,1.6947753999993438,0.003368999998201616,0.0642884000117192,1.5295039999909932,0.01673540000047069,0.06872759999532718,105182,24283,22360,3221,0,0,0,0,0,1,1,22360,22360,44720,67080,17,bdf2a3dd3d5b1fd684ba8b946d8b3137d1fe12612cf2282a372414abb0d9e994
109,6,Join-restricted MILP,11/10,0,optimal_numerical,True,aiohttp,fielded,100000,105182,True,237831/5,47566.2,0.0,1.446410399992601,145.69140625,external_check,0.7446302999887848,0.002966300002299249,0.03913619999366347,0.6075835000083316,0.015987000006134622,0.0701312000019243,105182,24283,22360,3221,0,0,0,0,0,1,1,22360,3221,25581,28802,17,8bb1295129ed2a44766f5cf25151c212f4e6bb33f12af8e1994f3312502019f8
110,6,Preprocessed global MILP,11/10,0,optimal_numerical,True,aiohttp,fielded,100000,105182,True,237831/5,47566.200000000004,0.0,0.8811405000014929,122.99609375,external_check,0.19658350000099745,0.11271440000564326,0.002273199992487207,0.009882600003038533,0.0004621999978553504,0.06697369999892544,105182,24283,22360,3221,2033,1043,21096,22194,1034,47,1081,6,5,311,456,471113/10,665651a23c9a99041fb2cb5f56738e0d22ff6e9428aa94b07ecf3a316a5431a5
111,6,Global MILP baseline,11/10,1,optimal_numerical,True,aiohttp,fielded,100000,105182,True,237831/5,47566.2,0.0,2.4164472999982536,188.5703125,external_check,1.7008683000021847,0.003580899996450171,0.06421039999986533,1.5373231999983545,0.017203700001118705,0.06931949999125209,105182,24283,22360,3221,0,0,0,0,0,1,1,22360,22360,44720,67080,17,bdf2a3dd3d5b1fd684ba8b946d8b3137d1fe12612cf2282a372414abb0d9e994
112,6,Preprocessed global MILP,11/10,1,optimal_numerical,True,aiohttp,fielded,100000,105182,True,237831/5,47566.200000000004,0.0,0.8916477000020677,122.0078125,external_check,0.19455670000752434,0.10905009999987669,0.0024240000057034194,0.010225000005448237,0.0004054000019095838,0.06846990001213271,105182,24283,22360,3221,2033,1043,21096,22194,1034,47,1081,6,5,311,456,471113/10,665651a23c9a99041fb2cb5f56738e0d22ff6e9428aa94b07ecf3a316a5431a5
113,6,Join-restricted MILP,11/10,1,optimal_numerical,True,aiohttp,fielded,100000,105182,True,237831/5,47566.2,0.0,1.4725749000062933,145.16015625,between_stages,0.7286885000066832,0.0032007000118028373,0.03840960000525229,0.5935059999901569,0.014606600001570769,0.07147099998837803,105182,24283,22360,3221,0,0,0,0,0,1,1,22360,3221,25581,28802,17,8bb1295129ed2a44766f5cf25151c212f4e6bb33f12af8e1994f3312502019f8
114,6,Join-restricted MILP,11/10,2,optimal_numerical,True,aiohttp,fielded,100000,105182,True,237831/5,47566.2,0.0,1.4115146999974968,143.15234375,between_stages,0.7262663000001339,0.002842300003976561,0.03732020000461489,0.5934422999998787,0.014952199999243021,0.07032870000693947,105182,24283,22360,3221,0,0,0,0,0,1,1,22360,3221,25581,28802,17,8bb1295129ed2a44766f5cf25151c212f4e6bb33f12af8e1994f3312502019f8
115,6,Global MILP baseline,11/10,2,optimal_numerical,True,aiohttp,fielded,100000,105182,True,237831/5,47566.2,0.0,2.404856099994504,188.12890625,between_stages,1.7104352000023937,0.004239699992467649,0.06392229998891708,1.5461424000095576,0.01646420000179205,0.07006189999810886,105182,24283,22360,3221,0,0,0,0,0,1,1,22360,22360,44720,67080,17,bdf2a3dd3d5b1fd684ba8b946d8b3137d1fe12612cf2282a372414abb0d9e994
116,6,Preprocessed global MILP,11/10,2,optimal_numerical,True,aiohttp,fielded,100000,105182,True,237831/5,47566.200000000004,0.0,0.8788931000017328,122.3515625,between_stages,0.1938728999957675,0.10437420000380371,0.005326700003934093,0.009779800006072037,0.000371000001905486,0.06946080000489019,105182,24283,22360,3221,2033,1043,21096,22194,1034,47,1081,6,5,311,456,471113/10,665651a23c9a99041fb2cb5f56738e0d22ff6e9428aa94b07ecf3a316a5431a5
117,6,Join-restricted MILP,11/10,3,optimal_numerical,True,aiohttp,fielded,100000,105182,True,237831/5,47566.2,0.0,1.4621765000047162,145.33984375,between_stages,0.7392524000024423,0.002783599993563257,0.0384864999941783,0.5957188000029419,0.014685899994219653,0.08037989999866113,105182,24283,22360,3221,0,0,0,0,0,1,1,22360,3221,25581,28802,17,8bb1295129ed2a44766f5cf25151c212f4e6bb33f12af8e1994f3312502019f8
118,6,Preprocessed global MILP,11/10,3,optimal_numerical,True,aiohttp,fielded,100000,105182,True,237831/5,47566.200000000004,0.0,0.9196646999916993,120.7890625,between_stages,0.20110350000322796,0.11121209998964332,0.0023249000078067183,0.009959400005755015,0.0004031999997096136,0.07292609999421984,105182,24283,22360,3221,2033,1043,21096,22194,1034,47,1081,6,5,311,456,471113/10,665651a23c9a99041fb2cb5f56738e0d22ff6e9428aa94b07ecf3a316a5431a5
119,6,Global MILP baseline,11/10,3,optimal_numerical,True,aiohttp,fielded,100000,105182,True,237831/5,47566.2,0.0,2.444209500012221,186.984375,between_stages,1.7159759000060149,0.004262300004484132,0.06427319999784231,1.5481118000025162,0.016225900006247684,0.07327779999468476,105182,24283,22360,3221,0,0,0,0,0,1,1,22360,22360,44720,67080,17,bdf2a3dd3d5b1fd684ba8b946d8b3137d1fe12612cf2282a372414abb0d9e994
120,6,Preprocessed global MILP,11/10,4,optimal_numerical,True,aiohttp,fielded,100000,105182,True,237831/5,47566.200000000004,0.0,0.8762150999973528,119.671875,between_stages,0.19180649999179877,0.10576970000693109,0.002136299997800961,0.010918500003754161,0.000407900006393902,0.06778670000494458,105182,24283,22360,3221,2033,1043,21096,22194,1034,47,1081,6,5,311,456,471113/10,665651a23c9a99041fb2cb5f56738e0d22ff6e9428aa94b07ecf3a316a5431a5
121,6,Global MILP baseline,11/10,4,optimal_numerical,True,aiohttp,fielded,100000,105182,True,237831/5,47566.2,0.0,2.4786754999950062,188.453125,between_stages,1.7402251000021352,0.003652599989436567,0.06813070000498556,1.5677371000056155,0.017154399989522062,0.07390450000821147,105182,24283,22360,3221,0,0,0,0,0,1,1,22360,22360,44720,67080,17,bdf2a3dd3d5b1fd684ba8b946d8b3137d1fe12612cf2282a372414abb0d9e994
122,6,Join-restricted MILP,11/10,4,optimal_numerical,True,aiohttp,fielded,100000,105182,True,237831/5,47566.2,0.0,1.4449656999931904,146.671875,between_stages,0.7506079000013415,0.0025864000053843483,0.03767360000347253,0.616298499997356,0.015549800009466708,0.07067980000283569,105182,24283,22360,3221,0,0,0,0,0,1,1,22360,3221,25581,28802,17,8bb1295129ed2a44766f5cf25151c212f4e6bb33f12af8e1994f3312502019f8
123,6,Preprocessed global MILP,11/10,5,optimal_numerical,True,aiohttp,fielded,100000,105182,True,237831/5,47566.200000000004,0.0,0.9125160000112373,121.04296875,between_stages,0.19789870000386145,0.10560119998990558,0.0021068000060040504,0.011231499986024573,0.00037459998566191643,0.07434209999337327,105182,24283,22360,3221,2033,1043,21096,22194,1034,47,1081,6,5,311,456,471113/10,665651a23c9a99041fb2cb5f56738e0d22ff6e9428aa94b07ecf3a316a5431a5
124,6,Join-restricted MILP,11/10,5,optimal_numerical,True,aiohttp,fielded,100000,105182,True,237831/5,47566.2,0.0,1.4489728000044124,145.6328125,between_stages,0.743448699999135,0.003063800002564676,0.03886499999498483,0.6066939000011189,0.015011299998150207,0.06925970000156667,105182,24283,22360,3221,0,0,0,0,0,1,1,22360,3221,25581,28802,17,8bb1295129ed2a44766f5cf25151c212f4e6bb33f12af8e1994f3312502019f8
125,6,Global MILP baseline,11/10,5,optimal_numerical,True,aiohttp,fielded,100000,105182,True,237831/5,47566.2,0.0,2.4099245999968844,187.8671875,between_stages,1.7054241000005277,0.004467799997655675,0.06357080000452697,1.5428289999981644,0.016638000000966713,0.06806020000658464,105182,24283,22360,3221,0,0,0,0,0,1,1,22360,22360,44720,67080,17,bdf2a3dd3d5b1fd684ba8b946d8b3137d1fe12612cf2282a372414abb0d9e994
126,7,Global MILP baseline,11/10,0,optimal_numerical,True,jsonschema,fielded,100000,101506,True,407101/10,40710.1,0.0,2.1897726000024704,182.51171875,between_stages,1.527141299986397,0.0035567000013543293,0.05666009998822119,1.3789520999998786,0.01520340000570286,0.06383379999897443,101506,21422,19669,2269,0,0,0,0,0,1,1,19669,19669,39338,59007,33,aeb32a04f86ef10343a3b4addcf0a44d4aad2ccc489feccc8608fc49c5f0bf74
127,7,Preprocessed global MILP,11/10,0,optimal_numerical,True,jsonschema,fielded,100000,101506,True,407101/10,40710.1,0.0,0.8700902000127826,116.80078125,external_check,0.19203940000443254,0.10677690000738949,0.0028661000105785206,0.009045200000400655,0.00036299999919719994,0.0688129000045592,101506,21422,19669,2269,1596,593,18950,19582,586,27,613,6,6,167,247,202298/5,e6114f869bb594e660043434b919d2ee664b09f6bf3be41086f4105895e1559f
128,7,Join-restricted MILP,11/10,0,optimal_numerical,True,jsonschema,fielded,100000,101506,True,407101/10,40710.1,0.0,1.2271558999927947,138.66796875,external_check,0.4883250999992015,0.002471500003593974,0.03231640000012703,0.3547316000040155,0.013806499991915189,0.07493539999995846,101506,21422,19669,2269,0,0,0,0,0,1,1,19669,2269,21938,24207,33,f70234b82f0d34ab9b5cb5ae95607e08d7c4db598267af99bb660256b670aa5a
129,7,Join-restricted MILP,11/10,1,optimal_numerical,True,jsonschema,fielded,100000,101506,True,407101/10,40710.1,0.0,1.2089985000056913,141.10546875,between_stages,0.48762400000123307,0.0031072999991010875,0.03417959999933373,0.36247809999622405,0.013245000009192154,0.06724550000217278,101506,21422,19669,2269,0,0,0,0,0,1,1,19669,2269,21938,24207,33,f70234b82f0d34ab9b5cb5ae95607e08d7c4db598267af99bb660256b670aa5a
130,7,Global MILP baseline,11/10,1,optimal_numerical,True,jsonschema,fielded,100000,101506,True,407101/10,40710.1,0.0,2.2346099999995204,183.8984375,external_check,1.5390745000040624,0.003833100010524504,0.060127899996587075,1.378759600003832,0.016055799991590902,0.07053230000019539,101506,21422,19669,2269,0,0,0,0,0,1,1,19669,19669,39338,59007,33,aeb32a04f86ef10343a3b4addcf0a44d4aad2ccc489feccc8608fc49c5f0bf74
131,7,Preprocessed global MILP,11/10,1,optimal_numerical,True,jsonschema,fielded,100000,101506,True,407101/10,40710.1,0.0,0.8482828999985941,116.3046875,between_stages,0.18627039999410044,0.10380139999324456,0.0019354999967617914,0.010469499989994802,0.0002989999920828268,0.06621580000501126,101506,21422,19669,2269,1596,593,18950,19582,586,27,613,6,6,167,247,202298/5,e6114f869bb594e660043434b919d2ee664b09f6bf3be41086f4105895e1559f
132,7,Join-restricted MILP,11/10,2,optimal_numerical,True,jsonschema,fielded,100000,101506,True,407101/10,40710.1,0.0,1.2069543999969028,138.328125,between_stages,0.5186206000071252,0.0027788000006694347,0.032829399991896935,0.35824819999106694,0.040030099989962764,0.07762530000763945,101506,21422,19669,2269,0,0,0,0,0,1,1,19669,2269,21938,24207,33,f70234b82f0d34ab9b5cb5ae95607e08d7c4db598267af99bb660256b670aa5a
133,7,Preprocessed global MILP,11/10,2,optimal_numerical,True,jsonschema,fielded,100000,101506,True,407101/10,40710.1,0.0,0.8675328999961494,116.53125,external_check,0.19044310000026599,0.09656199999153614,0.0025647000002209097,0.010897400003159419,0.00031519999902229756,0.0760489999956917,101506,21422,19669,2269,1596,593,18950,19582,586,27,613,6,6,167,247,202298/5,e6114f869bb594e660043434b919d2ee664b09f6bf3be41086f4105895e1559f
134,7,Global MILP baseline,11/10,2,optimal_numerical,True,jsonschema,fielded,100000,101506,True,407101/10,40710.1,0.0,2.24927650000609,181.72265625,between_stages,1.5541960999980802,0.0034321999992243946,0.056060899994918145,1.3969644000026165,0.015304899992770515,0.07359490000817459,101506,21422,19669,2269,0,0,0,0,0,1,1,19669,19669,39338,59007,33,aeb32a04f86ef10343a3b4addcf0a44d4aad2ccc489feccc8608fc49c5f0bf74
135,7,Preprocessed global MILP,11/10,3,optimal_numerical,True,jsonschema,fielded,100000,101506,True,407101/10,40710.1,0.0,0.9071674000006169,116.859375,between_stages,0.186273400002392,0.10047920000215527,0.00226910000492353,0.009353100002044812,0.00035700001171790063,0.06980080000357702,101506,21422,19669,2269,1596,593,18950,19582,586,27,613,6,6,167,247,202298/5,e6114f869bb594e660043434b919d2ee664b09f6bf3be41086f4105895e1559f
136,7,Global MILP baseline,11/10,3,optimal_numerical,True,jsonschema,fielded,100000,101506,True,407101/10,40710.1,0.0,2.307676899989019,181.6953125,between_stages,1.5870315999927698,0.003380699999979697,0.05969360000744928,1.4184757000039099,0.01617380000243429,0.07931139999709558,101506,21422,19669,2269,0,0,0,0,0,1,1,19669,19669,39338,59007,33,aeb32a04f86ef10343a3b4addcf0a44d4aad2ccc489feccc8608fc49c5f0bf74
137,7,Join-restricted MILP,11/10,3,optimal_numerical,True,jsonschema,fielded,100000,101506,True,407101/10,40710.1,0.0,1.198378799992497,141.4609375,between_stages,0.49025350000010803,0.005211099996813573,0.03323510001064278,0.36163880000822246,0.013253099998109974,0.0691860000079032,101506,21422,19669,2269,0,0,0,0,0,1,1,19669,2269,21938,24207,33,f70234b82f0d34ab9b5cb5ae95607e08d7c4db598267af99bb660256b670aa5a
138,7,Preprocessed global MILP,11/10,4,optimal_numerical,True,jsonschema,fielded,100000,101506,True,407101/10,40710.1,0.0,0.8509852999995928,116.5625,external_check,0.18356010000570677,0.09767049999209121,0.0022456000006059185,0.010116999997990206,0.00030450000485870987,0.06912670000747312,101506,21422,19669,2269,1596,593,18950,19582,586,27,613,6,6,167,247,202298/5,e6114f869bb594e660043434b919d2ee664b09f6bf3be41086f4105895e1559f
139,7,Join-restricted MILP,11/10,4,optimal_numerical,True,jsonschema,fielded,100000,101506,True,407101/10,40710.1,0.0,1.1540630999952555,140.6171875,between_stages,0.4840723999950569,0.0026448999997228384,0.03277849999722093,0.3554084000061266,0.013860800012480468,0.07215449999785051,101506,21422,19669,2269,0,0,0,0,0,1,1,19669,2269,21938,24207,33,f70234b82f0d34ab9b5cb5ae95607e08d7c4db598267af99bb660256b670aa5a
140,7,Global MILP baseline,11/10,4,optimal_numerical,True,jsonschema,fielded,100000,101506,True,407101/10,40710.1,0.0,2.28024639999785,182.671875,output_write,1.5564310000045225,0.003477200007182546,0.05651660000148695,1.4018463000102201,0.015517100007855333,0.06936480000149459,101506,21422,19669,2269,0,0,0,0,0,1,1,19669,19669,39338,59007,33,aeb32a04f86ef10343a3b4addcf0a44d4aad2ccc489feccc8608fc49c5f0bf74
141,7,Global MILP baseline,11/10,5,optimal_numerical,True,jsonschema,fielded,100000,101506,True,407101/10,40710.1,0.0,2.211760800011689,181.890625,output_write,1.5141625000105705,0.00348400000075344,0.056689999997615814,1.3601124999986496,0.015566900008707307,0.06986039999173954,101506,21422,19669,2269,0,0,0,0,0,1,1,19669,19669,39338,59007,33,aeb32a04f86ef10343a3b4addcf0a44d4aad2ccc489feccc8608fc49c5f0bf74
142,7,Join-restricted MILP,11/10,5,optimal_numerical,True,jsonschema,fielded,100000,101506,True,407101/10,40710.1,0.0,1.1870389999967301,140.546875,between_stages,0.48863940000592265,0.0024053000088315457,0.03260739998950157,0.36796410000533797,0.01347360000363551,0.06413270000484772,101506,21422,19669,2269,0,0,0,0,0,1,1,19669,2269,21938,24207,33,f70234b82f0d34ab9b5cb5ae95607e08d7c4db598267af99bb660256b670aa5a
143,7,Preprocessed global MILP,11/10,5,optimal_numerical,True,jsonschema,fielded,100000,101506,True,407101/10,40710.1,0.0,0.8681247999920743,116.6640625,between_stages,0.18682370000169612,0.10027679998893291,0.0019115000031888485,0.008770700005698018,0.00032210000790655613,0.07140260000596754,101506,21422,19669,2269,1596,593,18950,19582,586,27,613,6,6,167,247,202298/5,e6114f869bb594e660043434b919d2ee664b09f6bf3be41086f4105895e1559f
144,8,Join-restricted MILP,5/4,0,optimal_numerical,True,matplotlib,compact,100000,109859,True,303777/4,75944.25,0.0,1.0137318000051891,135.84765625,between_stages,0.27001649999874644,0.0027929999923799187,0.03134870000940282,0.08227630000328645,0.01381079999555368,0.13131899999279995,109859,34952,23711,2400,0,0,0,0,0,1,1,23711,2400,26111,28511,9,97b467516f2205033a2f9f3716874235914529e146d247d7845d762d6127ff90
145,8,Global MILP baseline,5/4,0,optimal_numerical,True,matplotlib,compact,100000,109859,True,303777/4,75944.25,0.0,1.0452074999921024,158.7578125,output_write,0.33900399999402,0.004646999994292855,0.058609900006558746,0.13373409998894203,0.016216400006669573,0.11610919999657199,109859,34952,23711,2400,0,0,0,0,0,1,1,23711,23711,47422,71133,9,512ab168dc0aeec960b640652b6894ae503cd4e9720a7616b481cb4b7781cd8e
146,8,Preprocessed global MILP,5/4,0,optimal_numerical,True,matplotlib,compact,100000,109859,True,303777/4,75944.25,0.0,0.95093690000067,134.265625,between_stages,0.21410010001272894,0.09590419998858124,0.0018259000062244013,0.004494000007980503,0.00016039999900385737,0.10772390000056475,109859,34952,23711,2400,1684,697,22993,23692,697,9,706,3,3,38,57,75881,01be878c555b40e144f50231e743694e4132e48bd856c31cb574bc80987d7b50
147,8,Join-restricted MILP,5/4,1,optimal_numerical,True,matplotlib,compact,100000,109859,True,303777/4,75944.25,0.0,0.9688400000013644,138.9375,output_write,0.24973799999861512,0.0027958999999100342,0.03188469998713117,0.08096010000735987,0.013274099997943267,0.1103486000065459,109859,34952,23711,2400,0,0,0,0,0,1,1,23711,2400,26111,28511,9,97b467516f2205033a2f9f3716874235914529e146d247d7845d762d6127ff90
148,8,Preprocessed global MILP,5/4,1,optimal_numerical,True,matplotlib,compact,100000,109859,True,303777/4,75944.25,0.0,0.974228499995661,133.76953125,between_stages,0.2360550999874249,0.10313789999054279,0.0021527000062633306,0.0038662999868392944,0.0002128999913111329,0.12236480000137817,109859,34952,23711,2400,1684,697,22993,23692,697,9,706,3,3,38,57,75881,01be878c555b40e144f50231e743694e4132e48bd856c31cb574bc80987d7b50
149,8,Global MILP baseline,5/4,1,optimal_numerical,True,matplotlib,compact,100000,109859,True,303777/4,75944.25,0.0,1.1147983000118984,158.50390625,between_stages,0.34624949999852106,0.00405509999836795,0.0582667999988189,0.14665270000114106,0.016654299994115718,0.1114233999978751,109859,34952,23711,2400,0,0,0,0,0,1,1,23711,23711,47422,71133,9,512ab168dc0aeec960b640652b6894ae503cd4e9720a7616b481cb4b7781cd8e
150,8,Preprocessed global MILP,5/4,2,optimal_numerical,True,matplotlib,compact,100000,109859,True,303777/4,75944.25,0.0,0.9520584999991115,133.640625,between_stages,0.21208529999421444,0.09290380000311416,0.004871800003456883,0.003910600004019216,0.00023239999427460134,0.10580479999771342,109859,34952,23711,2400,1684,697,22993,23692,697,9,706,3,3,38,57,75881,01be878c555b40e144f50231e743694e4132e48bd856c31cb574bc80987d7b50
151,8,Global MILP baseline,5/4,2,optimal_numerical,True,matplotlib,compact,100000,109859,True,303777/4,75944.25,0.0,1.0576631000003545,156.71484375,between_stages,0.32902020000619814,0.00405890001275111,0.0580991000024369,0.13349579999339767,0.0153273000032641,0.1081590999965556,109859,34952,23711,2400,0,0,0,0,0,1,1,23711,23711,47422,71133,9,512ab168dc0aeec960b640652b6894ae503cd4e9720a7616b481cb4b7781cd8e
152,8,Join-restricted MILP,5/4,2,optimal_numerical,True,matplotlib,compact,100000,109859,True,303777/4,75944.25,0.0,0.9638736999913817,138.09375,between_stages,0.24582290000398643,0.003223699997761287,0.03019279999716673,0.07964989999891259,0.01371520000975579,0.11130419999244623,109859,34952,23711,2400,0,0,0,0,0,1,1,23711,2400,26111,28511,9,97b467516f2205033a2f9f3716874235914529e146d247d7845d762d6127ff90
153,8,Preprocessed global MILP,5/4,3,optimal_numerical,True,matplotlib,compact,100000,109859,True,303777/4,75944.25,0.0,0.9542510000028415,133.24609375,between_stages,0.22687860000587534,0.09385590000601951,0.002510099991923198,0.005621399992378429,0.00023960000544320792,0.1194614999985788,109859,34952,23711,2400,1684,697,22993,23692,697,9,706,3,3,38,57,75881,01be878c555b40e144f50231e743694e4132e48bd856c31cb574bc80987d7b50
154,8,Join-restricted MILP,5/4,3,optimal_numerical,True,matplotlib,compact,100000,109859,True,303777/4,75944.25,0.0,0.9684080000006361,136.50390625,output_write,0.2471168000047328,0.002678299992112443,0.030194199993275106,0.08004559999972116,0.013507399999070913,0.11334110000461806,109859,34952,23711,2400,0,0,0,0,0,1,1,23711,2400,26111,28511,9,97b467516f2205033a2f9f3716874235914529e146d247d7845d762d6127ff90
155,8,Global MILP baseline,5/4,3,optimal_numerical,True,matplotlib,compact,100000,109859,True,303777/4,75944.25,0.0,1.0456878999975743,157.9375,output_write,0.3297291999915615,0.003751700001885183,0.05850889999419451,0.1327227000001585,0.016128500006743707,0.10912280000047758,109859,34952,23711,2400,0,0,0,0,0,1,1,23711,23711,47422,71133,9,512ab168dc0aeec960b640652b6894ae503cd4e9720a7616b481cb4b7781cd8e
156,8,Global MILP baseline,5/4,4,optimal_numerical,True,matplotlib,compact,100000,109859,True,303777/4,75944.25,0.0,1.0577462000073865,157.9921875,between_stages,0.33777670000563376,0.0045731999998679385,0.06339000001025852,0.13599470000190195,0.01611409999895841,0.10762189999513794,109859,34952,23711,2400,0,0,0,0,0,1,1,23711,23711,47422,71133,9,512ab168dc0aeec960b640652b6894ae503cd4e9720a7616b481cb4b7781cd8e
157,8,Join-restricted MILP,5/4,4,optimal_numerical,True,matplotlib,compact,100000,109859,True,303777/4,75944.25,0.0,0.96738610000466,145.57421875,between_stages,0.2425877999921795,0.0025364000030094758,0.031442699997569434,0.07992379998904653,0.014120799998636357,0.10724180001125205,109859,34952,23711,2400,0,0,0,0,0,1,1,23711,2400,26111,28511,9,97b467516f2205033a2f9f3716874235914529e146d247d7845d762d6127ff90
158,8,Preprocessed global MILP,5/4,4,optimal_numerical,True,matplotlib,compact,100000,109859,True,303777/4,75944.25,0.0,0.9277767000021413,133.68359375,between_stages,0.21394000000145752,0.09735759999603033,0.0016710999916540459,0.004788999998709187,0.00021070000366307795,0.1047714000014821,109859,34952,23711,2400,1684,697,22993,23692,697,9,706,3,3,38,57,75881,01be878c555b40e144f50231e743694e4132e48bd856c31cb574bc80987d7b50
159,8,Global MILP baseline,5/4,5,optimal_numerical,True,matplotlib,compact,100000,109859,True,303777/4,75944.25,0.0,1.064865699998336,156.453125,output_write,0.3454130000027362,0.003860600001644343,0.05761780000466388,0.13491999999678228,0.016806400002678856,0.12235130000044592,109859,34952,23711,2400,0,0,0,0,0,1,1,23711,23711,47422,71133,9,512ab168dc0aeec960b640652b6894ae503cd4e9720a7616b481cb4b7781cd8e
160,8,Preprocessed global MILP,5/4,5,optimal_numerical,True,matplotlib,compact,100000,109859,True,303777/4,75944.25,0.0,0.9555188000085764,134.8671875,external_check,0.2289015999995172,0.09849650000978727,0.0016630000027362257,0.0038904999964870512,0.000228899996727705,0.11993070000607986,109859,34952,23711,2400,1684,697,22993,23692,697,9,706,3,3,38,57,75881,01be878c555b40e144f50231e743694e4132e48bd856c31cb574bc80987d7b50
161,8,Join-restricted MILP,5/4,5,optimal_numerical,True,matplotlib,compact,100000,109859,True,303777/4,75944.25,0.0,0.9625239000015426,135.109375,between_stages,0.23655349999899045,0.0025304000009782612,0.030902300000889227,0.07911279999825638,0.013898699995479546,0.1025464000122156,109859,34952,23711,2400,0,0,0,0,0,1,1,23711,2400,26111,28511,9,97b467516f2205033a2f9f3716874235914529e146d247d7845d762d6127ff90
162,9,Join-restricted MILP,5/4,0,optimal_numerical,True,pydantic,compact,100000,100042,True,247817/4,61954.25,0.0,1.019620400009444,138.0703125,external_check,0.311387099995045,0.002657100005308166,0.034513800012064166,0.18175069999415427,0.014002399999299087,0.07023749999643769,100042,24650,21398,3251,0,0,0,0,0,1,1,21398,3251,24649,27900,32,4020c28d16f9c937d3020104e49e4223ef3b1d05f9473e44b04dcc7f225a96d2
163,9,Preprocessed global MILP,5/4,0,optimal_numerical,True,pydantic,compact,100000,100042,True,247817/4,61954.25,0.0,0.9468444999947678,123.56640625,between_stages,0.20514550000370946,0.12116830000013579,0.002322100001038052,0.007681399991270155,0.00037149999116081744,0.06937089998973534,100042,24650,21398,3251,2313,824,20456,21283,824,55,879,4,4,229,343,246241/4,bef4b160bf19f6a37235c5166b99a31a24653e6b4bcef9e02124ba776554854f
164,9,Global MILP baseline,5/4,0,optimal_numerical,True,pydantic,compact,100000,100042,True,247817/4,61954.25,0.0,1.3246248999930685,162.47265625,external_check,0.6359081999980845,0.003461500004050322,0.0588187000103062,0.47383230000559706,0.016245300008449703,0.07499589999497402,100042,24650,21398,3251,0,0,0,0,0,1,1,21398,21398,42796,64194,32,0f93dcc03714e546b15428f03566b5b4b633063546724318ad9a585deec3e0d5
165,9,Preprocessed global MILP,5/4,1,optimal_numerical,True,pydantic,compact,100000,100042,True,247817/4,61954.25,0.0,1.0028497000021162,123.59375,between_stages,0.22335249999014195,0.1223768000054406,0.0025314000085927546,0.008886399999028072,0.00039010000182315707,0.08431569999083877,100042,24650,21398,3251,2313,824,20456,21283,824,55,879,4,4,229,343,246241/4,bef4b160bf19f6a37235c5166b99a31a24653e6b4bcef9e02124ba776554854f
166,9,Global MILP baseline,5/4,1,optimal_numerical,True,pydantic,compact,100000,100042,True,247817/4,61954.25,0.0,1.3723545000102604,161.34765625,output_write,0.6441869999980554,0.0038709000073140487,0.06168260000413284,0.48152119999576826,0.016764800006058067,0.07115620000695344,100042,24650,21398,3251,0,0,0,0,0,1,1,21398,21398,42796,64194,32,0f93dcc03714e546b15428f03566b5b4b633063546724318ad9a585deec3e0d5
167,9,Join-restricted MILP,5/4,1,optimal_numerical,True,pydantic,compact,100000,100042,True,247817/4,61954.25,0.0,1.0176921999955084,137.7265625,between_stages,0.3180821999994805,0.0038333999982569367,0.03599829999438953,0.18078870000317693,0.014078600011998788,0.07471469999291003,100042,24650,21398,3251,0,0,0,0,0,1,1,21398,3251,24649,27900,32,4020c28d16f9c937d3020104e49e4223ef3b1d05f9473e44b04dcc7f225a96d2
168,9,Preprocessed global MILP,5/4,2,optimal_numerical,True,pydantic,compact,100000,100042,True,247817/4,61954.25,0.0,0.9648457000002963,123.13671875,output_write,0.2089793000050122,0.12148419998993631,0.0023419999924954027,0.008430600006249733,0.0007650999905308709,0.0721720000001369,100042,24650,21398,3251,2313,824,20456,21283,824,55,879,4,4,229,343,246241/4,bef4b160bf19f6a37235c5166b99a31a24653e6b4bcef9e02124ba776554854f
169,9,Join-restricted MILP,5/4,2,optimal_numerical,True,pydantic,compact,100000,100042,True,247817/4,61954.25,0.0,1.0303501000016695,138.62109375,between_stages,0.32251800000085495,0.0027098999998997897,0.034299100007046945,0.18595400000049267,0.014759300000150688,0.07775550000951625,100042,24650,21398,3251,0,0,0,0,0,1,1,21398,3251,24649,27900,32,4020c28d16f9c937d3020104e49e4223ef3b1d05f9473e44b04dcc7f225a96d2
170,9,Global MILP baseline,5/4,2,optimal_numerical,True,pydantic,compact,100000,100042,True,247817/4,61954.25,0.0,1.361190199997509,161.24609375,between_stages,0.6493099000072107,0.0034848000068450347,0.05802110000513494,0.4881165999977384,0.016604800010100007,0.07407810000586323,100042,24650,21398,3251,0,0,0,0,0,1,1,21398,21398,42796,64194,32,0f93dcc03714e546b15428f03566b5b4b633063546724318ad9a585deec3e0d5
171,9,Global MILP baseline,5/4,3,optimal_numerical,True,pydantic,compact,100000,100042,True,247817/4,61954.25,0.0,1.3623487000004388,161.51953125,output_write,0.6288670999929309,0.003553899994585663,0.05817329999990761,0.4696537999989232,0.015840099993511103,0.0732780999969691,100042,24650,21398,3251,0,0,0,0,0,1,1,21398,21398,42796,64194,32,0f93dcc03714e546b15428f03566b5b4b633063546724318ad9a585deec3e0d5
172,9,Join-restricted MILP,5/4,3,optimal_numerical,True,pydantic,compact,100000,100042,True,247817/4,61954.25,0.0,1.0081126000004588,138.046875,between_stages,0.31493870000122115,0.002779200003715232,0.03469109999423381,0.18344670000078622,0.013939600001322106,0.0728337000036845,100042,24650,21398,3251,0,0,0,0,0,1,1,21398,3251,24649,27900,32,4020c28d16f9c937d3020104e49e4223ef3b1d05f9473e44b04dcc7f225a96d2
173,9,Preprocessed global MILP,5/4,3,optimal_numerical,True,pydantic,compact,100000,100042,True,247817/4,61954.25,0.0,0.9627602999971714,123.3671875,external_check,0.2149195999954827,0.13119680000818335,0.0028079000039724633,0.007758699997793883,0.0004324999899836257,0.06912789998750668,100042,24650,21398,3251,2313,824,20456,21283,824,55,879,4,4,229,343,246241/4,bef4b160bf19f6a37235c5166b99a31a24653e6b4bcef9e02124ba776554854f
174,9,Global MILP baseline,5/4,4,optimal_numerical,True,pydantic,compact,100000,100042,True,247817/4,61954.25,0.0,1.3428114999987883,162.37890625,between_stages,0.6371564000000944,0.003756300007808022,0.058966399999917485,0.4781020000082208,0.017164300006697886,0.0702121999929659,100042,24650,21398,3251,0,0,0,0,0,1,1,21398,21398,42796,64194,32,0f93dcc03714e546b15428f03566b5b4b633063546724318ad9a585deec3e0d5
175,9,Preprocessed global MILP,5/4,4,optimal_numerical,True,pydantic,compact,100000,100042,True,247817/4,61954.25,0.0,1.0178087999956915,123.2578125,external_check,0.2155227999901399,0.11992840000311844,0.0020514000061666593,0.009338000003481284,0.00038449998828582466,0.0774399999936577,100042,24650,21398,3251,2313,824,20456,21283,824,55,879,4,4,229,343,246241/4,bef4b160bf19f6a37235c5166b99a31a24653e6b4bcef9e02124ba776554854f
176,9,Join-restricted MILP,5/4,4,optimal_numerical,True,pydantic,compact,100000,100042,True,247817/4,61954.25,0.0,1.0259215000114636,138.4921875,output_write,0.3334069999982603,0.0034777999971993268,0.035683699999935925,0.20230619999347255,0.014094999991357327,0.0703981999977259,100042,24650,21398,3251,0,0,0,0,0,1,1,21398,3251,24649,27900,32,4020c28d16f9c937d3020104e49e4223ef3b1d05f9473e44b04dcc7f225a96d2
177,9,Join-restricted MILP,5/4,5,optimal_numerical,True,pydantic,compact,100000,100042,True,247817/4,61954.25,0.0,1.0222327999945264,138.0234375,between_stages,0.3238307999999961,0.0029996999946888536,0.03544300000066869,0.1864108000008855,0.01425379999272991,0.0773577999934787,100042,24650,21398,3251,0,0,0,0,0,1,1,21398,3251,24649,27900,32,4020c28d16f9c937d3020104e49e4223ef3b1d05f9473e44b04dcc7f225a96d2
178,9,Global MILP baseline,5/4,5,optimal_numerical,True,pydantic,compact,100000,100042,True,247817/4,61954.25,0.0,1.3200947000004817,163.0,between_stages,0.6288900999934413,0.003813500006799586,0.058252899994840845,0.46713560000353027,0.016325100004905835,0.07414029999927152,100042,24650,21398,3251,0,0,0,0,0,1,1,21398,21398,42796,64194,32,0f93dcc03714e546b15428f03566b5b4b633063546724318ad9a585deec3e0d5
179,9,Preprocessed global MILP,5/4,5,optimal_numerical,True,pydantic,compact,100000,100042,True,247817/4,61954.25,0.0,0.9560656999965431,122.8515625,between_stages,0.21015719999559224,0.11859110000659712,0.0023052000033203512,0.007380800001556054,0.00035829999251291156,0.07502289999683853,100042,24650,21398,3251,2313,824,20456,21283,824,55,879,4,4,229,343,246241/4,bef4b160bf19f6a37235c5166b99a31a24653e6b4bcef9e02124ba776554854f
180,10,Preprocessed global MILP,5/4,0,optimal_numerical,True,aiohttp,compact,100000,108915,True,64544,64544.0,0.0,1.0133215000096243,125.59765625,between_stages,0.21873899998900015,0.12278949999017641,0.002719899988733232,0.007647499995073304,0.00034810000215657055,0.08065429999260232,108915,24707,21572,3338,2513,723,20746,21470,720,50,770,3,3,204,306,256769/4,44a49a3d3a38b484ff8e0100a07ba6fe434058c251574e8a47b5bac16b05b32b
181,10,Global MILP baseline,5/4,0,optimal_numerical,True,aiohttp,compact,100000,108915,True,64544,64544.0,0.0,1.3301134000066668,168.18359375,between_stages,0.6131218999944394,0.003759700004593469,0.06115140000474639,0.4447026999987429,0.016274699999485165,0.07797969999955967,108915,24707,21572,3338,0,0,0,0,0,1,1,21572,21572,43144,64716,26,8f09cc0b34ba30ce4e769eb8914aa7497128412ba5e4a060a23f0fa2680e8829
182,10,Join-restricted MILP,5/4,0,optimal_numerical,True,aiohttp,compact,100000,108915,True,64544,64544.0,0.0,1.0937659000046551,141.0859375,between_stages,0.3463235999952303,0.003173099990817718,0.035863099998096004,0.20853030000580475,0.015024400010588579,0.07621069999004249,108915,24707,21572,3338,0,0,0,0,0,1,1,21572,3338,24910,28248,26,968f205e68415550b05daf27772c827b41571bb5926ae5c7c4e9a70a1fb16a0b
183,10,Preprocessed global MILP,5/4,1,optimal_numerical,True,aiohttp,compact,100000,108915,True,64544,64544.0,0.0,1.0273104999942007,124.54296875,output_write,0.20911329999216832,0.11658660000830423,0.0020223999890731648,0.007959499998833053,0.000309199996991083,0.07813710000482388,108915,24707,21572,3338,2513,723,20746,21470,720,50,770,3,3,204,306,256769/4,44a49a3d3a38b484ff8e0100a07ba6fe434058c251574e8a47b5bac16b05b32b
184,10,Join-restricted MILP,5/4,1,optimal_numerical,True,aiohttp,compact,100000,108915,True,64544,64544.0,0.0,1.121239300002344,141.8984375,between_stages,0.36670859999139793,0.0030658000032417476,0.03677340000285767,0.2190046000032453,0.014188200002536178,0.0861694999912288,108915,24707,21572,3338,0,0,0,0,0,1,1,21572,3338,24910,28248,26,968f205e68415550b05daf27772c827b41571bb5926ae5c7c4e9a70a1fb16a0b
185,10,Global MILP baseline,5/4,1,optimal_numerical,True,aiohttp,compact,100000,108915,True,64544,64544.0,0.0,1.3463981999957468,168.0546875,between_stages,0.614605599999777,0.004100100006326102,0.05892760001006536,0.44583589999820106,0.016964599999482743,0.0776973000029102,108915,24707,21572,3338,0,0,0,0,0,1,1,21572,21572,43144,64716,26,8f09cc0b34ba30ce4e769eb8914aa7497128412ba5e4a060a23f0fa2680e8829
186,10,Global MILP baseline,5/4,2,optimal_numerical,True,aiohttp,compact,100000,108915,True,64544,64544.0,0.0,1.3581783999979962,164.1015625,external_check,0.6151027000014437,0.003579399999580346,0.05928999999014195,0.45111419999739155,0.01633149999543093,0.07560680000460707,108915,24707,21572,3338,0,0,0,0,0,1,1,21572,21572,43144,64716,26,8f09cc0b34ba30ce4e769eb8914aa7497128412ba5e4a060a23f0fa2680e8829
187,10,Join-restricted MILP,5/4,2,optimal_numerical,True,aiohttp,compact,100000,108915,True,64544,64544.0,0.0,1.0620535999914864,140.125,between_stages,0.3480133000120986,0.0025796999980229884,0.03520329999446403,0.21426709998922888,0.014012900006491691,0.07476000000315253,108915,24707,21572,3338,0,0,0,0,0,1,1,21572,3338,24910,28248,26,968f205e68415550b05daf27772c827b41571bb5926ae5c7c4e9a70a1fb16a0b
188,10,Preprocessed global MILP,5/4,2,optimal_numerical,True,aiohttp,compact,100000,108915,True,64544,64544.0,0.0,0.9825522999890381,125.66015625,between_stages,0.2078375999990385,0.11752090000663884,0.0029975999932503328,0.010329299999284558,0.00031800000579096377,0.07296270001097582,108915,24707,21572,3338,2513,723,20746,21470,720,50,770,3,3,204,306,256769/4,44a49a3d3a38b484ff8e0100a07ba6fe434058c251574e8a47b5bac16b05b32b
189,10,Global MILP baseline,5/4,3,optimal_numerical,True,aiohttp,compact,100000,108915,True,64544,64544.0,0.0,1.3566856000106782,167.35546875,between_stages,0.6191457999957493,0.003791299997828901,0.06129740001051687,0.4505198999977438,0.016666299998178147,0.07641309998871293,108915,24707,21572,3338,0,0,0,0,0,1,1,21572,21572,43144,64716,26,8f09cc0b34ba30ce4e769eb8914aa7497128412ba5e4a060a23f0fa2680e8829
190,10,Preprocessed global MILP,5/4,3,optimal_numerical,True,aiohttp,compact,100000,108915,True,64544,64544.0,0.0,0.991523499993491,126.06640625,between_stages,0.22107820000383072,0.12063049999414943,0.0020032000029459596,0.007586499996250495,0.00037719999090768397,0.08575130000826903,108915,24707,21572,3338,2513,723,20746,21470,720,50,770,3,3,204,306,256769/4,44a49a3d3a38b484ff8e0100a07ba6fe434058c251574e8a47b5bac16b05b32b
191,10,Join-restricted MILP,5/4,3,optimal_numerical,True,aiohttp,compact,100000,108915,True,64544,64544.0,0.0,1.129796900000656,143.2734375,between_stages,0.3548422999883769,0.003271100009442307,0.036015599995153025,0.21352600000682287,0.01395300000149291,0.08022100001107901,108915,24707,21572,3338,0,0,0,0,0,1,1,21572,3338,24910,28248,26,968f205e68415550b05daf27772c827b41571bb5926ae5c7c4e9a70a1fb16a0b
192,10,Join-restricted MILP,5/4,4,optimal_numerical,True,aiohttp,compact,100000,108915,True,64544,64544.0,0.0,1.0953890999953728,141.84765625,between_stages,0.35596369999984745,0.0135491999972146,0.034906800006865524,0.20805629999085795,0.014322999995783903,0.07716119999531657,108915,24707,21572,3338,0,0,0,0,0,1,1,21572,3338,24910,28248,26,968f205e68415550b05daf27772c827b41571bb5926ae5c7c4e9a70a1fb16a0b
193,10,Global MILP baseline,5/4,4,optimal_numerical,True,aiohttp,compact,100000,108915,True,64544,64544.0,0.0,1.331402399999206,164.9296875,external_check,0.6103288000012981,0.003605200006859377,0.06187119999958668,0.4438527000020258,0.016401100001530722,0.07573240000056103,108915,24707,21572,3338,0,0,0,0,0,1,1,21572,21572,43144,64716,26,8f09cc0b34ba30ce4e769eb8914aa7497128412ba5e4a060a23f0fa2680e8829
194,10,Preprocessed global MILP,5/4,4,optimal_numerical,True,aiohttp,compact,100000,108915,True,64544,64544.0,0.0,0.9882307999941986,126.1484375,between_stages,0.20996029999514576,0.11519830000179354,0.0019086000102106482,0.007943899996462278,0.00034160001087002456,0.08039820000703912,108915,24707,21572,3338,2513,723,20746,21470,720,50,770,3,3,204,306,256769/4,44a49a3d3a38b484ff8e0100a07ba6fe434058c251574e8a47b5bac16b05b32b
195,10,Join-restricted MILP,5/4,5,optimal_numerical,True,aiohttp,compact,100000,108915,True,64544,64544.0,0.0,1.0863917999959085,143.2265625,output_write,0.3462895000120625,0.0031064999930094928,0.03456770000047982,0.2088058999943314,0.013865100001567043,0.07859639999514911,108915,24707,21572,3338,0,0,0,0,0,1,1,21572,3338,24910,28248,26,968f205e68415550b05daf27772c827b41571bb5926ae5c7c4e9a70a1fb16a0b
196,10,Preprocessed global MILP,5/4,5,optimal_numerical,True,aiohttp,compact,100000,108915,True,64544,64544.0,0.0,0.9896960999903968,124.60546875,output_write,0.20259590000205208,0.11402740000630729,0.0023570000048493966,0.007195600002887659,0.00036099999852012843,0.07461680000415072,108915,24707,21572,3338,2513,723,20746,21470,720,50,770,3,3,204,306,256769/4,44a49a3d3a38b484ff8e0100a07ba6fe434058c251574e8a47b5bac16b05b32b
197,10,Global MILP baseline,5/4,5,optimal_numerical,True,aiohttp,compact,100000,108915,True,64544,64544.0,0.0,1.379815199994482,167.6484375,between_stages,0.6297084000107134,0.0036853999918093905,0.06087800000386778,0.46162119999644347,0.016417899998486973,0.07824639999307692,108915,24707,21572,3338,0,0,0,0,0,1,1,21572,21572,43144,64716,26,8f09cc0b34ba30ce4e769eb8914aa7497128412ba5e4a060a23f0fa2680e8829
198,11,Preprocessed global MILP,5/4,0,optimal_numerical,True,jsonschema,compact,100000,91848,True,190239/4,47559.75,0.0,0.8276979999936884,112.25,between_stages,0.16790539999783505,0.09513210000295658,0.0019730000058189034,0.005844300001626834,0.00027210000553168356,0.061461199991754256,91848,18581,16226,2368,1868,420,15723,16146,420,39,459,3,3,160,240,47292,9c7932ee3633328a516192fd5f50ebbb6c352202d45ce07363cea307071e1a2f
199,11,Join-restricted MILP,5/4,0,optimal_numerical,True,jsonschema,compact,100000,91848,True,190239/4,47559.75,0.0,0.9448930000071414,127.828125,between_stages,0.2955641000007745,0.0023760000040056184,0.026850100010051392,0.16646290000062436,0.011075100002926774,0.08349160000216216,91848,18581,16226,2368,0,0,0,0,0,1,1,16226,2368,18594,20962,36,0234150dfa48b30b989e515bdd6dddbf7fd3bcf50383f23abb43f0fee0ae11fc
200,11,Global MILP baseline,5/4,0,optimal_numerical,True,jsonschema,compact,100000,91848,True,190239/4,47559.75,0.0,1.3099935999925947,147.52734375,between_stages,0.6544974999997066,0.005979599998681806,0.048528700004681014,0.5166724000009708,0.01302620000205934,0.063767600004212,91848,18581,16226,2368,0,0,0,0,0,1,1,16226,16226,32452,48678,36,ece0904d67bae5c4dc7a1207905c951c454a0e9e418f71f83dc44eac7359db2c
201,11,Global MILP baseline,5/4,1,optimal_numerical,True,jsonschema,compact,100000,91848,True,190239/4,47559.75,0.0,1.3112839999957941,148.171875,external_check,0.6556586999940919,0.002862599998479709,0.046269200000097044,0.516368099997635,0.0136285000044154,0.0701108000066597,91848,18581,16226,2368,0,0,0,0,0,1,1,16226,16226,32452,48678,36,ece0904d67bae5c4dc7a1207905c951c454a0e9e418f71f83dc44eac7359db2c
202,11,Join-restricted MILP,5/4,1,optimal_numerical,True,jsonschema,compact,100000,91848,True,190239/4,47559.75,0.0,0.9675781999976607,127.2890625,between_stages,0.2921107000001939,0.0023821000067982823,0.02774850001151208,0.1802503000071738,0.011621100013144314,0.06502229999750853,91848,18581,16226,2368,0,0,0,0,0,1,1,16226,2368,18594,20962,36,0234150dfa48b30b989e515bdd6dddbf7fd3bcf50383f23abb43f0fee0ae11fc
203,11,Preprocessed global MILP,5/4,1,optimal_numerical,True,jsonschema,compact,100000,91848,True,190239/4,47559.75,0.0,0.83393100000103,112.6953125,between_stages,0.17110089999914635,0.09252250001009088,0.0021354000054998323,0.006886500006658025,0.0003026000049430877,0.06514700000116136,91848,18581,16226,2368,1868,420,15723,16146,420,39,459,3,3,160,240,47292,9c7932ee3633328a516192fd5f50ebbb6c352202d45ce07363cea307071e1a2f
204,11,Global MILP baseline,5/4,2,optimal_numerical,True,jsonschema,compact,100000,91848,True,190239/4,47559.75,0.0,1.330679799997597,148.92578125,output_write,0.6509599999990314,0.0032033000024966896,0.04599679999228101,0.5156816000089748,0.01336700000683777,0.0665341999992961,91848,18581,16226,2368,0,0,0,0,0,1,1,16226,16226,32452,48678,36,ece0904d67bae5c4dc7a1207905c951c454a0e9e418f71f83dc44eac7359db2c
205,11,Preprocessed global MILP,5/4,2,optimal_numerical,True,jsonschema,compact,100000,91848,True,190239/4,47559.75,0.0,0.860492100007832,112.6171875,between_stages,0.1775513000029605,0.09478459999081679,0.0034681999968597665,0.010124400010681711,0.00034929999674204737,0.06536700000287965,91848,18581,16226,2368,1868,420,15723,16146,420,39,459,3,3,160,240,47292,9c7932ee3633328a516192fd5f50ebbb6c352202d45ce07363cea307071e1a2f
206,11,Join-restricted MILP,5/4,2,optimal_numerical,True,jsonschema,compact,100000,91848,True,190239/4,47559.75,0.0,0.9414134999969974,128.1171875,external_check,0.2876008000021102,0.0023901999957161024,0.028115199995227158,0.17111640000075568,0.01180390000808984,0.06878849999338854,91848,18581,16226,2368,0,0,0,0,0,1,1,16226,2368,18594,20962,36,0234150dfa48b30b989e515bdd6dddbf7fd3bcf50383f23abb43f0fee0ae11fc
207,11,Join-restricted MILP,5/4,3,optimal_numerical,True,jsonschema,compact,100000,91848,True,190239/4,47559.75,0.0,0.932333100005053,127.77734375,external_check,0.2800589999969816,0.002850200005923398,0.02805639999860432,0.16924779998953454,0.012444499996490777,0.062344499994651414,91848,18581,16226,2368,0,0,0,0,0,1,1,16226,2368,18594,20962,36,0234150dfa48b30b989e515bdd6dddbf7fd3bcf50383f23abb43f0fee0ae11fc
208,11,Global MILP baseline,5/4,3,optimal_numerical,True,jsonschema,compact,100000,91848,True,190239/4,47559.75,0.0,1.3308779000071809,148.40234375,between_stages,0.668521999992663,0.003178500002832152,0.046767000007093884,0.5277823000069475,0.012969200004590675,0.07145879999734461,91848,18581,16226,2368,0,0,0,0,0,1,1,16226,16226,32452,48678,36,ece0904d67bae5c4dc7a1207905c951c454a0e9e418f71f83dc44eac7359db2c
209,11,Preprocessed global MILP,5/4,3,optimal_numerical,True,jsonschema,compact,100000,91848,True,190239/4,47559.75,0.0,0.8478565999976126,112.40625,between_stages,0.17897969999467023,0.100510199990822,0.0019140999938827008,0.007247899993672036,0.00035170000046491623,0.06296179999480955,91848,18581,16226,2368,1868,420,15723,16146,420,39,459,3,3,160,240,47292,9c7932ee3633328a516192fd5f50ebbb6c352202d45ce07363cea307071e1a2f
210,11,Join-restricted MILP,5/4,4,optimal_numerical,True,jsonschema,compact,100000,91848,True,190239/4,47559.75,0.0,0.9443307000037748,127.50390625,output_write,0.28634819999570027,0.002354000011109747,0.02861440001288429,0.17104059999110177,0.01185720000648871,0.06662460000370629,91848,18581,16226,2368,0,0,0,0,0,1,1,16226,2368,18594,20962,36,0234150dfa48b30b989e515bdd6dddbf7fd3bcf50383f23abb43f0fee0ae11fc
211,11,Preprocessed global MILP,5/4,4,optimal_numerical,True,jsonschema,compact,100000,91848,True,190239/4,47559.75,0.0,0.8370296999928541,112.59375,output_write,0.17369529999268707,0.09441949999018107,0.0025495000008959323,0.00769399999990128,0.0003119000029982999,0.06517430000531022,91848,18581,16226,2368,1868,420,15723,16146,420,39,459,3,3,160,240,47292,9c7932ee3633328a516192fd5f50ebbb6c352202d45ce07363cea307071e1a2f
212,11,Global MILP baseline,5/4,4,optimal_numerical,True,jsonschema,compact,100000,91848,True,190239/4,47559.75,0.0,1.3418986000033328,147.828125,external_check,0.6605899999995017,0.00723170000128448,0.04736609999963548,0.5203410999965854,0.012906999996630475,0.06628739999723621,91848,18581,16226,2368,0,0,0,0,0,1,1,16226,16226,32452,48678,36,ece0904d67bae5c4dc7a1207905c951c454a0e9e418f71f83dc44eac7359db2c
213,11,Preprocessed global MILP,5/4,5,optimal_numerical,True,jsonschema,compact,100000,91848,True,190239/4,47559.75,0.0,0.8332124000007752,112.0625,between_stages,0.19045889998960774,0.11358770000515506,0.002180499999667518,0.006550100006279536,0.00028140000358689576,0.06472809999831952,91848,18581,16226,2368,1868,420,15723,16146,420,39,459,3,3,160,240,47292,9c7932ee3633328a516192fd5f50ebbb6c352202d45ce07363cea307071e1a2f
214,11,Global MILP baseline,5/4,5,optimal_numerical,True,jsonschema,compact,100000,91848,True,190239/4,47559.75,0.0,1.3653797000006307,147.9375,between_stages,0.6644972000067355,0.002893400000175461,0.050524000005680136,0.5264033999992535,0.013114800007315353,0.06449790000624489,91848,18581,16226,2368,0,0,0,0,0,1,1,16226,16226,32452,48678,36,ece0904d67bae5c4dc7a1207905c951c454a0e9e418f71f83dc44eac7359db2c
215,11,Join-restricted MILP,5/4,5,optimal_numerical,True,jsonschema,compact,100000,91848,True,190239/4,47559.75,0.0,0.9944539999996778,127.5078125,between_stages,0.3016321000031894,0.0024598000018158928,0.029123299987986684,0.17528349999338388,0.012038699991535395,0.07746980000229087,91848,18581,16226,2368,0,0,0,0,0,1,1,16226,2368,18594,20962,36,0234150dfa48b30b989e515bdd6dddbf7fd3bcf50383f23abb43f0fee0ae11fc
216,12,Global MILP baseline,5/4,0,optimal_numerical,True,matplotlib,fielded,100000,130113,True,51132,51132.0,0.0,1.943587400004617,177.53125,between_stages,1.1789133999991463,0.0032270000083371997,0.061666399997193366,1.0184802000003401,0.014215000002877787,0.07451320000109263,130113,20699,17792,2881,0,0,0,0,0,1,1,17792,17792,35584,53376,8,5645a828f684c42175abb7810bf6c496356e29cd004d46e3c26dfce2b0cf6d50
217,12,Join-restricted MILP,5/4,0,optimal_numerical,True,matplotlib,fielded,100000,130113,True,51132,51132.0,0.0,1.0372188999899663,138.765625,between_stages,0.3139874999906169,0.0026507000002311543,0.02982049999991432,0.18723070000123698,0.011881600003107451,0.07610910000221338,130113,20699,17792,2881,0,0,0,0,0,1,1,17792,2881,20673,23554,8,2a2285784528a67b5f7b7c44fdde17299cd5427028cce84d36336713d5ade88c
218,12,Preprocessed global MILP,5/4,0,optimal_numerical,True,matplotlib,fielded,100000,130113,True,51132,51132.0,0.0,0.9420793000026606,124.16015625,between_stages,0.17636700000730343,0.08860790000471752,0.0019567999988794327,0.006753800000296906,0.00029519999225158244,0.0751626999990549,130113,20699,17792,2881,2391,429,17269,17724,421,20,441,7,5,129,190,203755/4,a21590a08a4fa45e1791cf50e8017ada97759d3e8e27206614ed35b7a48f8da2
219,12,Global MILP baseline,5/4,1,optimal_numerical,True,matplotlib,fielded,100000,130113,True,51132,51132.0,0.0,1.9604966999904718,177.90625,between_stages,1.17792119999649,0.0034405000042170286,0.05191249999916181,1.0248905000044033,0.013636099989525974,0.07633509999141097,130113,20699,17792,2881,0,0,0,0,0,1,1,17792,17792,35584,53376,8,5645a828f684c42175abb7810bf6c496356e29cd004d46e3c26dfce2b0cf6d50
220,12,Preprocessed global MILP,5/4,1,optimal_numerical,True,matplotlib,fielded,100000,130113,True,51132,51132.0,0.0,0.9458771999925375,123.70703125,between_stages,0.1942808000021614,0.08758700000180397,0.00248690000444185,0.007338199997320771,0.00028730000485666096,0.08884370001032948,130113,20699,17792,2881,2391,429,17269,17724,421,20,441,7,5,129,190,203755/4,a21590a08a4fa45e1791cf50e8017ada97759d3e8e27206614ed35b7a48f8da2
221,12,Join-restricted MILP,5/4,1,optimal_numerical,True,matplotlib,fielded,100000,130113,True,51132,51132.0,0.0,1.0690447999950266,138.609375,between_stages,0.31815750000532717,0.002551500001573004,0.028776200007996522,0.19316039999830537,0.011314999996102415,0.07699960000172723,130113,20699,17792,2881,0,0,0,0,0,1,1,17792,2881,20673,23554,8,2a2285784528a67b5f7b7c44fdde17299cd5427028cce84d36336713d5ade88c
222,12,Join-restricted MILP,5/4,2,optimal_numerical,True,matplotlib,fielded,100000,130113,True,51132,51132.0,0.0,1.0466230000020005,139.15234375,between_stages,0.3066014000069117,0.0023618999985046685,0.028393100001267157,0.18729909999819938,0.011240399995585904,0.07195110000611749,130113,20699,17792,2881,0,0,0,0,0,1,1,17792,2881,20673,23554,8,2a2285784528a67b5f7b7c44fdde17299cd5427028cce84d36336713d5ade88c
223,12,Global MILP baseline,5/4,2,optimal_numerical,True,matplotlib,fielded,100000,130113,True,51132,51132.0,0.0,2.066575400007423,176.8671875,output_write,1.208038700002362,0.00406479999946896,0.051396099996054545,1.0421195000089938,0.013165900003514253,0.08796170000277925,130113,20699,17792,2881,0,0,0,0,0,1,1,17792,17792,35584,53376,8,5645a828f684c42175abb7810bf6c496356e29cd004d46e3c26dfce2b0cf6d50
224,12,Preprocessed global MILP,5/4,2,optimal_numerical,True,matplotlib,fielded,100000,130113,True,51132,51132.0,0.0,0.9584693000069819,124.1015625,external_check,0.1867017000040505,0.09532480000052601,0.002057500008959323,0.007038700001430698,0.000294700002996251,0.07813619999797083,130113,20699,17792,2881,2391,429,17269,17724,421,20,441,7,5,129,190,203755/4,a21590a08a4fa45e1791cf50e8017ada97759d3e8e27206614ed35b7a48f8da2
225,12,Join-restricted MILP,5/4,3,optimal_numerical,True,matplotlib,fielded,100000,130113,True,51132,51132.0,0.0,1.0834466999949655,137.85546875,between_stages,0.3178453000000445,0.0026108000020030886,0.028608900000108406,0.19034809998993296,0.011415900007705204,0.07870940001157578,130113,20699,17792,2881,0,0,0,0,0,1,1,17792,2881,20673,23554,8,2a2285784528a67b5f7b7c44fdde17299cd5427028cce84d36336713d5ade88c
226,12,Preprocessed global MILP,5/4,3,optimal_numerical,True,matplotlib,fielded,100000,130113,True,51132,51132.0,0.0,0.9620978000020841,123.578125,output_write,0.19879179999406915,0.10352179998881184,0.0021714999893447384,0.007282699996721931,0.00030020000122021884,0.0817453000054229,130113,20699,17792,2881,2391,429,17269,17724,421,20,441,7,5,129,190,203755/4,a21590a08a4fa45e1791cf50e8017ada97759d3e8e27206614ed35b7a48f8da2
227,12,Global MILP baseline,5/4,3,optimal_numerical,True,matplotlib,fielded,100000,130113,True,51132,51132.0,0.0,1.932381799997529,177.22265625,between_stages,1.158058200002415,0.0038401000056182966,0.04999169999791775,1.011567699999432,0.012841699994169176,0.07274899999902118,130113,20699,17792,2881,0,0,0,0,0,1,1,17792,17792,35584,53376,8,5645a828f684c42175abb7810bf6c496356e29cd004d46e3c26dfce2b0cf6d50
228,12,Preprocessed global MILP,5/4,4,optimal_numerical,True,matplotlib,fielded,100000,130113,True,51132,51132.0,0.0,0.9227756000036607,123.54296875,between_stages,0.16540730000997428,0.08031999999366235,0.002229100005934015,0.006689000001642853,0.00023829999554436654,0.07139959999767598,130113,20699,17792,2881,2391,429,17269,17724,421,20,441,7,5,129,190,203755/4,a21590a08a4fa45e1791cf50e8017ada97759d3e8e27206614ed35b7a48f8da2
229,12,Global MILP baseline,5/4,4,optimal_numerical,True,matplotlib,fielded,100000,130113,True,51132,51132.0,0.0,1.9137866999953985,177.4375,between_stages,1.1708738000015728,0.0035459999926388264,0.050386300004902296,1.021704699989641,0.013655000002472661,0.07278079999377951,130113,20699,17792,2881,0,0,0,0,0,1,1,17792,17792,35584,53376,8,5645a828f684c42175abb7810bf6c496356e29cd004d46e3c26dfce2b0cf6d50
230,12,Join-restricted MILP,5/4,4,optimal_numerical,True,matplotlib,fielded,100000,130113,True,51132,51132.0,0.0,1.0700182000000495,139.27734375,between_stages,0.3041838000062853,0.002324800007045269,0.029266700003063306,0.18270469999697525,0.011642099998425692,0.07229460000235122,130113,20699,17792,2881,0,0,0,0,0,1,1,17792,2881,20673,23554,8,2a2285784528a67b5f7b7c44fdde17299cd5427028cce84d36336713d5ade88c
231,12,Preprocessed global MILP,5/4,5,optimal_numerical,True,matplotlib,fielded,100000,130113,True,51132,51132.0,0.0,0.9164534999872558,123.24609375,between_stages,0.17091159999836236,0.08473660000890959,0.0026842999941436574,0.007860300000174902,0.00022289999469649047,0.07021429999440443,130113,20699,17792,2881,2391,429,17269,17724,421,20,441,7,5,129,190,203755/4,a21590a08a4fa45e1791cf50e8017ada97759d3e8e27206614ed35b7a48f8da2
232,12,Join-restricted MILP,5/4,5,optimal_numerical,True,matplotlib,fielded,100000,130113,True,51132,51132.0,0.0,1.0467395000014221,138.15625,between_stages,0.3043439000030048,0.002401999998255633,0.028971799998544157,0.18506730000081006,0.011093100009020418,0.07109050000144634,130113,20699,17792,2881,0,0,0,0,0,1,1,17792,2881,20673,23554,8,2a2285784528a67b5f7b7c44fdde17299cd5427028cce84d36336713d5ade88c
233,12,Global MILP baseline,5/4,5,optimal_numerical,True,matplotlib,fielded,100000,130113,True,51132,51132.0,0.0,1.9060601999954088,178.484375,between_stages,1.15469279998797,0.0033218000025954098,0.052343500006827526,1.006823000003351,0.013213099999120459,0.07160320000548381,130113,20699,17792,2881,0,0,0,0,0,1,1,17792,17792,35584,53376,8,5645a828f684c42175abb7810bf6c496356e29cd004d46e3c26dfce2b0cf6d50
234,13,Global MILP baseline,5/4,0,optimal_numerical,True,pydantic,fielded,100000,106808,True,198577/4,49644.25,0.0,3.0809865000046557,194.015625,output_write,2.365403099989635,0.003986999989137985,0.06827730000077281,2.196810200010077,0.01784639999095816,0.06861709999793675,106808,25891,23855,3131,0,0,0,0,0,1,1,23855,23855,47710,71565,13,f11a8fa50928d15f611f2246fabff99fe28e66af9e2292218464cab51bebc2be
235,13,Preprocessed global MILP,5/4,0,optimal_numerical,True,pydantic,fielded,100000,106808,True,198577/4,49644.25,0.0,0.943515999999363,121.6640625,output_write,0.19656390001182444,0.11028140000416897,0.0027504999889060855,0.009065299993380904,0.0003704000118887052,0.07035340000584256,106808,25891,23855,3131,2179,830,22844,23720,827,41,868,5,4,257,379,197039/4,d4b4adcb097b985dd6b3c26c731da0a2e468694dfdd324ba308109cad27b2041
236,13,Join-restricted MILP,5/4,0,optimal_numerical,True,pydantic,fielded,100000,106808,True,198577/4,49644.25,0.0,1.4471880000055535,147.55859375,between_stages,0.6897651999897789,0.004031100004795007,0.042237500005285256,0.5388253000128316,0.01588040000933688,0.07993429999623913,106808,25891,23855,3131,0,0,0,0,0,1,1,23855,3131,26986,30117,13,b9f786c73ced34dc9f3c0e9f8cd8522efcd0a4fc4f0c70828efcca78d2353b60
237,13,Join-restricted MILP,5/4,1,optimal_numerical,True,pydantic,fielded,100000,106808,True,198577/4,49644.25,0.0,1.393825699997251,147.78515625,between_stages,0.6745612000086112,0.0028352999943308532,0.04177640000125393,0.531311700004153,0.01483889999508392,0.07532800000626594,106808,25891,23855,3131,0,0,0,0,0,1,1,23855,3131,26986,30117,13,b9f786c73ced34dc9f3c0e9f8cd8522efcd0a4fc4f0c70828efcca78d2353b60
238,13,Global MILP baseline,5/4,1,optimal_numerical,True,pydantic,fielded,100000,106808,True,198577/4,49644.25,0.0,3.191242799992324,193.28515625,between_stages,2.4607574999972712,0.006518900001537986,0.07925599999725819,2.2499304999946617,0.017611500006751157,0.09656049999466632,106808,25891,23855,3131,0,0,0,0,0,1,1,23855,23855,47710,71565,13,f11a8fa50928d15f611f2246fabff99fe28e66af9e2292218464cab51bebc2be
239,13,Preprocessed global MILP,5/4,1,optimal_numerical,True,pydantic,fielded,100000,106808,True,198577/4,49644.25,0.0,0.9210484999930486,123.09375,external_check,0.19275919999927282,0.10869419999653473,0.0024084000033326447,0.009022000012919307,0.0003364000003784895,0.06842840000172146,106808,25891,23855,3131,2179,830,22844,23720,827,41,868,5,4,257,379,197039/4,d4b4adcb097b985dd6b3c26c731da0a2e468694dfdd324ba308109cad27b2041
240,13,Join-restricted MILP,5/4,2,optimal_numerical,True,pydantic,fielded,100000,106808,True,198577/4,49644.25,0.0,1.363100199989276,147.515625,between_stages,0.651338299998315,0.00262690000818111,0.03938740000012331,0.5163308000046527,0.015238200008752756,0.0694532000052277,106808,25891,23855,3131,0,0,0,0,0,1,1,23855,3131,26986,30117,13,b9f786c73ced34dc9f3c0e9f8cd8522efcd0a4fc4f0c70828efcca78d2353b60
241,13,Preprocessed global MILP,5/4,2,optimal_numerical,True,pydantic,fielded,100000,106808,True,198577/4,49644.25,0.0,0.9198953000013717,124.35546875,output_write,0.20437770000717137,0.11085050000110641,0.002224500000011176,0.009724300005473197,0.0003375999949639663,0.07605079999484587,106808,25891,23855,3131,2179,830,22844,23720,827,41,868,5,4,257,379,197039/4,d4b4adcb097b985dd6b3c26c731da0a2e468694dfdd324ba308109cad27b2041
242,13,Global MILP baseline,5/4,2,optimal_numerical,True,pydantic,fielded,100000,106808,True,198577/4,49644.25,0.0,3.1403742999973474,193.390625,between_stages,2.3733439999923576,0.003903600008925423,0.07376279999152757,2.191875799995614,0.017494400002760813,0.07012690001283772,106808,25891,23855,3131,0,0,0,0,0,1,1,23855,23855,47710,71565,13,f11a8fa50928d15f611f2246fabff99fe28e66af9e2292218464cab51bebc2be
243,13,Preprocessed global MILP,5/4,3,optimal_numerical,True,pydantic,fielded,100000,106808,True,198577/4,49644.25,0.0,0.9230470999900717,122.8359375,between_stages,0.201775199995609,0.11256850000063423,0.002735599991865456,0.009382699994603172,0.00036079999699722975,0.0719392000028165,106808,25891,23855,3131,2179,830,22844,23720,827,41,868,5,4,257,379,197039/4,d4b4adcb097b985dd6b3c26c731da0a2e468694dfdd324ba308109cad27b2041
244,13,Global MILP baseline,5/4,3,optimal_numerical,True,pydantic,fielded,100000,106808,True,198577/4,49644.25,0.0,3.10399590000452,191.69140625,between_stages,2.3651778000057675,0.004375899996375665,0.08673180000914726,2.176272800003062,0.017934000003151596,0.06964199998765253,106808,25891,23855,3131,0,0,0,0,0,1,1,23855,23855,47710,71565,13,f11a8fa50928d15f611f2246fabff99fe28e66af9e2292218464cab51bebc2be
245,13,Join-restricted MILP,5/4,3,optimal_numerical,True,pydantic,fielded,100000,106808,True,198577/4,49644.25,0.0,1.3927141000021948,149.06640625,between_stages,0.6863707999873441,0.002779899994493462,0.039707100004306994,0.5340872999950079,0.018613099993672222,0.08348370000021532,106808,25891,23855,3131,0,0,0,0,0,1,1,23855,3131,26986,30117,13,b9f786c73ced34dc9f3c0e9f8cd8522efcd0a4fc4f0c70828efcca78d2353b60
246,13,Preprocessed global MILP,5/4,4,optimal_numerical,True,pydantic,fielded,100000,106808,True,198577/4,49644.25,0.0,0.9170911000110209,122.51953125,external_check,0.1981865999987349,0.11207299999659881,0.001978100000997074,0.009056900002178736,0.00038949999725446105,0.06921159999910742,106808,25891,23855,3131,2179,830,22844,23720,827,41,868,5,4,257,379,197039/4,d4b4adcb097b985dd6b3c26c731da0a2e468694dfdd324ba308109cad27b2041
247,13,Join-restricted MILP,5/4,4,optimal_numerical,True,pydantic,fielded,100000,106808,True,198577/4,49644.25,0.0,1.3683542000071611,146.4921875,between_stages,0.6654041000001598,0.003096999993431382,0.040676099990378134,0.5231799000030151,0.015909900001133792,0.07465049999882467,106808,25891,23855,3131,0,0,0,0,0,1,1,23855,3131,26986,30117,13,b9f786c73ced34dc9f3c0e9f8cd8522efcd0a4fc4f0c70828efcca78d2353b60
248,13,Global MILP baseline,5/4,4,optimal_numerical,True,pydantic,fielded,100000,106808,True,198577/4,49644.25,0.0,3.1703401999984635,192.578125,between_stages,2.419577200009371,0.00366480000957381,0.0706958999944618,2.2398371000017505,0.017840300002717413,0.0763403000019025,106808,25891,23855,3131,0,0,0,0,0,1,1,23855,23855,47710,71565,13,f11a8fa50928d15f611f2246fabff99fe28e66af9e2292218464cab51bebc2be
249,13,Global MILP baseline,5/4,5,optimal_numerical,True,pydantic,fielded,100000,106808,True,198577/4,49644.25,0.0,3.208269399998244,193.51171875,between_stages,2.473836499993922,0.006578200001968071,0.08519140000862535,2.2747294000000693,0.017170699997222982,0.07952680000744294,106808,25891,23855,3131,0,0,0,0,0,1,1,23855,23855,47710,71565,13,f11a8fa50928d15f611f2246fabff99fe28e66af9e2292218464cab51bebc2be
250,13,Join-restricted MILP,5/4,5,optimal_numerical,True,pydantic,fielded,100000,106808,True,198577/4,49644.25,0.0,1.4531206999963615,149.7734375,between_stages,0.7048129999893717,0.003705499999341555,0.04137859999900684,0.5604565000103321,0.01605079999717418,0.0739674000069499,106808,25891,23855,3131,0,0,0,0,0,1,1,23855,3131,26986,30117,13,b9f786c73ced34dc9f3c0e9f8cd8522efcd0a4fc4f0c70828efcca78d2353b60
251,13,Preprocessed global MILP,5/4,5,optimal_numerical,True,pydantic,fielded,100000,106808,True,198577/4,49644.25,0.0,0.9332683999964502,123.04296875,between_stages,0.20176349999383092,0.11266109999269247,0.0021526999917114154,0.009199699998134747,0.00043569999979808927,0.07227469999634195,106808,25891,23855,3131,2179,830,22844,23720,827,41,868,5,4,257,379,197039/4,d4b4adcb097b985dd6b3c26c731da0a2e468694dfdd324ba308109cad27b2041
252,14,Join-restricted MILP,5/4,0,optimal_numerical,True,aiohttp,fielded,100000,105182,True,47880,47880.0,0.0,1.5244691999978386,145.2421875,external_check,0.8050717000005534,0.0030304999963846058,0.04021360000479035,0.6542952000017976,0.015153700005612336,0.08416460000444204,105182,24283,22360,3221,0,0,0,0,0,1,1,22360,3221,25581,28802,17,8bb1295129ed2a44766f5cf25151c212f4e6bb33f12af8e1994f3312502019f8
253,14,Global MILP baseline,5/4,0,optimal_numerical,True,aiohttp,fielded,100000,105182,True,47880,47880.0,0.0,2.5786137000104645,187.0625,between_stages,1.849681399995461,0.0042474000074435025,0.07489829999394715,1.6664745999878505,0.017453299995395355,0.0762300999922445,105182,24283,22360,3221,0,0,0,0,0,1,1,22360,22360,44720,67080,17,bdf2a3dd3d5b1fd684ba8b946d8b3137d1fe12612cf2282a372414abb0d9e994
254,14,Preprocessed global MILP,5/4,0,optimal_numerical,True,aiohttp,fielded,100000,105182,True,47880,47880.0,0.0,0.9276947000034852,122.84765625,between_stages,0.21364549999998417,0.1140408000064781,0.0024455999955534935,0.010822900003404357,0.0003956000000471249,0.081283200008329,105182,24283,22360,3221,2033,1043,21096,22194,1034,47,1081,6,5,311,456,189665/4,d1924e4017fbabe7f3af091f51bdd11450fb094c2a5de77f1482da7a769f0258
255,14,Join-restricted MILP,5/4,1,optimal_numerical,True,aiohttp,fielded,100000,105182,True,47880,47880.0,0.0,1.539292999994359,144.1484375,between_stages,0.8135360000014771,0.00308690000383649,0.03963709999516141,0.663529199999175,0.015715799992904067,0.08378790000278968,105182,24283,22360,3221,0,0,0,0,0,1,1,22360,3221,25581,28802,17,8bb1295129ed2a44766f5cf25151c212f4e6bb33f12af8e1994f3312502019f8
256,14,Preprocessed global MILP,5/4,1,optimal_numerical,True,aiohttp,fielded,100000,105182,True,47880,47880.0,0.0,0.9317874999978812,122.828125,between_stages,0.21264759999758098,0.11690819999785163,0.0029667000053450465,0.010904200011282228,0.0004659999976865947,0.07446660001005512,105182,24283,22360,3221,2033,1043,21096,22194,1034,47,1081,6,5,311,456,189665/4,d1924e4017fbabe7f3af091f51bdd11450fb094c2a5de77f1482da7a769f0258
257,14,Global MILP baseline,5/4,1,optimal_numerical,True,aiohttp,fielded,100000,105182,True,47880,47880.0,0.0,2.590276899994933,187.13671875,output_write,1.8657456999935675,0.004307400013203733,0.06439079999108799,1.692430199997034,0.017497399996500462,0.07736080000177026,105182,24283,22360,3221,0,0,0,0,0,1,1,22360,22360,44720,67080,17,bdf2a3dd3d5b1fd684ba8b946d8b3137d1fe12612cf2282a372414abb0d9e994
258,14,Preprocessed global MILP,5/4,2,optimal_numerical,True,aiohttp,fielded,100000,105182,True,47880,47880.0,0.0,0.9273749999993015,121.79296875,external_check,0.2059375000098953,0.1146007999923313,0.0025385999906575307,0.011011700000381097,0.0006976000004215166,0.07218339999963064,105182,24283,22360,3221,2033,1043,21096,22194,1034,47,1081,6,5,311,456,189665/4,d1924e4017fbabe7f3af091f51bdd11450fb094c2a5de77f1482da7a769f0258
259,14,Global MILP baseline,5/4,2,optimal_numerical,True,aiohttp,fielded,100000,105182,True,47880,47880.0,0.0,2.5904019000008702,187.4296875,external_check,1.8533734000084223,0.004330200012191199,0.06912620000366587,1.6735462000069674,0.015864000000874512,0.08004320001055021,105182,24283,22360,3221,0,0,0,0,0,1,1,22360,22360,44720,67080,17,bdf2a3dd3d5b1fd684ba8b946d8b3137d1fe12612cf2282a372414abb0d9e994
260,14,Join-restricted MILP,5/4,2,optimal_numerical,True,aiohttp,fielded,100000,105182,True,47880,47880.0,0.0,1.5315979000006337,142.6640625,between_stages,0.8050076000072295,0.0029402999934973195,0.042632299999240786,0.6584864000033122,0.015485399999306537,0.07704830000875518,105182,24283,22360,3221,0,0,0,0,0,1,1,22360,3221,25581,28802,17,8bb1295129ed2a44766f5cf25151c212f4e6bb33f12af8e1994f3312502019f8
261,14,Preprocessed global MILP,5/4,3,optimal_numerical,True,aiohttp,fielded,100000,105182,True,47880,47880.0,0.0,0.9169062000000849,124.0,output_write,0.20751629999722354,0.11560460001055617,0.003080099995713681,0.011047199994209222,0.00039259999175556004,0.07208100000570994,105182,24283,22360,3221,2033,1043,21096,22194,1034,47,1081,6,5,311,456,189665/4,d1924e4017fbabe7f3af091f51bdd11450fb094c2a5de77f1482da7a769f0258
262,14,Join-restricted MILP,5/4,3,optimal_numerical,True,aiohttp,fielded,100000,105182,True,47880,47880.0,0.0,1.488502399995923,147.03515625,between_stages,0.7870137999998406,0.0027473000081954524,0.039027599996188655,0.6539502999949036,0.01533009999548085,0.06799870000395458,105182,24283,22360,3221,0,0,0,0,0,1,1,22360,3221,25581,28802,17,8bb1295129ed2a44766f5cf25151c212f4e6bb33f12af8e1994f3312502019f8
263,14,Global MILP baseline,5/4,3,optimal_numerical,True,aiohttp,fielded,100000,105182,True,47880,47880.0,0.0,2.537179199993261,185.57421875,between_stages,1.8062508000002708,0.004085799999302253,0.07264430000213906,1.6316779000044335,0.017110000000684522,0.07155199999397155,105182,24283,22360,3221,0,0,0,0,0,1,1,22360,22360,44720,67080,17,bdf2a3dd3d5b1fd684ba8b946d8b3137d1fe12612cf2282a372414abb0d9e994
264,14,Global MILP baseline,5/4,4,optimal_numerical,True,aiohttp,fielded,100000,105182,True,47880,47880.0,0.0,2.5202117000008,189.40234375,output_write,1.814917499999865,0.0036524999886751175,0.06541810001363046,1.646647399989888,0.01759679999668151,0.07237319998966996,105182,24283,22360,3221,0,0,0,0,0,1,1,22360,22360,44720,67080,17,bdf2a3dd3d5b1fd684ba8b946d8b3137d1fe12612cf2282a372414abb0d9e994
265,14,Join-restricted MILP,5/4,4,optimal_numerical,True,aiohttp,fielded,100000,105182,True,47880,47880.0,0.0,1.480658600004972,146.12109375,between_stages,0.7780860000057146,0.005813700001453981,0.03819820001081098,0.6378927000041585,0.014382000008481555,0.0732994999998482,105182,24283,22360,3221,0,0,0,0,0,1,1,22360,3221,25581,28802,17,8bb1295129ed2a44766f5cf25151c212f4e6bb33f12af8e1994f3312502019f8
266,14,Preprocessed global MILP,5/4,4,optimal_numerical,True,aiohttp,fielded,100000,105182,True,47880,47880.0,0.0,0.901779500010889,119.546875,between_stages,0.19710450001002755,0.10980170000402723,0.002497100009350106,0.010916900006122887,0.0006448999920394272,0.06906170000729617,105182,24283,22360,3221,2033,1043,21096,22194,1034,47,1081,6,5,311,456,189665/4,d1924e4017fbabe7f3af091f51bdd11450fb094c2a5de77f1482da7a769f0258
267,14,Global MILP baseline,5/4,5,optimal_numerical,True,aiohttp,fielded,100000,105182,True,47880,47880.0,0.0,2.54699289999553,188.625,between_stages,1.8287949000077788,0.0036040000122739,0.07921939999505412,1.644282999986899,0.016757800010964274,0.07582049998745788,105182,24283,22360,3221,0,0,0,0,0,1,1,22360,22360,44720,67080,17,bdf2a3dd3d5b1fd684ba8b946d8b3137d1fe12612cf2282a372414abb0d9e994
268,14,Preprocessed global MILP,5/4,5,optimal_numerical,True,aiohttp,fielded,100000,105182,True,47880,47880.0,0.0,0.9071931000071345,122.06640625,between_stages,0.20078050000302028,0.11039470000832807,0.0023111000045901164,0.011084800004027784,0.0003952000115532428,0.07166929999948479,105182,24283,22360,3221,2033,1043,21096,22194,1034,47,1081,6,5,311,456,189665/4,d1924e4017fbabe7f3af091f51bdd11450fb094c2a5de77f1482da7a769f0258
269,14,Join-restricted MILP,5/4,5,optimal_numerical,True,aiohttp,fielded,100000,105182,True,47880,47880.0,0.0,1.502417299998342,145.46484375,between_stages,0.7861642999923788,0.002929700000095181,0.03887119999853894,0.6526860999874771,0.014687599992612377,0.06917029999021906,105182,24283,22360,3221,0,0,0,0,0,1,1,22360,3221,25581,28802,17,8bb1295129ed2a44766f5cf25151c212f4e6bb33f12af8e1994f3312502019f8
270,15,Join-restricted MILP,5/4,0,optimal_numerical,True,jsonschema,fielded,100000,101506,True,163819/4,40954.75,0.0,1.1236250999936601,136.9453125,between_stages,0.44652029999997467,0.0025560000067343935,0.03413630000432022,0.32051489999867044,0.01405240000167396,0.0676374000031501,101506,21422,19669,2269,0,0,0,0,0,1,1,19669,2269,21938,24207,33,f70234b82f0d34ab9b5cb5ae95607e08d7c4db598267af99bb660256b670aa5a
271,15,Preprocessed global MILP,5/4,0,optimal_numerical,True,jsonschema,fielded,100000,101506,True,163819/4,40954.75,0.0,0.8523686999978963,118.42578125,output_write,0.18013480000081472,0.0981712999928277,0.002416499992250465,0.008571300000767224,0.0003218000056222081,0.06683460000203922,101506,21422,19669,2269,1596,593,18950,19582,586,27,613,6,6,167,247,40699,cb4e86ad3288b02286af42db10cb2b66dfbdc1df4ccb1eeb4f513cee389b6ed4
272,15,Global MILP baseline,5/4,0,optimal_numerical,True,jsonschema,fielded,100000,101506,True,163819/4,40954.75,0.0,2.2377925000037067,183.41015625,output_write,1.5438316000072518,0.004028199997264892,0.059334599995054305,1.3856058999954257,0.0158374000020558,0.07067100000858773,101506,21422,19669,2269,0,0,0,0,0,1,1,19669,19669,39338,59007,33,aeb32a04f86ef10343a3b4addcf0a44d4aad2ccc489feccc8608fc49c5f0bf74
273,15,Preprocessed global MILP,5/4,1,optimal_numerical,True,jsonschema,fielded,100000,101506,True,163819/4,40954.75,0.0,0.8680199999944307,116.75390625,between_stages,0.18306250000023283,0.10275790000741836,0.0022650000028079376,0.008439600002020597,0.0002916999947046861,0.06522689999837894,101506,21422,19669,2269,1596,593,18950,19582,586,27,613,6,6,167,247,40699,cb4e86ad3288b02286af42db10cb2b66dfbdc1df4ccb1eeb4f513cee389b6ed4
274,15,Global MILP baseline,5/4,1,optimal_numerical,True,jsonschema,fielded,100000,101506,True,163819/4,40954.75,0.0,2.235106400010409,181.03515625,external_check,1.5456095000117784,0.0036850000033155084,0.05878330000268761,1.3895449999981793,0.016601199997239746,0.06811779999407008,101506,21422,19669,2269,0,0,0,0,0,1,1,19669,19669,39338,59007,33,aeb32a04f86ef10343a3b4addcf0a44d4aad2ccc489feccc8608fc49c5f0bf74
275,15,Join-restricted MILP,5/4,1,optimal_numerical,True,jsonschema,fielded,100000,101506,True,163819/4,40954.75,0.0,1.1357468999922276,138.59375,between_stages,0.4479449000064051,0.002527200005715713,0.035309399987454526,0.3211728000023868,0.014086400013184175,0.0678265000024112,101506,21422,19669,2269,0,0,0,0,0,1,1,19669,2269,21938,24207,33,f70234b82f0d34ab9b5cb5ae95607e08d7c4db598267af99bb660256b670aa5a
276,15,Preprocessed global MILP,5/4,2,optimal_numerical,True,jsonschema,fielded,100000,101506,True,163819/4,40954.75,0.0,0.8606064000050537,116.75390625,external_check,0.18706889999157283,0.09825599999749102,0.005033899986301549,0.008309900003951043,0.0003093999985139817,0.07108119998883922,101506,21422,19669,2269,1596,593,18950,19582,586,27,613,6,6,167,247,40699,cb4e86ad3288b02286af42db10cb2b66dfbdc1df4ccb1eeb4f513cee389b6ed4
277,15,Join-restricted MILP,5/4,2,optimal_numerical,True,jsonschema,fielded,100000,101506,True,163819/4,40954.75,0.0,1.1306099000066752,136.3671875,between_stages,0.44447490001039114,0.0025840000016614795,0.03414089999569114,0.31954599999880884,0.01407459999609273,0.06653100000403356,101506,21422,19669,2269,0,0,0,0,0,1,1,19669,2269,21938,24207,33,f70234b82f0d34ab9b5cb5ae95607e08d7c4db598267af99bb660256b670aa5a
278,15,Global MILP baseline,5/4,2,optimal_numerical,True,jsonschema,fielded,100000,101506,True,163819/4,40954.75,0.0,2.221666599987657,180.94921875,between_stages,1.535082300004433,0.0034007999929599464,0.05892659998789895,1.377201099996455,0.01590119999309536,0.07031530000676867,101506,21422,19669,2269,0,0,0,0,0,1,1,19669,19669,39338,59007,33,aeb32a04f86ef10343a3b4addcf0a44d4aad2ccc489feccc8608fc49c5f0bf74
279,15,Global MILP baseline,5/4,3,optimal_numerical,True,jsonschema,fielded,100000,101506,True,163819/4,40954.75,0.0,2.2502688000095077,182.63671875,output_write,1.5394319999904837,0.004165400008787401,0.05954849999397993,1.3815635999926599,0.016672599987941794,0.06848780000291299,101506,21422,19669,2269,0,0,0,0,0,1,1,19669,19669,39338,59007,33,aeb32a04f86ef10343a3b4addcf0a44d4aad2ccc489feccc8608fc49c5f0bf74
280,15,Join-restricted MILP,5/4,3,optimal_numerical,True,jsonschema,fielded,100000,101506,True,163819/4,40954.75,0.0,1.1247805999882985,137.1015625,between_stages,0.44743640000524465,0.0030122999887680635,0.03350059999502264,0.3182169000065187,0.014395399994100444,0.07153719999769237,101506,21422,19669,2269,0,0,0,0,0,1,1,19669,2269,21938,24207,33,f70234b82f0d34ab9b5cb5ae95607e08d7c4db598267af99bb660256b670aa5a
281,15,Preprocessed global MILP,5/4,3,optimal_numerical,True,jsonschema,fielded,100000,101506,True,163819/4,40954.75,0.0,0.8772115999890957,117.20703125,between_stages,0.1854553000011947,0.09928310000395868,0.0022905000078026205,0.011188999997102655,0.0003116000007139519,0.06706450000638142,101506,21422,19669,2269,1596,593,18950,19582,586,27,613,6,6,167,247,40699,cb4e86ad3288b02286af42db10cb2b66dfbdc1df4ccb1eeb4f513cee389b6ed4
282,15,Global MILP baseline,5/4,4,optimal_numerical,True,jsonschema,fielded,100000,101506,True,163819/4,40954.75,0.0,2.248591600000509,181.4921875,between_stages,1.548266199999489,0.0035906000121030957,0.058017400006065145,1.3913847999938298,0.015400699994643219,0.07032830000389367,101506,21422,19669,2269,0,0,0,0,0,1,1,19669,19669,39338,59007,33,aeb32a04f86ef10343a3b4addcf0a44d4aad2ccc489feccc8608fc49c5f0bf74
283,15,Preprocessed global MILP,5/4,4,optimal_numerical,True,jsonschema,fielded,100000,101506,True,163819/4,40954.75,0.0,0.8827472999983002,116.1171875,between_stages,0.18758290000550915,0.10648489999584854,0.0026040999946417287,0.008128599991323426,0.00038330000825226307,0.06588739999278914,101506,21422,19669,2269,1596,593,18950,19582,586,27,613,6,6,167,247,40699,cb4e86ad3288b02286af42db10cb2b66dfbdc1df4ccb1eeb4f513cee389b6ed4
284,15,Join-restricted MILP,5/4,4,optimal_numerical,True,jsonschema,fielded,100000,101506,True,163819/4,40954.75,0.0,1.16497199999867,138.11328125,external_check,0.4471122000104515,0.002918300000601448,0.03366529999766499,0.3211045999923954,0.014171100003295578,0.06782339999335818,101506,21422,19669,2269,0,0,0,0,0,1,1,19669,2269,21938,24207,33,f70234b82f0d34ab9b5cb5ae95607e08d7c4db598267af99bb660256b670aa5a
285,15,Join-restricted MILP,5/4,5,optimal_numerical,True,jsonschema,fielded,100000,101506,True,163819/4,40954.75,0.0,1.2011170000041602,137.234375,between_stages,0.44476729999587405,0.002972699992824346,0.034446600009687245,0.31707509999978356,0.013499100008630194,0.06903710000915453,101506,21422,19669,2269,0,0,0,0,0,1,1,19669,2269,21938,24207,33,f70234b82f0d34ab9b5cb5ae95607e08d7c4db598267af99bb660256b670aa5a
286,15,Global MILP baseline,5/4,5,optimal_numerical,True,jsonschema,fielded,100000,101506,True,163819/4,40954.75,0.0,2.2393350999918766,181.375,external_check,1.5428953999944497,0.0039080999995348975,0.057846499999868684,1.3829552000097465,0.016484899999340996,0.07228329998906702,101506,21422,19669,2269,0,0,0,0,0,1,1,19669,19669,39338,59007,33,aeb32a04f86ef10343a3b4addcf0a44d4aad2ccc489feccc8608fc49c5f0bf74
287,15,Preprocessed global MILP,5/4,5,optimal_numerical,True,jsonschema,fielded,100000,101506,True,163819/4,40954.75,0.0,0.8606929000088712,116.2890625,external_check,0.18797129999438766,0.10132000000157859,0.002030400006333366,0.013457699998980388,0.000331900009769015,0.06602669999119826,101506,21422,19669,2269,1596,593,18950,19582,586,27,613,6,6,167,247,40699,cb4e86ad3288b02286af42db10cb2b66dfbdc1df4ccb1eeb4f513cee389b6ed4
288,16,Preprocessed global MILP,3/2,0,optimal_numerical,True,matplotlib,compact,100000,109859,True,152735/2,76367.5,0.0,0.9817654000071343,132.69921875,output_write,0.22019239999644924,0.09873929999594111,0.002024000001256354,0.004621700005372986,0.0001736999984132126,0.11022779998893384,109859,34952,23711,2400,1684,697,22993,23692,697,9,706,3,3,38,57,76302,d0ae5685d9a0697824e854d444df977a1ab08e8c9ca67f6dd14232f465cb3cea
289,16,Global MILP baseline,3/2,0,optimal_numerical,True,matplotlib,compact,100000,109859,True,152735/2,76367.5,0.0,1.0742197000072338,158.484375,between_stages,0.34929129999363795,0.003963700000895187,0.059982200007652864,0.1459766999905696,0.01651040000433568,0.11265190000995062,109859,34952,23711,2400,0,0,0,0,0,1,1,23711,23711,47422,71133,9,512ab168dc0aeec960b640652b6894ae503cd4e9720a7616b481cb4b7781cd8e
290,16,Join-restricted MILP,3/2,0,optimal_numerical,True,matplotlib,compact,100000,109859,True,152735/2,76367.5,0.0,0.9845311000099173,145.44921875,between_stages,0.258102300009341,0.003033900007721968,0.03196780000871513,0.0878892999899108,0.014123500004643574,0.11274939999566413,109859,34952,23711,2400,0,0,0,0,0,1,1,23711,2400,26111,28511,9,97b467516f2205033a2f9f3716874235914529e146d247d7845d762d6127ff90
291,16,Preprocessed global MILP,3/2,1,optimal_numerical,True,matplotlib,compact,100000,109859,True,152735/2,76367.5,0.0,0.957063099995139,133.81640625,output_write,0.22272799999336712,0.09564909999608062,0.0017442000098526478,0.0033309999998891726,0.0001655999949434772,0.11777799999981653,109859,34952,23711,2400,1684,697,22993,23692,697,9,706,3,3,38,57,76302,d0ae5685d9a0697824e854d444df977a1ab08e8c9ca67f6dd14232f465cb3cea
292,16,Join-restricted MILP,3/2,1,optimal_numerical,True,matplotlib,compact,100000,109859,True,152735/2,76367.5,0.0,1.0114394999982323,134.7890625,between_stages,0.2597890000033658,0.003146899995044805,0.03418170000077225,0.08937349999905564,0.014201800004229881,0.11042930000985507,109859,34952,23711,2400,0,0,0,0,0,1,1,23711,2400,26111,28511,9,97b467516f2205033a2f9f3716874235914529e146d247d7845d762d6127ff90
293,16,Global MILP baseline,3/2,1,optimal_numerical,True,matplotlib,compact,100000,109859,True,152735/2,76367.5,0.0,1.0791320000134874,159.125,between_stages,0.35066310000547674,0.0036945000028936192,0.06140690000029281,0.14617759999237023,0.017048599998815916,0.11241110000992194,109859,34952,23711,2400,0,0,0,0,0,1,1,23711,23711,47422,71133,9,512ab168dc0aeec960b640652b6894ae503cd4e9720a7616b481cb4b7781cd8e
294,16,Global MILP baseline,3/2,2,optimal_numerical,True,matplotlib,compact,100000,109859,True,152735/2,76367.5,0.0,1.0852097000024514,156.51171875,between_stages,0.3501976999978069,0.0037837999989278615,0.06025120000413153,0.14281889999983832,0.016007900005206466,0.11682350000774022,109859,34952,23711,2400,0,0,0,0,0,1,1,23711,23711,47422,71133,9,512ab168dc0aeec960b640652b6894ae503cd4e9720a7616b481cb4b7781cd8e
295,16,Join-restricted MILP,3/2,2,optimal_numerical,True,matplotlib,compact,100000,109859,True,152735/2,76367.5,0.0,0.9949157999944873,136.34765625,external_check,0.2589864000037778,0.002556400009780191,0.03177220000361558,0.08687229998758994,0.014252100008889101,0.11403719999361783,109859,34952,23711,2400,0,0,0,0,0,1,1,23711,2400,26111,28511,9,97b467516f2205033a2f9f3716874235914529e146d247d7845d762d6127ff90
296,16,Preprocessed global MILP,3/2,2,optimal_numerical,True,matplotlib,compact,100000,109859,True,152735/2,76367.5,0.0,0.9513864999898942,132.8359375,between_stages,0.22076899999228772,0.09809050000330899,0.002308499999344349,0.005390799997258,0.00017130000924225897,0.10992640000768006,109859,34952,23711,2400,1684,697,22993,23692,697,9,706,3,3,38,57,76302,d0ae5685d9a0697824e854d444df977a1ab08e8c9ca67f6dd14232f465cb3cea
297,16,Global MILP baseline,3/2,3,optimal_numerical,True,matplotlib,compact,100000,109859,True,152735/2,76367.5,0.0,1.0928929000074277,173.453125,between_stages,0.3555507999990368,0.003576999995857477,0.06138959999952931,0.14602949999971315,0.01669920000131242,0.11440149998816196,109859,34952,23711,2400,0,0,0,0,0,1,1,23711,23711,47422,71133,9,512ab168dc0aeec960b640652b6894ae503cd4e9720a7616b481cb4b7781cd8e
298,16,Preprocessed global MILP,3/2,3,optimal_numerical,True,matplotlib,compact,100000,109859,True,152735/2,76367.5,0.0,0.9794769000000088,135.51171875,output_write,0.24011800000153016,0.09783779999997932,0.0021670999994967133,0.004169400010141544,0.0002542000001994893,0.12834349999320693,109859,34952,23711,2400,1684,697,22993,23692,697,9,706,3,3,38,57,76302,d0ae5685d9a0697824e854d444df977a1ab08e8c9ca67f6dd14232f465cb3cea
299,16,Join-restricted MILP,3/2,3,optimal_numerical,True,matplotlib,compact,100000,109859,True,152735/2,76367.5,0.0,0.9937976000073832,137.6953125,between_stages,0.25924109999323264,0.002538399989134632,0.03138520001084544,0.08791810000548139,0.013490900004399009,0.11583070000051521,109859,34952,23711,2400,0,0,0,0,0,1,1,23711,2400,26111,28511,9,97b467516f2205033a2f9f3716874235914529e146d247d7845d762d6127ff90
300,16,Join-restricted MILP,3/2,4,optimal_numerical,True,matplotlib,compact,100000,109859,True,152735/2,76367.5,0.0,0.982300599993323,139.23828125,output_write,0.2550976000056835,0.0032007999980123714,0.0316441000031773,0.08669919999374542,0.014238600007956848,0.11131219999515451,109859,34952,23711,2400,0,0,0,0,0,1,1,23711,2400,26111,28511,9,97b467516f2205033a2f9f3716874235914529e146d247d7845d762d6127ff90
301,16,Global MILP baseline,3/2,4,optimal_numerical,True,matplotlib,compact,100000,109859,True,152735/2,76367.5,0.0,1.0774654999986524,177.53125,between_stages,0.34788669999397825,0.0036604000051738694,0.0611639999988256,0.1431663999974262,0.01658080000197515,0.11342470000090543,109859,34952,23711,2400,0,0,0,0,0,1,1,23711,23711,47422,71133,9,512ab168dc0aeec960b640652b6894ae503cd4e9720a7616b481cb4b7781cd8e
302,16,Preprocessed global MILP,3/2,4,optimal_numerical,True,matplotlib,compact,100000,109859,True,152735/2,76367.5,0.0,0.9786015999998199,134.03125,external_check,0.23355009999067988,0.0967330999992555,0.002115000010235235,0.004140899996855296,0.00017890000890474766,0.12639590000617318,109859,34952,23711,2400,1684,697,22993,23692,697,9,706,3,3,38,57,76302,d0ae5685d9a0697824e854d444df977a1ab08e8c9ca67f6dd14232f465cb3cea
303,16,Join-restricted MILP,3/2,5,optimal_numerical,True,matplotlib,compact,100000,109859,True,152735/2,76367.5,0.0,0.9957169999979669,140.7578125,output_write,0.2602982999960659,0.0034918000019388273,0.032074399990960956,0.0874855000001844,0.014003900010720827,0.115258999998332,109859,34952,23711,2400,0,0,0,0,0,1,1,23711,2400,26111,28511,9,97b467516f2205033a2f9f3716874235914529e146d247d7845d762d6127ff90
304,16,Preprocessed global MILP,3/2,5,optimal_numerical,True,matplotlib,compact,100000,109859,True,152735/2,76367.5,0.0,0.9594429999997374,133.41015625,between_stages,0.2263740000053076,0.10153699999500532,0.0023606999893672764,0.007094899992807768,0.00017689999367576092,0.11057069999515079,109859,34952,23711,2400,1684,697,22993,23692,697,9,706,3,3,38,57,76302,d0ae5685d9a0697824e854d444df977a1ab08e8c9ca67f6dd14232f465cb3cea
305,16,Global MILP baseline,3/2,5,optimal_numerical,True,matplotlib,compact,100000,109859,True,152735/2,76367.5,0.0,1.1113488000119105,158.38671875,between_stages,0.3622039999900153,0.004107999993721023,0.06931859999895096,0.1463237999996636,0.016826200007926673,0.11383780000323895,109859,34952,23711,2400,0,0,0,0,0,1,1,23711,23711,47422,71133,9,512ab168dc0aeec960b640652b6894ae503cd4e9720a7616b481cb4b7781cd8e
306,17,Preprocessed global MILP,3/2,0,optimal_numerical,True,pydantic,compact,100000,100042,True,125093/2,62546.5,0.0,0.9565417999983765,122.50390625,between_stages,0.21120340000197757,0.12130500000785105,0.0023769999970681965,0.008080500003416091,0.0003752000047825277,0.07470579999790061,100042,24650,21398,3251,2313,824,20456,21283,824,55,879,4,4,229,343,124277/2,44e6942cda1f3c4c043bf539c4b7490c6824da68f10bfe2b199b6edfe2cc77fc
307,17,Join-restricted MILP,3/2,0,optimal_numerical,True,pydantic,compact,100000,100042,True,125093/2,62546.5,0.0,1.023871400000644,137.9140625,between_stages,0.3214159000053769,0.002652199997100979,0.03697370000008959,0.18679350000456907,0.014055499996175058,0.07340779999503866,100042,24650,21398,3251,0,0,0,0,0,1,1,21398,3251,24649,27900,32,4020c28d16f9c937d3020104e49e4223ef3b1d05f9473e44b04dcc7f225a96d2
308,17,Global MILP baseline,3/2,0,optimal_numerical,True,pydantic,compact,100000,100042,True,125093/2,62546.5,0.0,1.4711807999992743,163.16796875,between_stages,0.7554296999878716,0.003893800007062964,0.060943000004044734,0.5877623999986099,0.01709629999822937,0.07573199999751523,100042,24650,21398,3251,0,0,0,0,0,1,1,21398,21398,42796,64194,32,0f93dcc03714e546b15428f03566b5b4b633063546724318ad9a585deec3e0d5
309,17,Global MILP baseline,3/2,1,optimal_numerical,True,pydantic,compact,100000,100042,True,125093/2,62546.5,0.0,1.5288794999942183,163.71875,between_stages,0.7526076000067405,0.004181700001936406,0.06406430000788532,0.5788796999986516,0.016766999993706122,0.07836159999715164,100042,24650,21398,3251,0,0,0,0,0,1,1,21398,21398,42796,64194,32,0f93dcc03714e546b15428f03566b5b4b633063546724318ad9a585deec3e0d5
310,17,Join-restricted MILP,3/2,1,optimal_numerical,True,pydantic,compact,100000,100042,True,125093/2,62546.5,0.0,1.030949399995734,137.64453125,between_stages,0.3240880999946967,0.0027128000074299052,0.03682390000903979,0.18612889999349136,0.01505090000864584,0.07640569999057334,100042,24650,21398,3251,0,0,0,0,0,1,1,21398,3251,24649,27900,32,4020c28d16f9c937d3020104e49e4223ef3b1d05f9473e44b04dcc7f225a96d2
311,17,Preprocessed global MILP,3/2,1,optimal_numerical,True,pydantic,compact,100000,100042,True,125093/2,62546.5,0.0,0.9742493999947328,122.75390625,between_stages,0.2129244999960065,0.12062780000269413,0.0021004000009270385,0.007495699988794513,0.0003544999926816672,0.07851050001045223,100042,24650,21398,3251,2313,824,20456,21283,824,55,879,4,4,229,343,124277/2,44e6942cda1f3c4c043bf539c4b7490c6824da68f10bfe2b199b6edfe2cc77fc
312,17,Global MILP baseline,3/2,2,optimal_numerical,True,pydantic,compact,100000,100042,True,125093/2,62546.5,0.0,1.4818856999918353,162.953125,between_stages,0.7458264000015333,0.004320299995015375,0.06314240000210702,0.5762023999996018,0.017801199996029027,0.07203809999919031,100042,24650,21398,3251,0,0,0,0,0,1,1,21398,21398,42796,64194,32,0f93dcc03714e546b15428f03566b5b4b633063546724318ad9a585deec3e0d5
313,17,Preprocessed global MILP,3/2,2,optimal_numerical,True,pydantic,compact,100000,100042,True,125093/2,62546.5,0.0,0.9672280000086175,123.75,between_stages,0.21174009999958798,0.11956110000028275,0.002449499996146187,0.008995199998025782,0.0004351999959908426,0.0760971999989124,100042,24650,21398,3251,2313,824,20456,21283,824,55,879,4,4,229,343,124277/2,44e6942cda1f3c4c043bf539c4b7490c6824da68f10bfe2b199b6edfe2cc77fc
314,17,Join-restricted MILP,3/2,2,optimal_numerical,True,pydantic,compact,100000,100042,True,125093/2,62546.5,0.0,1.0447475999972085,138.375,between_stages,0.3333810999902198,0.002549000011640601,0.03683289999025874,0.19572570000309497,0.014937300002202392,0.07534700000542216,100042,24650,21398,3251,0,0,0,0,0,1,1,21398,3251,24649,27900,32,4020c28d16f9c937d3020104e49e4223ef3b1d05f9473e44b04dcc7f225a96d2
315,17,Join-restricted MILP,3/2,3,optimal_numerical,True,pydantic,compact,100000,100042,True,125093/2,62546.5,0.0,1.07740150000609,137.52734375,output_write,0.34253870000247844,0.002973000009660609,0.036651999995228834,0.19557910000730772,0.0155287999950815,0.08350360000622459,100042,24650,21398,3251,0,0,0,0,0,1,1,21398,3251,24649,27900,32,4020c28d16f9c937d3020104e49e4223ef3b1d05f9473e44b04dcc7f225a96d2
316,17,Global MILP baseline,3/2,3,optimal_numerical,True,pydantic,compact,100000,100042,True,125093/2,62546.5,0.0,1.4439935000118567,166.2890625,between_stages,0.7445168999984162,0.0033685999951558188,0.06186419998994097,0.5769007000053534,0.017025299996021204,0.07556580001255497,100042,24650,21398,3251,0,0,0,0,0,1,1,21398,21398,42796,64194,32,0f93dcc03714e546b15428f03566b5b4b633063546724318ad9a585deec3e0d5
317,17,Preprocessed global MILP,3/2,3,optimal_numerical,True,pydantic,compact,100000,100042,True,125093/2,62546.5,0.0,0.9643445999972755,122.94921875,between_stages,0.2119754000013927,0.12179520000063349,0.0021466000034706667,0.008915700003853999,0.0006889999931445345,0.07391129998723045,100042,24650,21398,3251,2313,824,20456,21283,824,55,879,4,4,229,343,124277/2,44e6942cda1f3c4c043bf539c4b7490c6824da68f10bfe2b199b6edfe2cc77fc
318,17,Join-restricted MILP,3/2,4,optimal_numerical,True,pydantic,compact,100000,100042,True,125093/2,62546.5,0.0,1.0397044999990612,138.51953125,output_write,0.323686199990334,0.0032533999910810962,0.034672699999646284,0.1868806999991648,0.014825799997197464,0.07678269999451004,100042,24650,21398,3251,0,0,0,0,0,1,1,21398,3251,24649,27900,32,4020c28d16f9c937d3020104e49e4223ef3b1d05f9473e44b04dcc7f225a96d2
319,17,Preprocessed global MILP,3/2,4,optimal_numerical,True,pydantic,compact,100000,100042,True,125093/2,62546.5,0.0,0.9596718000102555,123.1640625,between_stages,0.21063330001197755,0.12124190000758972,0.0027316999912727624,0.00737180000578519,0.00037650000012945384,0.07452160000684671,100042,24650,21398,3251,2313,824,20456,21283,824,55,879,4,4,229,343,124277/2,44e6942cda1f3c4c043bf539c4b7490c6824da68f10bfe2b199b6edfe2cc77fc
320,17,Global MILP baseline,3/2,4,optimal_numerical,True,pydantic,compact,100000,100042,True,125093/2,62546.5,0.0,1.4580338999949163,165.37890625,output_write,0.7425757000019075,0.003464900000835769,0.06101799999305513,0.5784133999986807,0.016554999994696118,0.07330449999426492,100042,24650,21398,3251,0,0,0,0,0,1,1,21398,21398,42796,64194,32,0f93dcc03714e546b15428f03566b5b4b633063546724318ad9a585deec3e0d5
321,17,Preprocessed global MILP,3/2,5,optimal_numerical,True,pydantic,compact,100000,100042,True,125093/2,62546.5,0.0,0.9726011000020662,124.04296875,output_write,0.21538819999841508,0.1253082000039285,0.0020370999991428107,0.008904700007406063,0.000341199993272312,0.0746586000022944,100042,24650,21398,3251,2313,824,20456,21283,824,55,879,4,4,229,343,124277/2,44e6942cda1f3c4c043bf539c4b7490c6824da68f10bfe2b199b6edfe2cc77fc
322,17,Global MILP baseline,3/2,5,optimal_numerical,True,pydantic,compact,100000,100042,True,125093/2,62546.5,0.0,1.4492825999914203,164.78515625,output_write,0.7472845000011148,0.0035860000061802566,0.06117580000136513,0.5775424000021303,0.016605800003162585,0.0793851999915205,100042,24650,21398,3251,0,0,0,0,0,1,1,21398,21398,42796,64194,32,0f93dcc03714e546b15428f03566b5b4b633063546724318ad9a585deec3e0d5
323,17,Join-restricted MILP,3/2,5,optimal_numerical,True,pydantic,compact,100000,100042,True,125093/2,62546.5,0.0,1.0715850000124192,138.06640625,between_stages,0.3256053999939468,0.0033115999976871535,0.03595780000614468,0.18819430000439752,0.014897100001689978,0.07588620000751689,100042,24650,21398,3251,0,0,0,0,0,1,1,21398,3251,24649,27900,32,4020c28d16f9c937d3020104e49e4223ef3b1d05f9473e44b04dcc7f225a96d2
324,18,Global MILP baseline,3/2,0,optimal_numerical,True,aiohttp,compact,100000,108915,True,65185,65185.0,0.0,1.4527150000067195,166.96875,output_write,0.7004871999961324,0.0033705999958328903,0.06191930000204593,0.5289776999998139,0.016599399998085573,0.0802140000014333,108915,24707,21572,3338,0,0,0,0,0,1,1,21572,21572,43144,64716,26,8f09cc0b34ba30ce4e769eb8914aa7497128412ba5e4a060a23f0fa2680e8829
325,18,Join-restricted MILP,3/2,0,optimal_numerical,True,aiohttp,compact,100000,108915,True,65185,65185.0,0.0,1.089658299999428,141.14453125,between_stages,0.35704630000691395,0.002726000006077811,0.037559399992460385,0.21622479999496136,0.014583799988031387,0.07817490000161342,108915,24707,21572,3338,0,0,0,0,0,1,1,21572,3338,24910,28248,26,968f205e68415550b05daf27772c827b41571bb5926ae5c7c4e9a70a1fb16a0b
326,18,Preprocessed global MILP,3/2,0,optimal_numerical,True,aiohttp,compact,100000,108915,True,65185,65185.0,0.0,1.0206807999929879,123.33984375,output_write,0.21726659999694675,0.12377890000061598,0.002656800003023818,0.007718000008026138,0.00031060000765137374,0.07880730000033509,108915,24707,21572,3338,2513,723,20746,21470,720,50,770,3,3,204,306,129641/2,a772336f5a93df99caf9306d4a665fe44f4b2d7ee0e21e9391ea43bfb648c87a
327,18,Global MILP baseline,3/2,1,optimal_numerical,True,aiohttp,compact,100000,108915,True,65185,65185.0,0.0,1.45877249998739,168.5078125,between_stages,0.7017510000005132,0.004117699994822033,0.0612602000037441,0.5298346999916248,0.01699310001276899,0.07895680000365246,108915,24707,21572,3338,0,0,0,0,0,1,1,21572,21572,43144,64716,26,8f09cc0b34ba30ce4e769eb8914aa7497128412ba5e4a060a23f0fa2680e8829
328,18,Preprocessed global MILP,3/2,1,optimal_numerical,True,aiohttp,compact,100000,108915,True,65185,65185.0,0.0,0.9870576999965124,127.62109375,output_write,0.21127519999572542,0.11805749998893589,0.0026114999927813187,0.008967599991592579,0.0003088000084972009,0.07737670000642538,108915,24707,21572,3338,2513,723,20746,21470,720,50,770,3,3,204,306,129641/2,a772336f5a93df99caf9306d4a665fe44f4b2d7ee0e21e9391ea43bfb648c87a
329,18,Join-restricted MILP,3/2,1,optimal_numerical,True,aiohttp,compact,100000,108915,True,65185,65185.0,0.0,1.1195104000071296,143.09375,between_stages,0.37205859999812674,0.0034665999992284924,0.036765199998626485,0.22742789999756496,0.014106000002357177,0.08237770000414457,108915,24707,21572,3338,0,0,0,0,0,1,1,21572,3338,24910,28248,26,968f205e68415550b05daf27772c827b41571bb5926ae5c7c4e9a70a1fb16a0b
330,18,Join-restricted MILP,3/2,2,optimal_numerical,True,aiohttp,compact,100000,108915,True,65185,65185.0,0.0,1.0929298999981256,140.91796875,between_stages,0.3576984999963315,0.0034432999964337796,0.0370349000004353,0.21703110000817105,0.014927299998817034,0.07759960000112187,108915,24707,21572,3338,0,0,0,0,0,1,1,21572,3338,24910,28248,26,968f205e68415550b05daf27772c827b41571bb5926ae5c7c4e9a70a1fb16a0b
331,18,Global MILP baseline,3/2,2,optimal_numerical,True,aiohttp,compact,100000,108915,True,65185,65185.0,0.0,1.443483399998513,167.15625,external_check,0.7005991000041831,0.004197399990516715,0.06202169999596663,0.5268303000048036,0.01669249999395106,0.08136919999378733,108915,24707,21572,3338,0,0,0,0,0,1,1,21572,21572,43144,64716,26,8f09cc0b34ba30ce4e769eb8914aa7497128412ba5e4a060a23f0fa2680e8829
332,18,Preprocessed global MILP,3/2,2,optimal_numerical,True,aiohttp,compact,100000,108915,True,65185,65185.0,0.0,1.0117956999893067,126.10546875,between_stages,0.2216723000019556,0.12914040000759996,0.002919799997471273,0.009529200004180893,0.0003561000048648566,0.07538009999552742,108915,24707,21572,3338,2513,723,20746,21470,720,50,770,3,3,204,306,129641/2,a772336f5a93df99caf9306d4a665fe44f4b2d7ee0e21e9391ea43bfb648c87a
333,18,Join-restricted MILP,3/2,3,optimal_numerical,True,aiohttp,compact,100000,108915,True,65185,65185.0,0.0,1.0880946000106633,141.33984375,between_stages,0.3609393000078853,0.0028503999928943813,0.03611270000692457,0.2189518999948632,0.01398940000217408,0.08134259999496862,108915,24707,21572,3338,0,0,0,0,0,1,1,21572,3338,24910,28248,26,968f205e68415550b05daf27772c827b41571bb5926ae5c7c4e9a70a1fb16a0b
334,18,Preprocessed global MILP,3/2,3,optimal_numerical,True,aiohttp,compact,100000,108915,True,65185,65185.0,0.0,1.004111100002774,126.0703125,between_stages,0.208667200000491,0.11817010000231676,0.0024083999887807295,0.008495999994920567,0.0005355000030249357,0.07489830000849906,108915,24707,21572,3338,2513,723,20746,21470,720,50,770,3,3,204,306,129641/2,a772336f5a93df99caf9306d4a665fe44f4b2d7ee0e21e9391ea43bfb648c87a
335,18,Global MILP baseline,3/2,3,optimal_numerical,True,aiohttp,compact,100000,108915,True,65185,65185.0,0.0,1.4887147999979788,167.6953125,between_stages,0.7116915000078734,0.003827900000032969,0.06084330000157934,0.5409197999979369,0.017018699989421293,0.08017729999846779,108915,24707,21572,3338,0,0,0,0,0,1,1,21572,21572,43144,64716,26,8f09cc0b34ba30ce4e769eb8914aa7497128412ba5e4a060a23f0fa2680e8829
336,18,Preprocessed global MILP,3/2,4,optimal_numerical,True,aiohttp,compact,100000,108915,True,65185,65185.0,0.0,1.008788099992671,125.94921875,between_stages,0.21940310001082253,0.12418749999778811,0.0026599999982863665,0.007992300001205876,0.0004813999985344708,0.07939539999642875,108915,24707,21572,3338,2513,723,20746,21470,720,50,770,3,3,204,306,129641/2,a772336f5a93df99caf9306d4a665fe44f4b2d7ee0e21e9391ea43bfb648c87a
337,18,Global MILP baseline,3/2,4,optimal_numerical,True,aiohttp,compact,100000,108915,True,65185,65185.0,0.0,1.4653910999913933,166.97265625,between_stages,0.7110415000061039,0.003898100010701455,0.062314599999808706,0.5328498000017134,0.01708390000567306,0.08564390000537969,108915,24707,21572,3338,0,0,0,0,0,1,1,21572,21572,43144,64716,26,8f09cc0b34ba30ce4e769eb8914aa7497128412ba5e4a060a23f0fa2680e8829
338,18,Join-restricted MILP,3/2,4,optimal_numerical,True,aiohttp,compact,100000,108915,True,65185,65185.0,0.0,1.1143584000092233,143.53125,between_stages,0.3715354000014486,0.0059053000004496425,0.03661450000072364,0.22593030000280123,0.014208699998562224,0.08084340000641532,108915,24707,21572,3338,0,0,0,0,0,1,1,21572,3338,24910,28248,26,968f205e68415550b05daf27772c827b41571bb5926ae5c7c4e9a70a1fb16a0b
339,18,Preprocessed global MILP,3/2,5,optimal_numerical,True,aiohttp,compact,100000,108915,True,65185,65185.0,0.0,1.0061782999982825,125.52734375,between_stages,0.20582700001250487,0.11783370000193827,0.0022892999986652285,0.007263899999088608,0.00034919999598059803,0.0744016999960877,108915,24707,21572,3338,2513,723,20746,21470,720,50,770,3,3,204,306,129641/2,a772336f5a93df99caf9306d4a665fe44f4b2d7ee0e21e9391ea43bfb648c87a
340,18,Join-restricted MILP,3/2,5,optimal_numerical,True,aiohttp,compact,100000,108915,True,65185,65185.0,0.0,1.1328446999978041,141.98828125,between_stages,0.3600877999997465,0.0033290999999735504,0.036977200012188405,0.2151975000015227,0.015055700001539662,0.07868540000345092,108915,24707,21572,3338,0,0,0,0,0,1,1,21572,3338,24910,28248,26,968f205e68415550b05daf27772c827b41571bb5926ae5c7c4e9a70a1fb16a0b
341,18,Global MILP baseline,3/2,5,optimal_numerical,True,aiohttp,compact,100000,108915,True,65185,65185.0,0.0,1.4540759999945294,167.69140625,external_check,0.7333867000124883,0.004175999987637624,0.06686550000449643,0.5422586999920895,0.017063000006601214,0.09398679999867454,108915,24707,21572,3338,0,0,0,0,0,1,1,21572,21572,43144,64716,26,8f09cc0b34ba30ce4e769eb8914aa7497128412ba5e4a060a23f0fa2680e8829
342,19,Global MILP baseline,3/2,0,optimal_numerical,True,jsonschema,compact,100000,91848,True,96073/2,48036.5,0.0,1.349384100001771,148.765625,between_stages,0.6211344000039389,0.0033041999995475635,0.04738070000894368,0.485484600008931,0.013649100001202896,0.06517190000158735,91848,18581,16226,2368,0,0,0,0,0,1,1,16226,16226,32452,48678,36,ece0904d67bae5c4dc7a1207905c951c454a0e9e418f71f83dc44eac7359db2c
343,19,Preprocessed global MILP,3/2,0,optimal_numerical,True,jsonschema,compact,100000,91848,True,96073/2,48036.5,0.0,0.8225234999990789,111.6875,between_stages,0.17676360000041313,0.09336739999707788,0.008869099998264574,0.006746400002157316,0.0003288999869255349,0.06347539999114815,91848,18581,16226,2368,1868,420,15723,16146,420,39,459,3,3,160,240,47759,dde437b02e19392383f5c26cf8b167a942f6fb1ef0b8825801cc2414cb51ebc9
344,19,Join-restricted MILP,3/2,0,optimal_numerical,True,jsonschema,compact,100000,91848,True,96073/2,48036.5,0.0,0.9291233999974793,126.765625,external_check,0.27529190000495873,0.002304800000274554,0.02853720000712201,0.16182359999220353,0.012050300007103942,0.06507179999607615,91848,18581,16226,2368,0,0,0,0,0,1,1,16226,2368,18594,20962,36,0234150dfa48b30b989e515bdd6dddbf7fd3bcf50383f23abb43f0fee0ae11fc
345,19,Join-restricted MILP,3/2,1,optimal_numerical,True,jsonschema,compact,100000,91848,True,96073/2,48036.5,0.0,0.95005119999405,126.85546875,between_stages,0.2893753999960609,0.003078299996559508,0.027753499991376884,0.1627679000084754,0.014338799999677576,0.07559710000350606,91848,18581,16226,2368,0,0,0,0,0,1,1,16226,2368,18594,20962,36,0234150dfa48b30b989e515bdd6dddbf7fd3bcf50383f23abb43f0fee0ae11fc
346,19,Global MILP baseline,3/2,1,optimal_numerical,True,jsonschema,compact,100000,91848,True,96073/2,48036.5,0.0,1.2747694999998203,148.4609375,between_stages,0.6215509999892674,0.0034869000082835555,0.046242199998232536,0.4887082999921404,0.01267669998924248,0.06399880000390112,91848,18581,16226,2368,0,0,0,0,0,1,1,16226,16226,32452,48678,36,ece0904d67bae5c4dc7a1207905c951c454a0e9e418f71f83dc44eac7359db2c
347,19,Preprocessed global MILP,3/2,1,optimal_numerical,True,jsonschema,compact,100000,91848,True,96073/2,48036.5,0.0,0.8230872999993153,111.91015625,between_stages,0.16947340000479016,0.09151030000066385,0.0027253000007476658,0.008265399999800138,0.000294700002996251,0.06309399999736343,91848,18581,16226,2368,1868,420,15723,16146,420,39,459,3,3,160,240,47759,dde437b02e19392383f5c26cf8b167a942f6fb1ef0b8825801cc2414cb51ebc9
348,19,Join-restricted MILP,3/2,2,optimal_numerical,True,jsonschema,compact,100000,91848,True,96073/2,48036.5,0.0,0.941737799992552,127.29296875,between_stages,0.27621859998907894,0.0023997999960556626,0.030089699997915886,0.16277680000348482,0.011904499988304451,0.06349879999470431,91848,18581,16226,2368,0,0,0,0,0,1,1,16226,2368,18594,20962,36,0234150dfa48b30b989e515bdd6dddbf7fd3bcf50383f23abb43f0fee0ae11fc
349,19,Preprocessed global MILP,3/2,2,optimal_numerical,True,jsonschema,compact,100000,91848,True,96073/2,48036.5,0.0,0.8163067999994382,112.25390625,between_stages,0.16945529999793507,0.09311779998824932,0.002143300007446669,0.0067999000020790845,0.00030670000705868006,0.06372120000014547,91848,18581,16226,2368,1868,420,15723,16146,420,39,459,3,3,160,240,47759,dde437b02e19392383f5c26cf8b167a942f6fb1ef0b8825801cc2414cb51ebc9
350,19,Global MILP baseline,3/2,2,optimal_numerical,True,jsonschema,compact,100000,91848,True,96073/2,48036.5,0.0,1.2754458999988856,148.2109375,between_stages,0.617896900002961,0.002884700006688945,0.04802960000233725,0.48333760000241455,0.013516699997126125,0.06420179999258835,91848,18581,16226,2368,0,0,0,0,0,1,1,16226,16226,32452,48678,36,ece0904d67bae5c4dc7a1207905c951c454a0e9e418f71f83dc44eac7359db2c
351,19,Preprocessed global MILP,3/2,3,optimal_numerical,True,jsonschema,compact,100000,91848,True,96073/2,48036.5,0.0,0.8446935999963898,114.578125,output_write,0.16466519999084994,0.09071569998923223,0.0024167000083252788,0.006047600007150322,0.00030109999352134764,0.06161710000014864,91848,18581,16226,2368,1868,420,15723,16146,420,39,459,3,3,160,240,47759,dde437b02e19392383f5c26cf8b167a942f6fb1ef0b8825801cc2414cb51ebc9
352,19,Global MILP baseline,3/2,3,optimal_numerical,True,jsonschema,compact,100000,91848,True,96073/2,48036.5,0.0,1.2544676999968942,147.07421875,external_check,0.6059859999950277,0.0028778999985661358,0.045849600006476976,0.4775091000046814,0.012510000000474975,0.06044349999865517,91848,18581,16226,2368,0,0,0,0,0,1,1,16226,16226,32452,48678,36,ece0904d67bae5c4dc7a1207905c951c454a0e9e418f71f83dc44eac7359db2c
353,19,Join-restricted MILP,3/2,3,optimal_numerical,True,jsonschema,compact,100000,91848,True,96073/2,48036.5,0.0,0.8877019000065047,129.35546875,between_stages,0.25858040001185145,0.0023013000027276576,0.027261900002486072,0.15298970000003465,0.011109999992186204,0.05911629999172874,91848,18581,16226,2368,0,0,0,0,0,1,1,16226,2368,18594,20962,36,0234150dfa48b30b989e515bdd6dddbf7fd3bcf50383f23abb43f0fee0ae11fc
354,19,Preprocessed global MILP,3/2,4,optimal_numerical,True,jsonschema,compact,100000,91848,True,96073/2,48036.5,0.0,0.7911602999956813,112.53125,external_check,0.1613669999933336,0.0889208000007784,0.002616199999465607,0.006728199994540773,0.0003015000111190602,0.0592326000041794,91848,18581,16226,2368,1868,420,15723,16146,420,39,459,3,3,160,240,47759,dde437b02e19392383f5c26cf8b167a942f6fb1ef0b8825801cc2414cb51ebc9
355,19,Join-restricted MILP,3/2,4,optimal_numerical,True,jsonschema,compact,100000,91848,True,96073/2,48036.5,0.0,0.9365298000047915,126.46484375,between_stages,0.2668205000081798,0.002581100008683279,0.027909800002817065,0.1597671000054106,0.010895800005528145,0.06003870000131428,91848,18581,16226,2368,0,0,0,0,0,1,1,16226,2368,18594,20962,36,0234150dfa48b30b989e515bdd6dddbf7fd3bcf50383f23abb43f0fee0ae11fc
356,19,Global MILP baseline,3/2,4,optimal_numerical,True,jsonschema,compact,100000,91848,True,96073/2,48036.5,0.0,1.2286464999924647,148.1015625,between_stages,0.594798099991749,0.002823800008627586,0.0454633999906946,0.4663388000044506,0.013007599991397,0.06112270000448916,91848,18581,16226,2368,0,0,0,0,0,1,1,16226,16226,32452,48678,36,ece0904d67bae5c4dc7a1207905c951c454a0e9e418f71f83dc44eac7359db2c
357,19,Global MILP baseline,3/2,5,optimal_numerical,True,jsonschema,compact,100000,91848,True,96073/2,48036.5,0.0,1.2342319000017596,147.60546875,between_stages,0.5976381999935256,0.0028120000060880557,0.0455562999995891,0.4696705000096699,0.012597299995832145,0.06111369999416638,91848,18581,16226,2368,0,0,0,0,0,1,1,16226,16226,32452,48678,36,ece0904d67bae5c4dc7a1207905c951c454a0e9e418f71f83dc44eac7359db2c
358,19,Join-restricted MILP,3/2,5,optimal_numerical,True,jsonschema,compact,100000,91848,True,96073/2,48036.5,0.0,0.943340600002557,128.2734375,between_stages,0.2730418999999529,0.002293400000780821,0.02755910000996664,0.15324390000023413,0.011467500007711351,0.0731997999973828,91848,18581,16226,2368,0,0,0,0,0,1,1,16226,2368,18594,20962,36,0234150dfa48b30b989e515bdd6dddbf7fd3bcf50383f23abb43f0fee0ae11fc
359,19,Preprocessed global MILP,3/2,5,optimal_numerical,True,jsonschema,compact,100000,91848,True,96073/2,48036.5,0.0,0.8153682999982266,111.89453125,between_stages,0.1631731000088621,0.08861020000767894,0.0018898999987868592,0.005783900007372722,0.0002764000091701746,0.06013860000530258,91848,18581,16226,2368,1868,420,15723,16146,420,39,459,3,3,160,240,47759,dde437b02e19392383f5c26cf8b167a942f6fb1ef0b8825801cc2414cb51ebc9
360,20,Join-restricted MILP,3/2,0,optimal_numerical,True,matplotlib,fielded,100000,130113,True,51736,51736.0,0.0,1.0372576999943703,139.6171875,between_stages,0.3157513000041945,0.005583000005572103,0.02788239999790676,0.19662630000675563,0.010725399988587014,0.06950469998992048,130113,20699,17792,2881,0,0,0,0,0,1,1,17792,2881,20673,23554,8,2a2285784528a67b5f7b7c44fdde17299cd5427028cce84d36336713d5ade88c
361,20,Global MILP baseline,3/2,0,optimal_numerical,True,matplotlib,fielded,100000,130113,True,51736,51736.0,0.0,1.754055800003698,174.56640625,between_stages,1.0444707999995444,0.003013599998666905,0.04837850001058541,0.9049322000064421,0.012700200008112006,0.06937789999938104,130113,20699,17792,2881,0,0,0,0,0,1,1,17792,17792,35584,53376,8,5645a828f684c42175abb7810bf6c496356e29cd004d46e3c26dfce2b0cf6d50
362,20,Preprocessed global MILP,3/2,0,optimal_numerical,True,matplotlib,fielded,100000,130113,True,51736,51736.0,0.0,0.9050604000076419,124.28515625,output_write,0.16750219999812543,0.08150150001165457,0.0018734999903244898,0.007509899995056912,0.0002728000108618289,0.07189370000560302,130113,20699,17792,2881,2391,429,17269,17724,421,20,441,7,5,129,190,103073/2,38c5c2078171d56fe87ae6932b8787f3ec448b1b16ce905ba349e4d65bce717a
363,20,Join-restricted MILP,3/2,1,optimal_numerical,True,matplotlib,fielded,100000,130113,True,51736,51736.0,0.0,1.0230672000034247,138.82421875,between_stages,0.3160138000093866,0.002417099996819161,0.02843330000177957,0.19561340000655036,0.01081059999705758,0.0729659999924479,130113,20699,17792,2881,0,0,0,0,0,1,1,17792,2881,20673,23554,8,2a2285784528a67b5f7b7c44fdde17299cd5427028cce84d36336713d5ade88c
364,20,Preprocessed global MILP,3/2,1,optimal_numerical,True,matplotlib,fielded,100000,130113,True,51736,51736.0,0.0,0.9255668000114383,123.39453125,between_stages,0.17019069999514613,0.08250800000678282,0.0050617000088095665,0.006527099991217256,0.0002384999970672652,0.07162719999905676,130113,20699,17792,2881,2391,429,17269,17724,421,20,441,7,5,129,190,103073/2,38c5c2078171d56fe87ae6932b8787f3ec448b1b16ce905ba349e4d65bce717a
365,20,Global MILP baseline,3/2,1,optimal_numerical,True,matplotlib,fielded,100000,130113,True,51736,51736.0,0.0,1.7577433999977075,174.734375,between_stages,1.033973600002355,0.0030984000040916726,0.04880290001165122,0.8920097000082023,0.012742799997795373,0.06976670000585727,130113,20699,17792,2881,0,0,0,0,0,1,1,17792,17792,35584,53376,8,5645a828f684c42175abb7810bf6c496356e29cd004d46e3c26dfce2b0cf6d50
366,20,Preprocessed global MILP,3/2,2,optimal_numerical,True,matplotlib,fielded,100000,130113,True,51736,51736.0,0.0,0.8787115000013728,123.96484375,between_stages,0.16278650000458583,0.08279240000410937,0.00176830000418704,0.0061255999899003655,0.0002606000052765012,0.0684898999897996,130113,20699,17792,2881,2391,429,17269,17724,421,20,441,7,5,129,190,103073/2,38c5c2078171d56fe87ae6932b8787f3ec448b1b16ce905ba349e4d65bce717a
367,20,Global MILP baseline,3/2,2,optimal_numerical,True,matplotlib,fielded,100000,130113,True,51736,51736.0,0.0,1.7531116999889491,174.71484375,between_stages,1.0363288000080502,0.003160300009767525,0.050122800006647594,0.8891707000002498,0.013560599996708333,0.07432130000961479,130113,20699,17792,2881,0,0,0,0,0,1,1,17792,17792,35584,53376,8,5645a828f684c42175abb7810bf6c496356e29cd004d46e3c26dfce2b0cf6d50
368,20,Join-restricted MILP,3/2,2,optimal_numerical,True,matplotlib,fielded,100000,130113,True,51736,51736.0,0.0,1.0553109000029508,139.9453125,between_stages,0.3157790999975987,0.0031143999949563295,0.02744219999294728,0.20035690000804607,0.010612700003548525,0.06882099999347702,130113,20699,17792,2881,0,0,0,0,0,1,1,17792,2881,20673,23554,8,2a2285784528a67b5f7b7c44fdde17299cd5427028cce84d36336713d5ade88c
369,20,Preprocessed global MILP,3/2,3,optimal_numerical,True,matplotlib,fielded,100000,130113,True,51736,51736.0,0.0,0.8922683999990113,123.44921875,output_write,0.16383510000014212,0.08060640000621788,0.001864299993030727,0.008169299995643087,0.00026359999901615083,0.06890259998908732,130113,20699,17792,2881,2391,429,17269,17724,421,20,441,7,5,129,190,103073/2,38c5c2078171d56fe87ae6932b8787f3ec448b1b16ce905ba349e4d65bce717a
370,20,Join-restricted MILP,3/2,3,optimal_numerical,True,matplotlib,fielded,100000,130113,True,51736,51736.0,0.0,1.0317555999936303,139.70703125,between_stages,0.3153378999995766,0.0025280999980168417,0.028422100003808737,0.1974045999959344,0.011083699995651841,0.07045810000272468,130113,20699,17792,2881,0,0,0,0,0,1,1,17792,2881,20673,23554,8,2a2285784528a67b5f7b7c44fdde17299cd5427028cce84d36336713d5ade88c
371,20,Global MILP baseline,3/2,3,optimal_numerical,True,matplotlib,fielded,100000,130113,True,51736,51736.0,0.0,1.7595459000003757,176.27734375,external_check,1.0403091999905882,0.003258199998526834,0.047188199998345226,0.8986608999985037,0.013195399995311163,0.07109560001117643,130113,20699,17792,2881,0,0,0,0,0,1,1,17792,17792,35584,53376,8,5645a828f684c42175abb7810bf6c496356e29cd004d46e3c26dfce2b0cf6d50
372,20,Global MILP baseline,3/2,4,optimal_numerical,True,matplotlib,fielded,100000,130113,True,51736,51736.0,0.0,1.7472454000089783,174.80859375,between_stages,1.028895499999635,0.00343359999533277,0.047223099987604655,0.888160099988454,0.012289899997995235,0.07139460000325926,130113,20699,17792,2881,0,0,0,0,0,1,1,17792,17792,35584,53376,8,5645a828f684c42175abb7810bf6c496356e29cd004d46e3c26dfce2b0cf6d50
373,20,Join-restricted MILP,3/2,4,optimal_numerical,True,matplotlib,fielded,100000,130113,True,51736,51736.0,0.0,1.0312637000024552,137.37890625,external_check,0.3171143000072334,0.0023485999990953133,0.027620000008028,0.20061929999792483,0.011389999999664724,0.06940340000437573,130113,20699,17792,2881,0,0,0,0,0,1,1,17792,2881,20673,23554,8,2a2285784528a67b5f7b7c44fdde17299cd5427028cce84d36336713d5ade88c
374,20,Preprocessed global MILP,3/2,4,optimal_numerical,True,matplotlib,fielded,100000,130113,True,51736,51736.0,0.0,0.9049663999903714,123.37109375,output_write,0.16568439999537077,0.08122150000417605,0.0022483999928226694,0.006021199995302595,0.0002466000005370006,0.07251189999806229,130113,20699,17792,2881,2391,429,17269,17724,421,20,441,7,5,129,190,103073/2,38c5c2078171d56fe87ae6932b8787f3ec448b1b16ce905ba349e4d65bce717a
375,20,Global MILP baseline,3/2,5,optimal_numerical,True,matplotlib,fielded,100000,130113,True,51736,51736.0,0.0,1.7713180999999167,176.078125,external_check,1.027254600005108,0.003538799996022135,0.047618200012948364,0.8879032000113511,0.013134600012563169,0.06838209999841638,130113,20699,17792,2881,0,0,0,0,0,1,1,17792,17792,35584,53376,8,5645a828f684c42175abb7810bf6c496356e29cd004d46e3c26dfce2b0cf6d50
376,20,Preprocessed global MILP,3/2,5,optimal_numerical,True,matplotlib,fielded,100000,130113,True,51736,51736.0,0.0,0.9267745000106515,123.88671875,between_stages,0.16173490000073798,0.07868299999972805,0.00198610000370536,0.008620299995527603,0.00027659999614115804,0.06813849999161903,130113,20699,17792,2881,2391,429,17269,17724,421,20,441,7,5,129,190,103073/2,38c5c2078171d56fe87ae6932b8787f3ec448b1b16ce905ba349e4d65bce717a
377,20,Join-restricted MILP,3/2,5,optimal_numerical,True,matplotlib,fielded,100000,130113,True,51736,51736.0,0.0,1.0353140000079293,138.546875,output_write,0.31622900000365917,0.0028557000041473657,0.0280711999948835,0.19963639999332372,0.010653599994839169,0.06951390000176616,130113,20699,17792,2881,0,0,0,0,0,1,1,17792,2881,20673,23554,8,2a2285784528a67b5f7b7c44fdde17299cd5427028cce84d36336713d5ade88c
378,21,Join-restricted MILP,3/2,0,optimal_numerical,True,pydantic,fielded,100000,106808,True,100403/2,50201.5,0.0,1.3400892999925418,147.4375,between_stages,0.581376399990404,0.006402099999831989,0.03826169999956619,0.4372118000028422,0.01537829999870155,0.07299800000328105,106808,25891,23855,3131,0,0,0,0,0,1,1,23855,3131,26986,30117,13,b9f786c73ced34dc9f3c0e9f8cd8522efcd0a4fc4f0c70828efcca78d2353b60
379,21,Preprocessed global MILP,3/2,0,optimal_numerical,True,pydantic,fielded,100000,106808,True,100403/2,50201.5,0.0,0.9330530999868643,123.109375,between_stages,0.20692890000646003,0.11375699999916833,0.00221130000136327,0.009328999993158504,0.00038189999759197235,0.07696789999317843,106808,25891,23855,3131,2179,830,22844,23720,827,41,868,5,4,257,379,99609/2,38b9d9caf7ddd99981517e03b169440dd90c6e3318cf356c36d96525a60f3e42
380,21,Global MILP baseline,3/2,0,optimal_numerical,True,pydantic,fielded,100000,106808,True,100403/2,50201.5,0.0,3.0337241999950493,192.4921875,external_check,2.3344027000130154,0.0036586999922292307,0.06965379999019206,2.1606599999940954,0.017148799990536645,0.0712677999981679,106808,25891,23855,3131,0,0,0,0,0,1,1,23855,23855,47710,71565,13,f11a8fa50928d15f611f2246fabff99fe28e66af9e2292218464cab51bebc2be
381,21,Preprocessed global MILP,3/2,1,optimal_numerical,True,pydantic,fielded,100000,106808,True,100403/2,50201.5,0.0,0.8924560000014026,121.38671875,between_stages,0.20325489999959245,0.10605580000265036,0.0025636000063968822,0.008850199999869801,0.0003203000087523833,0.0807762000040384,106808,25891,23855,3131,2179,830,22844,23720,827,41,868,5,4,257,379,99609/2,38b9d9caf7ddd99981517e03b169440dd90c6e3318cf356c36d96525a60f3e42
382,21,Global MILP baseline,3/2,1,optimal_numerical,True,pydantic,fielded,100000,106808,True,100403/2,50201.5,0.0,3.029860300011933,192.421875,between_stages,2.3481201000104193,0.004877599989413284,0.06846809999842662,2.1809275999985402,0.017931100010173395,0.06671970000024885,106808,25891,23855,3131,0,0,0,0,0,1,1,23855,23855,47710,71565,13,f11a8fa50928d15f611f2246fabff99fe28e66af9e2292218464cab51bebc2be
383,21,Join-restricted MILP,3/2,1,optimal_numerical,True,pydantic,fielded,100000,106808,True,100403/2,50201.5,0.0,1.262352000005194,145.98828125,between_stages,0.5750698999909218,0.002907899994170293,0.038073600007919595,0.44381879999127705,0.015195100000710227,0.06782009999733418,106808,25891,23855,3131,0,0,0,0,0,1,1,23855,3131,26986,30117,13,b9f786c73ced34dc9f3c0e9f8cd8522efcd0a4fc4f0c70828efcca78d2353b60
384,21,Preprocessed global MILP,3/2,2,optimal_numerical,True,pydantic,fielded,100000,106808,True,100403/2,50201.5,0.0,0.8686431000096491,123.125,between_stages,0.1893452999938745,0.10381929999857675,0.002450100000714883,0.009630600005039014,0.00037200000951997936,0.06825179999577813,106808,25891,23855,3131,2179,830,22844,23720,827,41,868,5,4,257,379,99609/2,38b9d9caf7ddd99981517e03b169440dd90c6e3318cf356c36d96525a60f3e42
385,21,Join-restricted MILP,3/2,2,optimal_numerical,True,pydantic,fielded,100000,106808,True,100403/2,50201.5,0.0,1.2787154999969061,145.7265625,between_stages,0.5894652999995742,0.002634699994814582,0.03873419998853933,0.44796299999870826,0.01510559998860117,0.07428090000757948,106808,25891,23855,3131,0,0,0,0,0,1,1,23855,3131,26986,30117,13,b9f786c73ced34dc9f3c0e9f8cd8522efcd0a4fc4f0c70828efcca78d2353b60
386,21,Global MILP baseline,3/2,2,optimal_numerical,True,pydantic,fielded,100000,106808,True,100403/2,50201.5,0.0,3.006622500004596,194.6171875,output_write,2.3171814999950584,0.0041194000077666715,0.0685683999909088,2.1484827999956906,0.017327999987173826,0.06889830000000075,106808,25891,23855,3131,0,0,0,0,0,1,1,23855,23855,47710,71565,13,f11a8fa50928d15f611f2246fabff99fe28e66af9e2292218464cab51bebc2be
387,21,Global MILP baseline,3/2,3,optimal_numerical,True,pydantic,fielded,100000,106808,True,100403/2,50201.5,0.0,3.054212999995798,192.484375,between_stages,2.3435982999944827,0.003917200010619126,0.06791320000775158,2.1781309000070905,0.01667260000249371,0.06802379999135155,106808,25891,23855,3131,0,0,0,0,0,1,1,23855,23855,47710,71565,13,f11a8fa50928d15f611f2246fabff99fe28e66af9e2292218464cab51bebc2be
388,21,Join-restricted MILP,3/2,3,optimal_numerical,True,pydantic,fielded,100000,106808,True,100403/2,50201.5,0.0,1.278935000009369,147.4921875,between_stages,0.5828049999981886,0.0026720000023487955,0.038337100006174296,0.4495906000083778,0.015010099989012815,0.06920480000553653,106808,25891,23855,3131,0,0,0,0,0,1,1,23855,3131,26986,30117,13,b9f786c73ced34dc9f3c0e9f8cd8522efcd0a4fc4f0c70828efcca78d2353b60
389,21,Preprocessed global MILP,3/2,3,optimal_numerical,True,pydantic,fielded,100000,106808,True,100403/2,50201.5,0.0,0.9077833000046667,124.52734375,output_write,0.1848770000069635,0.10436680000566412,0.001968600001418963,0.008491600005072542,0.0003839999990304932,0.06572919999598525,106808,25891,23855,3131,2179,830,22844,23720,827,41,868,5,4,257,379,99609/2,38b9d9caf7ddd99981517e03b169440dd90c6e3318cf356c36d96525a60f3e42
390,21,Global MILP baseline,3/2,4,optimal_numerical,True,pydantic,fielded,100000,106808,True,100403/2,50201.5,0.0,3.0376107999909436,194.125,between_stages,2.3413943000050494,0.004007000010460615,0.0674229000142077,2.176075299998047,0.016678500003763475,0.06826060000457801,106808,25891,23855,3131,0,0,0,0,0,1,1,23855,23855,47710,71565,13,f11a8fa50928d15f611f2246fabff99fe28e66af9e2292218464cab51bebc2be
391,21,Preprocessed global MILP,3/2,4,optimal_numerical,True,pydantic,fielded,100000,106808,True,100403/2,50201.5,0.0,0.8652137000026414,124.29296875,external_check,0.18452520000573713,0.10325179999927059,0.0021855999948456883,0.010003500006860122,0.0003409000055398792,0.06480350000492763,106808,25891,23855,3131,2179,830,22844,23720,827,41,868,5,4,257,379,99609/2,38b9d9caf7ddd99981517e03b169440dd90c6e3318cf356c36d96525a60f3e42
392,21,Join-restricted MILP,3/2,4,optimal_numerical,True,pydantic,fielded,100000,106808,True,100403/2,50201.5,0.0,1.2764604999974836,148.7109375,between_stages,0.5684170000022277,0.0028217999933985993,0.037191299998085015,0.436776300004567,0.014400000000023283,0.06990909999876749,106808,25891,23855,3131,0,0,0,0,0,1,1,23855,3131,26986,30117,13,b9f786c73ced34dc9f3c0e9f8cd8522efcd0a4fc4f0c70828efcca78d2353b60
393,21,Join-restricted MILP,3/2,5,optimal_numerical,True,pydantic,fielded,100000,106808,True,100403/2,50201.5,0.0,1.2483077999931993,148.19921875,between_stages,0.5718505999975605,0.0032232999947154894,0.038581900007557124,0.4409733999927994,0.014600599999539554,0.0670352000015555,106808,25891,23855,3131,0,0,0,0,0,1,1,23855,3131,26986,30117,13,b9f786c73ced34dc9f3c0e9f8cd8522efcd0a4fc4f0c70828efcca78d2353b60
394,21,Global MILP baseline,3/2,5,optimal_numerical,True,pydantic,fielded,100000,106808,True,100403/2,50201.5,0.0,3.0430150000029244,193.76171875,external_check,2.3417308000061894,0.00360029999865219,0.07506089999515098,2.16585109999869,0.017443699995055795,0.07088739999744575,106808,25891,23855,3131,0,0,0,0,0,1,1,23855,23855,47710,71565,13,f11a8fa50928d15f611f2246fabff99fe28e66af9e2292218464cab51bebc2be
395,21,Preprocessed global MILP,3/2,5,optimal_numerical,True,pydantic,fielded,100000,106808,True,100403/2,50201.5,0.0,0.9162448999995831,123.14453125,external_check,0.19498650000605267,0.10884179999993648,0.0025113999872701243,0.009780799999134615,0.00037560000782832503,0.06913340000028256,106808,25891,23855,3131,2179,830,22844,23720,827,41,868,5,4,257,379,99609/2,38b9d9caf7ddd99981517e03b169440dd90c6e3318cf356c36d96525a60f3e42
396,22,Preprocessed global MILP,3/2,0,optimal_numerical,True,aiohttp,fielded,100000,105182,True,48403,48403.0,0.0,0.9351334999955725,122.52734375,between_stages,0.20314649998908862,0.10460500000044703,0.0025406000058865175,0.010842899995623156,0.0004047999973408878,0.080508800005191,105182,24283,22360,3221,2033,1043,21096,22194,1034,47,1081,6,5,311,456,95849/2,b4d4bb8fc2c240150b3fe068cd6d738bf89f804befbef03dbb4cfbdeee6a0605
397,22,Global MILP baseline,3/2,0,optimal_numerical,True,aiohttp,fielded,100000,105182,True,48403,48403.0,0.0,2.452137500004028,187.91796875,external_check,1.7704743999929633,0.003693499995279126,0.06248369999229908,1.6103012999956263,0.016723099994123913,0.06803660000150558,105182,24283,22360,3221,0,0,0,0,0,1,1,22360,22360,44720,67080,17,bdf2a3dd3d5b1fd684ba8b946d8b3137d1fe12612cf2282a372414abb0d9e994
398,22,Join-restricted MILP,3/2,0,optimal_numerical,True,aiohttp,fielded,100000,105182,True,48403,48403.0,0.0,1.4661121999961324,145.62890625,between_stages,0.7734021000069333,0.006142899990663864,0.03722630000265781,0.6401161999965552,0.014073500002268702,0.06859770001028664,105182,24283,22360,3221,0,0,0,0,0,1,1,22360,3221,25581,28802,17,8bb1295129ed2a44766f5cf25151c212f4e6bb33f12af8e1994f3312502019f8
399,22,Preprocessed global MILP,3/2,1,optimal_numerical,True,aiohttp,fielded,100000,105182,True,48403,48403.0,0.0,0.8655743999988772,121.62890625,between_stages,0.19067229999927804,0.10808569999062456,0.002067299996269867,0.010407499998109415,0.0004881999921053648,0.06489280000096187,105182,24283,22360,3221,2033,1043,21096,22194,1034,47,1081,6,5,311,456,95849/2,b4d4bb8fc2c240150b3fe068cd6d738bf89f804befbef03dbb4cfbdeee6a0605
400,22,Join-restricted MILP,3/2,1,optimal_numerical,True,aiohttp,fielded,100000,105182,True,48403,48403.0,0.0,1.4837778999935836,143.18359375,output_write,0.774550400004955,0.006153299997095019,0.03670060000149533,0.640539500003797,0.014494499991997145,0.06923900000401773,105182,24283,22360,3221,0,0,0,0,0,1,1,22360,3221,25581,28802,17,8bb1295129ed2a44766f5cf25151c212f4e6bb33f12af8e1994f3312502019f8
401,22,Global MILP baseline,3/2,1,optimal_numerical,True,aiohttp,fielded,100000,105182,True,48403,48403.0,0.0,2.472327800001949,189.1796875,between_stages,1.7658391000004485,0.003897799993865192,0.06375270000717137,1.602984600001946,0.01614269999845419,0.0698709999996936,105182,24283,22360,3221,0,0,0,0,0,1,1,22360,22360,44720,67080,17,bdf2a3dd3d5b1fd684ba8b946d8b3137d1fe12612cf2282a372414abb0d9e994
402,22,Global MILP baseline,3/2,2,optimal_numerical,True,aiohttp,fielded,100000,105182,True,48403,48403.0,0.0,2.4566478000051575,189.5390625,between_stages,1.7870093999954406,0.0038561999972444028,0.06504570000106469,1.6201685999985784,0.017187800011015497,0.07137299999885727,105182,24283,22360,3221,0,0,0,0,0,1,1,22360,22360,44720,67080,17,bdf2a3dd3d5b1fd684ba8b946d8b3137d1fe12612cf2282a372414abb0d9e994
403,22,Join-restricted MILP,3/2,2,optimal_numerical,True,aiohttp,fielded,100000,105182,True,48403,48403.0,0.0,1.4609596999944188,146.125,between_stages,0.7850730000063777,0.0029661000007763505,0.03583480000088457,0.6549735000007786,0.014912900005583651,0.06790370000817347,105182,24283,22360,3221,0,0,0,0,0,1,1,22360,3221,25581,28802,17,8bb1295129ed2a44766f5cf25151c212f4e6bb33f12af8e1994f3312502019f8
404,22,Preprocessed global MILP,3/2,2,optimal_numerical,True,aiohttp,fielded,100000,105182,True,48403,48403.0,0.0,0.8741539000038756,122.578125,between_stages,0.1936431999929482,0.10694699999294244,0.00228390000120271,0.01193139998940751,0.0003873999958159402,0.06826819998968858,105182,24283,22360,3221,2033,1043,21096,22194,1034,47,1081,6,5,311,456,95849/2,b4d4bb8fc2c240150b3fe068cd6d738bf89f804befbef03dbb4cfbdeee6a0605
405,22,Global MILP baseline,3/2,3,optimal_numerical,True,aiohttp,fielded,100000,105182,True,48403,48403.0,0.0,2.4961714999953983,188.05078125,between_stages,1.8153085000085412,0.0035281000018585473,0.06352890000562184,1.6546758000040427,0.01703419999103062,0.06740149999677669,105182,24283,22360,3221,0,0,0,0,0,1,1,22360,22360,44720,67080,17,bdf2a3dd3d5b1fd684ba8b946d8b3137d1fe12612cf2282a372414abb0d9e994
406,22,Preprocessed global MILP,3/2,3,optimal_numerical,True,aiohttp,fielded,100000,105182,True,48403,48403.0,0.0,0.8809526999975787,119.78125,between_stages,0.19548880000365898,0.10972120000224095,0.0021207999961916357,0.010641100001521409,0.00038159999530762434,0.06770409998716787,105182,24283,22360,3221,2033,1043,21096,22194,1034,47,1081,6,5,311,456,95849/2,b4d4bb8fc2c240150b3fe068cd6d738bf89f804befbef03dbb4cfbdeee6a0605
407,22,Join-restricted MILP,3/2,3,optimal_numerical,True,aiohttp,fielded,100000,105182,True,48403,48403.0,0.0,1.4644236999884015,143.85546875,between_stages,0.769721100004972,0.0025764000019989908,0.037109799988684244,0.6402742000063881,0.014910600002622232,0.06702029998996295,105182,24283,22360,3221,0,0,0,0,0,1,1,22360,3221,25581,28802,17,8bb1295129ed2a44766f5cf25151c212f4e6bb33f12af8e1994f3312502019f8
408,22,Join-restricted MILP,3/2,4,optimal_numerical,True,aiohttp,fielded,100000,105182,True,48403,48403.0,0.0,1.450446799994097,144.5390625,between_stages,0.7713597000110894,0.0026803000073414296,0.03757249999034684,0.6414268000080483,0.014266400001361035,0.06796240000403486,105182,24283,22360,3221,0,0,0,0,0,1,1,22360,3221,25581,28802,17,8bb1295129ed2a44766f5cf25151c212f4e6bb33f12af8e1994f3312502019f8
409,22,Global MILP baseline,3/2,4,optimal_numerical,True,aiohttp,fielded,100000,105182,True,48403,48403.0,0.0,2.4699032999924384,189.4921875,between_stages,1.7873228999960702,0.0035536000068532303,0.06450920000497717,1.62482130000717,0.016326999990269542,0.0688157999975374,105182,24283,22360,3221,0,0,0,0,0,1,1,22360,22360,44720,67080,17,bdf2a3dd3d5b1fd684ba8b946d8b3137d1fe12612cf2282a372414abb0d9e994
410,22,Preprocessed global MILP,3/2,4,optimal_numerical,True,aiohttp,fielded,100000,105182,True,48403,48403.0,0.0,0.8796025000046939,121.546875,between_stages,0.19637910000164993,0.10547260000021197,0.002076500008115545,0.011860900005558506,0.00041429999691899866,0.07279060001019388,105182,24283,22360,3221,2033,1043,21096,22194,1034,47,1081,6,5,311,456,95849/2,b4d4bb8fc2c240150b3fe068cd6d738bf89f804befbef03dbb4cfbdeee6a0605
411,22,Join-restricted MILP,3/2,5,optimal_numerical,True,aiohttp,fielded,100000,105182,True,48403,48403.0,0.0,1.4538212000043131,143.44921875,between_stages,0.7672024999919813,0.002579899999545887,0.03740570000081789,0.6357519000011962,0.014212499998393469,0.07012819999363273,105182,24283,22360,3221,0,0,0,0,0,1,1,22360,3221,25581,28802,17,8bb1295129ed2a44766f5cf25151c212f4e6bb33f12af8e1994f3312502019f8
412,22,Preprocessed global MILP,3/2,5,optimal_numerical,True,aiohttp,fielded,100000,105182,True,48403,48403.0,0.0,0.8989236999914283,122.15625,output_write,0.1932273999991594,0.10934249999991152,0.002152899993234314,0.010748599990620278,0.0003632000007200986,0.06621540000196546,105182,24283,22360,3221,2033,1043,21096,22194,1034,47,1081,6,5,311,456,95849/2,b4d4bb8fc2c240150b3fe068cd6d738bf89f804befbef03dbb4cfbdeee6a0605
413,22,Global MILP baseline,3/2,5,optimal_numerical,True,aiohttp,fielded,100000,105182,True,48403,48403.0,0.0,2.482823300000746,189.32421875,between_stages,1.7888598999998067,0.0036241000052541494,0.06777380000858102,1.6206169000070076,0.016262200006167404,0.07133180000528228,105182,24283,22360,3221,0,0,0,0,0,1,1,22360,22360,44720,67080,17,bdf2a3dd3d5b1fd684ba8b946d8b3137d1fe12612cf2282a372414abb0d9e994
414,23,Preprocessed global MILP,3/2,0,optimal_numerical,True,jsonschema,fielded,100000,101506,True,82725/2,41362.5,0.0,0.8335047000000486,116.51953125,between_stages,0.17437320000317413,0.09492260000843089,0.001931300008436665,0.008531400002539158,0.00030330001027323306,0.0619522000051802,101506,21422,19669,2269,1596,593,18950,19582,586,27,613,6,6,167,247,41098,bca2a128ddee88643dc85c17b8221b64ec3eb649583490f4d651c7db00e33d39
415,23,Join-restricted MILP,3/2,0,optimal_numerical,True,jsonschema,fielded,100000,101506,True,82725/2,41362.5,0.0,1.1763928000000305,138.64453125,external_check,0.46551689998887014,0.0025696000084280968,0.03416260000085458,0.3401848999928916,0.014085000002523884,0.06727120000869036,101506,21422,19669,2269,0,0,0,0,0,1,1,19669,2269,21938,24207,33,f70234b82f0d34ab9b5cb5ae95607e08d7c4db598267af99bb660256b670aa5a
416,23,Global MILP baseline,3/2,0,optimal_numerical,True,jsonschema,fielded,100000,101506,True,82725/2,41362.5,0.0,2.349756299998262,183.515625,external_check,1.6773742999939714,0.0035647000040626153,0.05595090000133496,1.5247424999979557,0.015930599998682737,0.06857220000529196,101506,21422,19669,2269,0,0,0,0,0,1,1,19669,19669,39338,59007,33,aeb32a04f86ef10343a3b4addcf0a44d4aad2ccc489feccc8608fc49c5f0bf74
417,23,Global MILP baseline,3/2,1,optimal_numerical,True,jsonschema,fielded,100000,101506,True,82725/2,41362.5,0.0,2.33450109999103,184.30859375,external_check,1.6750728000042727,0.0035946999996667728,0.05554870000923984,1.5280523000110406,0.015322299994295463,0.06365110000479035,101506,21422,19669,2269,0,0,0,0,0,1,1,19669,19669,39338,59007,33,aeb32a04f86ef10343a3b4addcf0a44d4aad2ccc489feccc8608fc49c5f0bf74
418,23,Join-restricted MILP,3/2,1,optimal_numerical,True,jsonschema,fielded,100000,101506,True,82725/2,41362.5,0.0,1.115987800003495,139.2890625,external_check,0.4689336000010371,0.0026093000051332638,0.0318192000122508,0.3358007000060752,0.01351289999729488,0.0776116000051843,101506,21422,19669,2269,0,0,0,0,0,1,1,19669,2269,21938,24207,33,f70234b82f0d34ab9b5cb5ae95607e08d7c4db598267af99bb660256b670aa5a
419,23,Preprocessed global MILP,3/2,1,optimal_numerical,True,jsonschema,fielded,100000,101506,True,82725/2,41362.5,0.0,0.8496596999902977,116.53125,external_check,0.17885699999169447,0.09556309999607038,0.00222760000906419,0.00831040000775829,0.0002919999969890341,0.06780230000731535,101506,21422,19669,2269,1596,593,18950,19582,586,27,613,6,6,167,247,41098,bca2a128ddee88643dc85c17b8221b64ec3eb649583490f4d651c7db00e33d39
420,23,Global MILP baseline,3/2,2,optimal_numerical,True,jsonschema,fielded,100000,101506,True,82725/2,41362.5,0.0,2.343336099991575,183.83984375,external_check,1.6749495000112802,0.003606099999160506,0.056336399997235276,1.520471900003031,0.015176599990809336,0.06835590000264347,101506,21422,19669,2269,0,0,0,0,0,1,1,19669,19669,39338,59007,33,aeb32a04f86ef10343a3b4addcf0a44d4aad2ccc489feccc8608fc49c5f0bf74
421,23,Preprocessed global MILP,3/2,2,optimal_numerical,True,jsonschema,fielded,100000,101506,True,82725/2,41362.5,0.0,0.8688648000097601,116.4765625,between_stages,0.19169720000354573,0.10878029999730643,0.0022984000097494572,0.008047000010265037,0.000304599991068244,0.06871370000590105,101506,21422,19669,2269,1596,593,18950,19582,586,27,613,6,6,167,247,41098,bca2a128ddee88643dc85c17b8221b64ec3eb649583490f4d651c7db00e33d39
422,23,Join-restricted MILP,3/2,2,optimal_numerical,True,jsonschema,fielded,100000,101506,True,82725/2,41362.5,0.0,1.1176650999987032,136.39453125,external_check,0.4566766999923857,0.002490999992005527,0.03290569999080617,0.333859799997299,0.013409599996521138,0.06620629999088123,101506,21422,19669,2269,0,0,0,0,0,1,1,19669,2269,21938,24207,33,f70234b82f0d34ab9b5cb5ae95607e08d7c4db598267af99bb660256b670aa5a
423,23,Join-restricted MILP,3/2,3,optimal_numerical,True,jsonschema,fielded,100000,101506,True,82725/2,41362.5,0.0,1.114882599998964,139.8125,between_stages,0.45622249999723863,0.002875500009395182,0.03158599999733269,0.33844029999454506,0.012890300000435673,0.06361050000123214,101506,21422,19669,2269,0,0,0,0,0,1,1,19669,2269,21938,24207,33,f70234b82f0d34ab9b5cb5ae95607e08d7c4db598267af99bb660256b670aa5a
424,23,Global MILP baseline,3/2,3,optimal_numerical,True,jsonschema,fielded,100000,101506,True,82725/2,41362.5,0.0,2.337919800003874,183.75,between_stages,1.6569462000043131,0.004258400003891438,0.05706150000332855,1.506141200006823,0.016033399995649233,0.06439939999836497,101506,21422,19669,2269,0,0,0,0,0,1,1,19669,19669,39338,59007,33,aeb32a04f86ef10343a3b4addcf0a44d4aad2ccc489feccc8608fc49c5f0bf74
425,23,Preprocessed global MILP,3/2,3,optimal_numerical,True,jsonschema,fielded,100000,101506,True,82725/2,41362.5,0.0,0.8360220000031404,116.66015625,between_stages,0.17596469999989495,0.09744650000357069,0.0019109000131720677,0.007795800003805198,0.0003188999980920926,0.0650527000107104,101506,21422,19669,2269,1596,593,18950,19582,586,27,613,6,6,167,247,41098,bca2a128ddee88643dc85c17b8221b64ec3eb649583490f4d651c7db00e33d39
426,23,Join-restricted MILP,3/2,4,optimal_numerical,True,jsonschema,fielded,100000,101506,True,82725/2,41362.5,0.0,1.1349826999939978,139.4609375,between_stages,0.4621525999973528,0.002300799998920411,0.03236539999488741,0.3395344999880763,0.013463299997965805,0.06694040000729728,101506,21422,19669,2269,0,0,0,0,0,1,1,19669,2269,21938,24207,33,f70234b82f0d34ab9b5cb5ae95607e08d7c4db598267af99bb660256b670aa5a
427,23,Preprocessed global MILP,3/2,4,optimal_numerical,True,jsonschema,fielded,100000,101506,True,82725/2,41362.5,0.0,0.861515699987649,116.5625,external_check,0.1845229000027757,0.10455799999181181,0.002452200002153404,0.010358200001064688,0.0003387999895494431,0.06276540001272224,101506,21422,19669,2269,1596,593,18950,19582,586,27,613,6,6,167,247,41098,bca2a128ddee88643dc85c17b8221b64ec3eb649583490f4d651c7db00e33d39
428,23,Global MILP baseline,3/2,4,optimal_numerical,True,jsonschema,fielded,100000,101506,True,82725/2,41362.5,0.0,2.3443795000057435,184.42578125,between_stages,1.6739070000039646,0.003503699990687892,0.05780880000384059,1.5144869000068866,0.015437999987625517,0.0732294999907026,101506,21422,19669,2269,0,0,0,0,0,1,1,19669,19669,39338,59007,33,aeb32a04f86ef10343a3b4addcf0a44d4aad2ccc489feccc8608fc49c5f0bf74
429,23,Preprocessed global MILP,3/2,5,optimal_numerical,True,jsonschema,fielded,100000,101506,True,82725/2,41362.5,0.0,0.8527137000055518,116.9375,external_check,0.18865670000377577,0.10124630000791512,0.0027741000085370615,0.009059899995918386,0.00040290001197718084,0.0699181999952998,101506,21422,19669,2269,1596,593,18950,19582,586,27,613,6,6,167,247,41098,bca2a128ddee88643dc85c17b8221b64ec3eb649583490f4d651c7db00e33d39
430,23,Global MILP baseline,3/2,5,optimal_numerical,True,jsonschema,fielded,100000,101506,True,82725/2,41362.5,0.0,2.41519720001088,183.67578125,between_stages,1.692312099999981,0.003083499992499128,0.07029630000761244,1.5257062000018777,0.015656900010071695,0.06734390000929125,101506,21422,19669,2269,0,0,0,0,0,1,1,19669,19669,39338,59007,33,aeb32a04f86ef10343a3b4addcf0a44d4aad2ccc489feccc8608fc49c5f0bf74
431,23,Join-restricted MILP,3/2,5,optimal_numerical,True,jsonschema,fielded,100000,101506,True,82725/2,41362.5,0.0,1.1483452999964356,140.01953125,between_stages,0.47337760000664275,0.0029261000017868355,0.03398009999364149,0.34869610000168905,0.013420599992969073,0.06649470000411384,101506,21422,19669,2269,0,0,0,0,0,1,1,19669,2269,21938,24207,33,f70234b82f0d34ab9b5cb5ae95607e08d7c4db598267af99bb660256b670aa5a
432,24,Global MILP baseline,2,0,optimal_numerical,True,matplotlib,compact,100000,109859,True,77214,77214.0,0.0,1.0912894000066444,157.75,between_stages,0.3681596999958856,0.019100499994237907,0.05941339999844786,0.15794070000993088,0.015676000009989366,0.10657200000423472,109859,34952,23711,2400,0,0,0,0,0,1,1,23711,23711,47422,71133,9,512ab168dc0aeec960b640652b6894ae503cd4e9720a7616b481cb4b7781cd8e
433,24,Join-restricted MILP,2,0,optimal_numerical,True,matplotlib,compact,100000,109859,True,77214,77214.0,0.0,0.9499000000068918,137.53125,between_stages,0.24409680000098888,0.0030064000020502135,0.03054020000854507,0.08398529999249149,0.013190799989388324,0.10603520000586286,109859,34952,23711,2400,0,0,0,0,0,1,1,23711,2400,26111,28511,9,97b467516f2205033a2f9f3716874235914529e146d247d7845d762d6127ff90
434,24,Preprocessed global MILP,2,0,optimal_numerical,True,matplotlib,compact,100000,109859,True,77214,77214.0,0.0,0.9487077000085264,132.9765625,between_stages,0.23842140000488143,0.12022100000467617,0.002454699992085807,0.007009100008872338,0.0001638999965507537,0.10462929999630433,109859,34952,23711,2400,1691,704,23000,23706,704,2,706,3,3,10,15,77193,f9626533a53478ad640622a9ffe41372fac771b39142aa5c411bfbc997575283
435,24,Global MILP baseline,2,1,optimal_numerical,True,matplotlib,compact,100000,109859,True,77214,77214.0,0.0,1.0864595999883022,157.99609375,between_stages,0.355812199995853,0.0038594000070588663,0.05861940000613686,0.15388360001088586,0.016348700009984896,0.11328620000858791,109859,34952,23711,2400,0,0,0,0,0,1,1,23711,23711,47422,71133,9,512ab168dc0aeec960b640652b6894ae503cd4e9720a7616b481cb4b7781cd8e
436,24,Preprocessed global MILP,2,1,optimal_numerical,True,matplotlib,compact,100000,109859,True,77214,77214.0,0.0,0.9413335999997798,133.90625,between_stages,0.2385715000127675,0.12028439999266993,0.0020292999979574233,0.005436500010546297,0.0001655000087339431,0.10511200000473764,109859,34952,23711,2400,1691,704,23000,23706,704,2,706,3,3,10,15,77193,f9626533a53478ad640622a9ffe41372fac771b39142aa5c411bfbc997575283
437,24,Join-restricted MILP,2,1,optimal_numerical,True,matplotlib,compact,100000,109859,True,77214,77214.0,0.0,0.9640513000049395,137.609375,between_stages,0.24927149999712128,0.0025028999953065068,0.029843999989680015,0.0840322999865748,0.014246999999159016,0.11107319999428,109859,34952,23711,2400,0,0,0,0,0,1,1,23711,2400,26111,28511,9,97b467516f2205033a2f9f3716874235914529e146d247d7845d762d6127ff90
438,24,Join-restricted MILP,2,2,optimal_numerical,True,matplotlib,compact,100000,109859,True,77214,77214.0,0.0,0.9756599000102142,136.80859375,between_stages,0.2512315999920247,0.002713099995162338,0.03147650000755675,0.08572659999481402,0.01339380000717938,0.10976880000089295,109859,34952,23711,2400,0,0,0,0,0,1,1,23711,2400,26111,28511,9,97b467516f2205033a2f9f3716874235914529e146d247d7845d762d6127ff90
439,24,Global MILP baseline,2,2,optimal_numerical,True,matplotlib,compact,100000,109859,True,77214,77214.0,0.0,1.0750641000049654,173.6484375,between_stages,0.3472951000003377,0.003625599987572059,0.059660400002030656,0.15327359999355394,0.016547699997317977,0.10454639999079518,109859,34952,23711,2400,0,0,0,0,0,1,1,23711,23711,47422,71133,9,512ab168dc0aeec960b640652b6894ae503cd4e9720a7616b481cb4b7781cd8e
440,24,Preprocessed global MILP,2,2,optimal_numerical,True,matplotlib,compact,100000,109859,True,77214,77214.0,0.0,0.9432575999962864,132.87109375,between_stages,0.23910969999269582,0.12136600000667386,0.0019715999951586127,0.004679899997427128,0.000148899998748675,0.1043877999909455,109859,34952,23711,2400,1691,704,23000,23706,704,2,706,3,3,10,15,77193,f9626533a53478ad640622a9ffe41372fac771b39142aa5c411bfbc997575283
441,24,Join-restricted MILP,2,3,optimal_numerical,True,matplotlib,compact,100000,109859,True,77214,77214.0,0.0,0.9611412999947788,136.75,between_stages,0.24703139999473933,0.0029181999998399988,0.030351699999300763,0.08224209999025334,0.01406190000125207,0.10982119999243878,109859,34952,23711,2400,0,0,0,0,0,1,1,23711,2400,26111,28511,9,97b467516f2205033a2f9f3716874235914529e146d247d7845d762d6127ff90
442,24,Preprocessed global MILP,2,3,optimal_numerical,True,matplotlib,compact,100000,109859,True,77214,77214.0,0.0,0.9574941999890143,134.1015625,output_write,0.23650669999187812,0.12174760000198148,0.0021256999898469076,0.0034740999981295317,0.00015580000763293356,0.10501929999736603,109859,34952,23711,2400,1691,704,23000,23706,704,2,706,3,3,10,15,77193,f9626533a53478ad640622a9ffe41372fac771b39142aa5c411bfbc997575283
443,24,Global MILP baseline,2,3,optimal_numerical,True,matplotlib,compact,100000,109859,True,77214,77214.0,0.0,1.064033800008474,175.0859375,between_stages,0.3452784000110114,0.0035795000003417954,0.05970260000322014,0.15276599999924656,0.015525399998296052,0.10462230000121053,109859,34952,23711,2400,0,0,0,0,0,1,1,23711,23711,47422,71133,9,512ab168dc0aeec960b640652b6894ae503cd4e9720a7616b481cb4b7781cd8e
444,24,Preprocessed global MILP,2,4,optimal_numerical,True,matplotlib,compact,100000,109859,True,77214,77214.0,0.0,0.9560924999968847,134.0625,between_stages,0.2397616999951424,0.1222731999878306,0.0018096999992849305,0.004690299989306368,0.00018730000010691583,0.10627989999193233,109859,34952,23711,2400,1691,704,23000,23706,704,2,706,3,3,10,15,77193,f9626533a53478ad640622a9ffe41372fac771b39142aa5c411bfbc997575283
445,24,Global MILP baseline,2,4,optimal_numerical,True,matplotlib,compact,100000,109859,True,77214,77214.0,0.0,1.135684200009564,158.234375,between_stages,0.40227460001187865,0.0038435000024037436,0.06237450000480749,0.16841360001126304,0.016862399992533028,0.14097530000435654,109859,34952,23711,2400,0,0,0,0,0,1,1,23711,23711,47422,71133,9,512ab168dc0aeec960b640652b6894ae503cd4e9720a7616b481cb4b7781cd8e
446,24,Join-restricted MILP,2,4,optimal_numerical,True,matplotlib,compact,100000,109859,True,77214,77214.0,0.0,0.949594400008209,133.94921875,external_check,0.24465239999699406,0.002591600001323968,0.029758100004983135,0.08200049999868497,0.014264699988416396,0.10854390000167768,109859,34952,23711,2400,0,0,0,0,0,1,1,23711,2400,26111,28511,9,97b467516f2205033a2f9f3716874235914529e146d247d7845d762d6127ff90
447,24,Preprocessed global MILP,2,5,optimal_numerical,True,matplotlib,compact,100000,109859,True,77214,77214.0,0.0,0.9471633999928599,133.96484375,between_stages,0.24045939999632537,0.12686100001155864,0.002167900005588308,0.0033029999904101714,0.00015789999451953918,0.10178029999951832,109859,34952,23711,2400,1691,704,23000,23706,704,2,706,3,3,10,15,77193,f9626533a53478ad640622a9ffe41372fac771b39142aa5c411bfbc997575283
448,24,Join-restricted MILP,2,5,optimal_numerical,True,matplotlib,compact,100000,109859,True,77214,77214.0,0.0,0.9555296000035014,134.0390625,external_check,0.23962059999757912,0.0027139000012539327,0.030353299996932037,0.08238599999458529,0.013169099998776801,0.10336730000562966,109859,34952,23711,2400,0,0,0,0,0,1,1,23711,2400,26111,28511,9,97b467516f2205033a2f9f3716874235914529e146d247d7845d762d6127ff90
449,24,Global MILP baseline,2,5,optimal_numerical,True,matplotlib,compact,100000,109859,True,77214,77214.0,0.0,1.0803300000115996,158.09765625,between_stages,0.35340599999472033,0.004567399999359623,0.057122600002912804,0.15778219999629073,0.015775899999425747,0.10871050000423566,109859,34952,23711,2400,0,0,0,0,0,1,1,23711,23711,47422,71133,9,512ab168dc0aeec960b640652b6894ae503cd4e9720a7616b481cb4b7781cd8e
450,25,Global MILP baseline,2,0,optimal_numerical,True,pydantic,compact,100000,100042,True,63731,63731.0,0.0,1.3258617999963462,160.51953125,external_check,0.6318660999968415,0.0034505999938119203,0.05987779999850318,0.47330880000663456,0.016578800001298077,0.06976790000044275,100042,24650,21398,3251,0,0,0,0,0,1,1,21398,21398,42796,64194,32,0f93dcc03714e546b15428f03566b5b4b633063546724318ad9a585deec3e0d5
451,25,Preprocessed global MILP,2,0,optimal_numerical,True,pydantic,compact,100000,100042,True,63731,63731.0,0.0,0.914741700005834,121.5703125,between_stages,0.19697389999055304,0.1106629999994766,0.004189300001598895,0.004608400005963631,0.00021710000874008983,0.06721909999032505,100042,24650,21398,3251,2344,858,20487,21349,857,23,880,4,4,98,147,63523,46d1f75cdbfb7e1de917000f59613f712df8d57b411208b46e85bd5da0a23a05
452,25,Join-restricted MILP,2,0,optimal_numerical,True,pydantic,compact,100000,100042,True,63731,63731.0,0.0,1.0314061999961268,138.3984375,between_stages,0.348197600003914,0.0036644000065280125,0.03502619999926537,0.21876940000220202,0.014145599998300895,0.06952999999339227,100042,24650,21398,3251,0,0,0,0,0,1,1,21398,3251,24649,27900,32,4020c28d16f9c937d3020104e49e4223ef3b1d05f9473e44b04dcc7f225a96d2
453,25,Join-restricted MILP,2,1,optimal_numerical,True,pydantic,compact,100000,100042,True,63731,63731.0,0.0,1.0452717000007397,137.3515625,between_stages,0.3495585999917239,0.002758899994660169,0.0359434000129113,0.21881279999797698,0.014838799994322471,0.07025940000312403,100042,24650,21398,3251,0,0,0,0,0,1,1,21398,3251,24649,27900,32,4020c28d16f9c937d3020104e49e4223ef3b1d05f9473e44b04dcc7f225a96d2
454,25,Global MILP baseline,2,1,optimal_numerical,True,pydantic,compact,100000,100042,True,63731,63731.0,0.0,1.336995300007402,160.03125,output_write,0.6320037999976194,0.004153600006247871,0.058523500003502704,0.4698935999913374,0.016277000002446584,0.07379619999846909,100042,24650,21398,3251,0,0,0,0,0,1,1,21398,21398,42796,64194,32,0f93dcc03714e546b15428f03566b5b4b633063546724318ad9a585deec3e0d5
455,25,Preprocessed global MILP,2,1,optimal_numerical,True,pydantic,compact,100000,100042,True,63731,63731.0,0.0,0.9206915999966441,121.09765625,output_write,0.19861130000208504,0.11301469999307301,0.0021169999963603914,0.008701899991137907,0.00022440000611823052,0.07091290000244044,100042,24650,21398,3251,2344,858,20487,21349,857,23,880,4,4,98,147,63523,46d1f75cdbfb7e1de917000f59613f712df8d57b411208b46e85bd5da0a23a05
456,25,Join-restricted MILP,2,2,optimal_numerical,True,pydantic,compact,100000,100042,True,63731,63731.0,0.0,1.0371818999992684,138.7265625,between_stages,0.35391239999444224,0.002787800010992214,0.03504610000527464,0.22370539999974426,0.014680300009786151,0.07053219999943394,100042,24650,21398,3251,0,0,0,0,0,1,1,21398,3251,24649,27900,32,4020c28d16f9c937d3020104e49e4223ef3b1d05f9473e44b04dcc7f225a96d2
457,25,Preprocessed global MILP,2,2,optimal_numerical,True,pydantic,compact,100000,100042,True,63731,63731.0,0.0,0.9675569999963045,123.921875,between_stages,0.22136489998956677,0.1344280999910552,0.0016115000034915283,0.006001300003845245,0.00027299999783281237,0.07074589999683667,100042,24650,21398,3251,2344,858,20487,21349,857,23,880,4,4,98,147,63523,46d1f75cdbfb7e1de917000f59613f712df8d57b411208b46e85bd5da0a23a05
458,25,Global MILP baseline,2,2,optimal_numerical,True,pydantic,compact,100000,100042,True,63731,63731.0,0.0,1.3032334000017727,164.01953125,between_stages,0.6280232999997679,0.0036880999978166074,0.06025569999474101,0.4682518000045093,0.01603149999573361,0.07070460000250023,100042,24650,21398,3251,0,0,0,0,0,1,1,21398,21398,42796,64194,32,0f93dcc03714e546b15428f03566b5b4b633063546724318ad9a585deec3e0d5
459,25,Preprocessed global MILP,2,3,optimal_numerical,True,pydantic,compact,100000,100042,True,63731,63731.0,0.0,0.9131346000067424,122.28125,output_write,0.1923289999976987,0.1127870000054827,0.0017924999992828816,0.005367600009776652,0.00021769999875687063,0.06866309999895748,100042,24650,21398,3251,2344,858,20487,21349,857,23,880,4,4,98,147,63523,46d1f75cdbfb7e1de917000f59613f712df8d57b411208b46e85bd5da0a23a05
460,25,Global MILP baseline,2,3,optimal_numerical,True,pydantic,compact,100000,100042,True,63731,63731.0,0.0,1.321481599996332,160.32421875,between_stages,0.6252289999974892,0.0035802000056719407,0.061562899994896725,0.46574739999778103,0.01620050000201445,0.06942660000640899,100042,24650,21398,3251,0,0,0,0,0,1,1,21398,21398,42796,64194,32,0f93dcc03714e546b15428f03566b5b4b633063546724318ad9a585deec3e0d5
461,25,Join-restricted MILP,2,3,optimal_numerical,True,pydantic,compact,100000,100042,True,63731,63731.0,0.0,1.0212252999917837,137.890625,output_write,0.35025889999815263,0.0028990999999223277,0.0350217000086559,0.21867389998806175,0.01447090000147,0.07188140001380816,100042,24650,21398,3251,0,0,0,0,0,1,1,21398,3251,24649,27900,32,4020c28d16f9c937d3020104e49e4223ef3b1d05f9473e44b04dcc7f225a96d2
462,25,Preprocessed global MILP,2,4,optimal_numerical,True,pydantic,compact,100000,100042,True,63731,63731.0,0.0,0.9427112999983365,122.73828125,between_stages,0.1982276000053389,0.11359199999424163,0.0019150000007357448,0.011485900002298877,0.00024509998911526054,0.06704939999326598,100042,24650,21398,3251,2344,858,20487,21349,857,23,880,4,4,98,147,63523,46d1f75cdbfb7e1de917000f59613f712df8d57b411208b46e85bd5da0a23a05
463,25,Join-restricted MILP,2,4,optimal_numerical,True,pydantic,compact,100000,100042,True,63731,63731.0,0.0,1.0675950000004377,138.34765625,between_stages,0.35678940000070725,0.003248600012739189,0.03364380000857636,0.22178610000992194,0.014018000001669861,0.07470020001346711,100042,24650,21398,3251,0,0,0,0,0,1,1,21398,3251,24649,27900,32,4020c28d16f9c937d3020104e49e4223ef3b1d05f9473e44b04dcc7f225a96d2
464,25,Global MILP baseline,2,4,optimal_numerical,True,pydantic,compact,100000,100042,True,63731,63731.0,0.0,1.4032649000000674,159.546875,output_write,0.6281707000016468,0.0035091000027023256,0.05823989999771584,0.46883440000237897,0.015989499996067025,0.07341790001373738,100042,24650,21398,3251,0,0,0,0,0,1,1,21398,21398,42796,64194,32,0f93dcc03714e546b15428f03566b5b4b633063546724318ad9a585deec3e0d5
465,25,Global MILP baseline,2,5,optimal_numerical,True,pydantic,compact,100000,100042,True,63731,63731.0,0.0,1.323336700006621,161.01953125,external_check,0.6289721000066493,0.004900100000668317,0.06014329999743495,0.4679457000020193,0.01635089999763295,0.07101759999932256,100042,24650,21398,3251,0,0,0,0,0,1,1,21398,21398,42796,64194,32,0f93dcc03714e546b15428f03566b5b4b633063546724318ad9a585deec3e0d5
466,25,Join-restricted MILP,2,5,optimal_numerical,True,pydantic,compact,100000,100042,True,63731,63731.0,0.0,1.0694186000037007,137.86328125,between_stages,0.3551993000000948,0.0027338000072631985,0.03466020000632852,0.2220960999984527,0.014583299998776056,0.07377010000345763,100042,24650,21398,3251,0,0,0,0,0,1,1,21398,3251,24649,27900,32,4020c28d16f9c937d3020104e49e4223ef3b1d05f9473e44b04dcc7f225a96d2
467,25,Preprocessed global MILP,2,5,optimal_numerical,True,pydantic,compact,100000,100042,True,63731,63731.0,0.0,0.9466796000051545,122.84765625,between_stages,0.20825500000501052,0.11221289999957662,0.0017719000024953857,0.0067094999976689,0.00025240000104531646,0.08096919998934027,100042,24650,21398,3251,2344,858,20487,21349,857,23,880,4,4,98,147,63523,46d1f75cdbfb7e1de917000f59613f712df8d57b411208b46e85bd5da0a23a05
468,26,Join-restricted MILP,2,0,optimal_numerical,True,aiohttp,compact,100000,108915,True,66467,66467.0,0.0,1.103879299989785,140.296875,output_write,0.36233860001084395,0.002824099996360019,0.039315000001806766,0.2230171999981394,0.013825500005623326,0.076285299990559,108915,24707,21572,3338,0,0,0,0,0,1,1,21572,3338,24910,28248,26,968f205e68415550b05daf27772c827b41571bb5926ae5c7c4e9a70a1fb16a0b
469,26,Global MILP baseline,2,0,optimal_numerical,True,aiohttp,compact,100000,108915,True,66467,66467.0,0.0,1.3812465999944834,167.16015625,external_check,0.621202300011646,0.0036965000035706908,0.060242700012167916,0.4583328000007896,0.016169800001080148,0.07402800000272691,108915,24707,21572,3338,0,0,0,0,0,1,1,21572,21572,43144,64716,26,8f09cc0b34ba30ce4e769eb8914aa7497128412ba5e4a060a23f0fa2680e8829
470,26,Preprocessed global MILP,2,0,optimal_numerical,True,aiohttp,compact,100000,108915,True,66467,66467.0,0.0,0.9786792999948375,125.37890625,between_stages,0.2048813000001246,0.11254829999234062,0.0017463999975007027,0.0042818000074476,0.00023409999266732484,0.079870799992932,108915,24707,21572,3338,2539,753,20772,21526,748,22,770,3,3,92,138,66274,5775893b127f9f242f6be42f1e12eb7bf3f332a5191dc6025aa196466e1f9e43
471,26,Join-restricted MILP,2,1,optimal_numerical,True,aiohttp,compact,100000,108915,True,66467,66467.0,0.0,1.1180294999940088,139.83203125,output_write,0.3618904000031762,0.0027488999912748113,0.03411049999704119,0.2272516000084579,0.01430110000364948,0.07635629999276716,108915,24707,21572,3338,0,0,0,0,0,1,1,21572,3338,24910,28248,26,968f205e68415550b05daf27772c827b41571bb5926ae5c7c4e9a70a1fb16a0b
472,26,Preprocessed global MILP,2,1,optimal_numerical,True,aiohttp,compact,100000,108915,True,66467,66467.0,0.0,0.9441489000018919,125.03515625,between_stages,0.19903049999265932,0.1121119000017643,0.004342500003986061,0.005522100007510744,0.00021470000501722097,0.07287489999725949,108915,24707,21572,3338,2539,753,20772,21526,748,22,770,3,3,92,138,66274,5775893b127f9f242f6be42f1e12eb7bf3f332a5191dc6025aa196466e1f9e43
473,26,Global MILP baseline,2,1,optimal_numerical,True,aiohttp,compact,100000,108915,True,66467,66467.0,0.0,1.3857484999898588,164.765625,between_stages,0.6182372000039322,0.004229499987559393,0.060072299995226786,0.45537480000348296,0.015675000002374873,0.0738710000005085,108915,24707,21572,3338,0,0,0,0,0,1,1,21572,21572,43144,64716,26,8f09cc0b34ba30ce4e769eb8914aa7497128412ba5e4a060a23f0fa2680e8829
474,26,Preprocessed global MILP,2,2,optimal_numerical,True,aiohttp,compact,100000,108915,True,66467,66467.0,0.0,0.9710833999997703,125.72265625,between_stages,0.2071286999998847,0.11858789999678265,0.001925500007928349,0.0045042999990982935,0.00021850000484846532,0.07871190000150818,108915,24707,21572,3338,2539,753,20772,21526,748,22,770,3,3,92,138,66274,5775893b127f9f242f6be42f1e12eb7bf3f332a5191dc6025aa196466e1f9e43
475,26,Global MILP baseline,2,2,optimal_numerical,True,aiohttp,compact,100000,108915,True,66467,66467.0,0.0,1.38312080000469,164.29296875,external_check,0.6208331000088947,0.0034478000015951693,0.05978129999130033,0.45764839999901596,0.016606399993179366,0.07264359999680892,108915,24707,21572,3338,0,0,0,0,0,1,1,21572,21572,43144,64716,26,8f09cc0b34ba30ce4e769eb8914aa7497128412ba5e4a060a23f0fa2680e8829
476,26,Join-restricted MILP,2,2,optimal_numerical,True,aiohttp,compact,100000,108915,True,66467,66467.0,0.0,1.1633719000092242,141.1640625,between_stages,0.38808099999732804,0.003133299993351102,0.0404772000038065,0.2272609000065131,0.0177177000005031,0.0871970999869518,108915,24707,21572,3338,0,0,0,0,0,1,1,21572,3338,24910,28248,26,968f205e68415550b05daf27772c827b41571bb5926ae5c7c4e9a70a1fb16a0b
477,26,Preprocessed global MILP,2,3,optimal_numerical,True,aiohttp,compact,100000,108915,True,66467,66467.0,0.0,0.9634427999990294,125.57421875,between_stages,0.20098700000380632,0.1141228000051342,0.0023658999998588115,0.0054902999982004985,0.00025889999233186245,0.07437180000124499,108915,24707,21572,3338,2539,753,20772,21526,748,22,770,3,3,92,138,66274,5775893b127f9f242f6be42f1e12eb7bf3f332a5191dc6025aa196466e1f9e43
478,26,Join-restricted MILP,2,3,optimal_numerical,True,aiohttp,compact,100000,108915,True,66467,66467.0,0.0,1.1030467000091448,139.1484375,between_stages,0.3623590999923181,0.0031095000013010576,0.034000500003458,0.22232200000144076,0.014077300002099946,0.07964160000847187,108915,24707,21572,3338,0,0,0,0,0,1,1,21572,3338,24910,28248,26,968f205e68415550b05daf27772c827b41571bb5926ae5c7c4e9a70a1fb16a0b
479,26,Global MILP baseline,2,3,optimal_numerical,True,aiohttp,compact,100000,108915,True,66467,66467.0,0.0,1.382589899993036,167.50390625,external_check,0.6173212000139756,0.003991100005805492,0.05929789999208879,0.4559657000063453,0.016223400001763366,0.07273699999495875,108915,24707,21572,3338,0,0,0,0,0,1,1,21572,21572,43144,64716,26,8f09cc0b34ba30ce4e769eb8914aa7497128412ba5e4a060a23f0fa2680e8829
480,26,Global MILP baseline,2,4,optimal_numerical,True,aiohttp,compact,100000,108915,True,66467,66467.0,0.0,1.4215519000135828,166.796875,between_stages,0.626876499998616,0.003781499995966442,0.05840409999655094,0.46311209999839775,0.0161526000010781,0.07647919999726582,108915,24707,21572,3338,0,0,0,0,0,1,1,21572,21572,43144,64716,26,8f09cc0b34ba30ce4e769eb8914aa7497128412ba5e4a060a23f0fa2680e8829
481,26,Join-restricted MILP,2,4,optimal_numerical,True,aiohttp,compact,100000,108915,True,66467,66467.0,0.0,1.1030365000042366,140.27734375,between_stages,0.35415959999954794,0.002824499999405816,0.0352089999942109,0.22033060000103433,0.01426859998900909,0.07395530000212602,108915,24707,21572,3338,0,0,0,0,0,1,1,21572,3338,24910,28248,26,968f205e68415550b05daf27772c827b41571bb5926ae5c7c4e9a70a1fb16a0b
482,26,Preprocessed global MILP,2,4,optimal_numerical,True,aiohttp,compact,100000,108915,True,66467,66467.0,0.0,0.9568190999998478,125.46875,between_stages,0.196203700004844,0.11143069999525324,0.0025252999912481755,0.005419499997515231,0.0003690000012284145,0.06996839999919757,108915,24707,21572,3338,2539,753,20772,21526,748,22,770,3,3,92,138,66274,5775893b127f9f242f6be42f1e12eb7bf3f332a5191dc6025aa196466e1f9e43
483,26,Global MILP baseline,2,5,optimal_numerical,True,aiohttp,compact,100000,108915,True,66467,66467.0,0.0,1.3921189000102459,167.453125,between_stages,0.6304396999912569,0.0035026999976253137,0.061202999990200624,0.4636679999966873,0.01588449999690056,0.07556370001111645,108915,24707,21572,3338,0,0,0,0,0,1,1,21572,21572,43144,64716,26,8f09cc0b34ba30ce4e769eb8914aa7497128412ba5e4a060a23f0fa2680e8829
484,26,Preprocessed global MILP,2,5,optimal_numerical,True,aiohttp,compact,100000,108915,True,66467,66467.0,0.0,0.9496830999996746,125.87109375,between_stages,0.19831179999164306,0.11310149999917485,0.00206459999026265,0.00456329999724403,0.0002234999992651865,0.0749593999935314,108915,24707,21572,3338,2539,753,20772,21526,748,22,770,3,3,92,138,66274,5775893b127f9f242f6be42f1e12eb7bf3f332a5191dc6025aa196466e1f9e43
485,26,Join-restricted MILP,2,5,optimal_numerical,True,aiohttp,compact,100000,108915,True,66467,66467.0,0.0,1.111903800003347,139.49609375,between_stages,0.35242600001220126,0.0029440000071190298,0.03415789999417029,0.2198015000030864,0.014190600006259046,0.07368820000556298,108915,24707,21572,3338,0,0,0,0,0,1,1,21572,3338,24910,28248,26,968f205e68415550b05daf27772c827b41571bb5926ae5c7c4e9a70a1fb16a0b
486,27,Join-restricted MILP,2,0,optimal_numerical,True,jsonschema,compact,100000,91848,True,48990,48990.0,0.0,0.9723794000019552,128.63671875,between_stages,0.30215260000841226,0.0022723000001860783,0.02747040000394918,0.19462330000533257,0.011358500007190742,0.061425299994880334,91848,18581,16226,2368,0,0,0,0,0,1,1,16226,2368,18594,20962,36,0234150dfa48b30b989e515bdd6dddbf7fd3bcf50383f23abb43f0fee0ae11fc
487,27,Preprocessed global MILP,2,0,optimal_numerical,True,jsonschema,compact,100000,91848,True,48990,48990.0,0.0,0.7868956999882357,113.19140625,output_write,0.15645199999562465,0.08807979999983218,0.0025501000054646283,0.005818699995870702,0.00018360000103712082,0.05649200000334531,91848,18581,16226,2368,1892,453,15747,16203,449,11,460,3,3,46,69,48894,3f75829db302c9abb14c265a273ff5af10510645a56f83fb3e08734677c36072
488,27,Global MILP baseline,2,0,optimal_numerical,True,jsonschema,compact,100000,91848,True,48990,48990.0,0.0,1.272191299998667,148.5234375,between_stages,0.6341767999983858,0.0030879000114509836,0.04529449999972712,0.5069076000072528,0.013064300001133233,0.05962529999669641,91848,18581,16226,2368,0,0,0,0,0,1,1,16226,16226,32452,48678,36,ece0904d67bae5c4dc7a1207905c951c454a0e9e418f71f83dc44eac7359db2c
489,27,Preprocessed global MILP,2,1,optimal_numerical,True,jsonschema,compact,100000,91848,True,48990,48990.0,0.0,0.8210195999999996,113.078125,external_check,0.171460700003081,0.09656530000211205,0.001899000009871088,0.005497799997101538,0.00021379999816417694,0.06140930000401568,91848,18581,16226,2368,1892,453,15747,16203,449,11,460,3,3,46,69,48894,3f75829db302c9abb14c265a273ff5af10510645a56f83fb3e08734677c36072
490,27,Global MILP baseline,2,1,optimal_numerical,True,jsonschema,compact,100000,91848,True,48990,48990.0,0.0,1.2929662000096869,147.6015625,between_stages,0.6404072000004817,0.0054143000015756115,0.04583610000554472,0.5091874000063399,0.012672299999394454,0.06104610000329558,91848,18581,16226,2368,0,0,0,0,0,1,1,16226,16226,32452,48678,36,ece0904d67bae5c4dc7a1207905c951c454a0e9e418f71f83dc44eac7359db2c
491,27,Join-restricted MILP,2,1,optimal_numerical,True,jsonschema,compact,100000,91848,True,48990,48990.0,0.0,0.9482222999940859,127.4453125,between_stages,0.29966309999872465,0.0021330999879864976,0.027795400004833937,0.19449580000946298,0.011420800001360476,0.058895800000755116,91848,18581,16226,2368,0,0,0,0,0,1,1,16226,2368,18594,20962,36,0234150dfa48b30b989e515bdd6dddbf7fd3bcf50383f23abb43f0fee0ae11fc
492,27,Preprocessed global MILP,2,2,optimal_numerical,True,jsonschema,compact,100000,91848,True,48990,48990.0,0.0,0.7967391999991378,113.1484375,external_check,0.16360400000121444,0.087885599990841,0.0015875000099185854,0.004264599992893636,0.0002891000040108338,0.06324109999695793,91848,18581,16226,2368,1892,453,15747,16203,449,11,460,3,3,46,69,48894,3f75829db302c9abb14c265a273ff5af10510645a56f83fb3e08734677c36072
493,27,Join-restricted MILP,2,2,optimal_numerical,True,jsonschema,compact,100000,91848,True,48990,48990.0,0.0,0.9223299999866867,126.1015625,external_check,0.2930521999951452,0.002227599994512275,0.027924100009840913,0.18654520000563934,0.011056099989218637,0.060461299988674,91848,18581,16226,2368,0,0,0,0,0,1,1,16226,2368,18594,20962,36,0234150dfa48b30b989e515bdd6dddbf7fd3bcf50383f23abb43f0fee0ae11fc
494,27,Global MILP baseline,2,2,optimal_numerical,True,jsonschema,compact,100000,91848,True,48990,48990.0,0.0,1.3016184000007343,148.05078125,between_stages,0.6529544000077294,0.0029347999952733517,0.04948529999819584,0.5199441000004299,0.01307519999681972,0.05864370000199415,91848,18581,16226,2368,0,0,0,0,0,1,1,16226,16226,32452,48678,36,ece0904d67bae5c4dc7a1207905c951c454a0e9e418f71f83dc44eac7359db2c
495,27,Global MILP baseline,2,3,optimal_numerical,True,jsonschema,compact,100000,91848,True,48990,48990.0,0.0,1.2973586000007344,147.59375,output_write,0.6412211999995634,0.0028559999918797985,0.052005100005771965,0.5079593999980716,0.012421499995980412,0.060060000003431924,91848,18581,16226,2368,0,0,0,0,0,1,1,16226,16226,32452,48678,36,ece0904d67bae5c4dc7a1207905c951c454a0e9e418f71f83dc44eac7359db2c
496,27,Join-restricted MILP,2,3,optimal_numerical,True,jsonschema,compact,100000,91848,True,48990,48990.0,0.0,0.9807437999988906,126.91796875,between_stages,0.29330690001370385,0.0023246999917319044,0.028741199988871813,0.18589180000708438,0.011023800005204976,0.060159200002090074,91848,18581,16226,2368,0,0,0,0,0,1,1,16226,2368,18594,20962,36,0234150dfa48b30b989e515bdd6dddbf7fd3bcf50383f23abb43f0fee0ae11fc
497,27,Preprocessed global MILP,2,3,optimal_numerical,True,jsonschema,compact,100000,91848,True,48990,48990.0,0.0,0.8034588000009535,111.6484375,between_stages,0.15683769999304786,0.08937020000303164,0.0017493000050308183,0.004373400006443262,0.00016679998952895403,0.05812020000303164,91848,18581,16226,2368,1892,453,15747,16203,449,11,460,3,3,46,69,48894,3f75829db302c9abb14c265a273ff5af10510645a56f83fb3e08734677c36072
498,27,Global MILP baseline,2,4,optimal_numerical,True,jsonschema,compact,100000,91848,True,48990,48990.0,0.0,1.2900136999960523,147.10546875,between_stages,0.6380388999969,0.003194499993696809,0.045320699995500036,0.5054419000080088,0.012948399991728365,0.06465109999408014,91848,18581,16226,2368,0,0,0,0,0,1,1,16226,16226,32452,48678,36,ece0904d67bae5c4dc7a1207905c951c454a0e9e418f71f83dc44eac7359db2c
499,27,Preprocessed global MILP,2,4,optimal_numerical,True,jsonschema,compact,100000,91848,True,48990,48990.0,0.0,0.83043539999926,112.2578125,between_stages,0.17628070000500884,0.0952158000000054,0.00214389999746345,0.00562940000963863,0.0002201000024797395,0.0694015000044601,91848,18581,16226,2368,1892,453,15747,16203,449,11,460,3,3,46,69,48894,3f75829db302c9abb14c265a273ff5af10510645a56f83fb3e08734677c36072
500,27,Join-restricted MILP,2,4,optimal_numerical,True,jsonschema,compact,100000,91848,True,48990,48990.0,0.0,0.9326142000063555,128.09375,between_stages,0.2915476999914972,0.0023313999990932643,0.026458000007551163,0.18637589999707416,0.01193510000302922,0.059613100005663,91848,18581,16226,2368,0,0,0,0,0,1,1,16226,2368,18594,20962,36,0234150dfa48b30b989e515bdd6dddbf7fd3bcf50383f23abb43f0fee0ae11fc
501,27,Join-restricted MILP,2,5,optimal_numerical,True,jsonschema,compact,100000,91848,True,48990,48990.0,0.0,0.9308088999969186,127.7578125,external_check,0.29934830000274815,0.0023564000002807006,0.027190799999516457,0.18722500000149012,0.011283200001344085,0.06353919999673963,91848,18581,16226,2368,0,0,0,0,0,1,1,16226,2368,18594,20962,36,0234150dfa48b30b989e515bdd6dddbf7fd3bcf50383f23abb43f0fee0ae11fc
502,27,Global MILP baseline,2,5,optimal_numerical,True,jsonschema,compact,100000,91848,True,48990,48990.0,0.0,1.2837686999992002,146.9921875,between_stages,0.6502920999919297,0.0039121000008890405,0.04681770000024699,0.5077084999938961,0.013196999992942438,0.07236550000379793,91848,18581,16226,2368,0,0,0,0,0,1,1,16226,16226,32452,48678,36,ece0904d67bae5c4dc7a1207905c951c454a0e9e418f71f83dc44eac7359db2c
503,27,Preprocessed global MILP,2,5,optimal_numerical,True,jsonschema,compact,100000,91848,True,48990,48990.0,0.0,0.8056747999944491,113.5703125,external_check,0.16427170000679325,0.08730560001276899,0.005852000002050772,0.0082636999868555,0.0002178000140702352,0.05848530000366736,91848,18581,16226,2368,1892,453,15747,16203,449,11,460,3,3,46,69,48894,3f75829db302c9abb14c265a273ff5af10510645a56f83fb3e08734677c36072
504,28,Preprocessed global MILP,2,0,optimal_numerical,True,matplotlib,fielded,100000,130113,True,52944,52944.0,0.0,0.8686807000049157,124.109375,external_check,0.15795860000071116,0.07922020000114571,0.0019638999947346747,0.005245299995294772,0.00019279999833088368,0.06781839999894146,130113,20699,17792,2881,2333,527,17211,17767,443,6,449,7,5,46,67,52870,fe01d9736b04696127356d15b064bd54e83fec0a7a843ef7e7ba9046563235e2
505,28,Global MILP baseline,2,0,optimal_numerical,True,matplotlib,fielded,100000,130113,True,52944,52944.0,0.0,1.8330370000039693,174.30078125,output_write,1.1250600999919698,0.003126499999780208,0.04702359999646433,0.9731243999995058,0.012969499992323108,0.08249980000255164,130113,20699,17792,2881,0,0,0,0,0,1,1,17792,17792,35584,53376,8,5645a828f684c42175abb7810bf6c496356e29cd004d46e3c26dfce2b0cf6d50
506,28,Join-restricted MILP,2,0,optimal_numerical,True,matplotlib,fielded,100000,130113,True,52944,52944.0,0.0,1.0701340999949025,138.98046875,between_stages,0.3335055000061402,0.009759399996255524,0.03303450001112651,0.2057344000058947,0.011162800001329742,0.068665200000396,130113,20699,17792,2881,0,0,0,0,0,1,1,17792,2881,20673,23554,8,2a2285784528a67b5f7b7c44fdde17299cd5427028cce84d36336713d5ade88c
507,28,Preprocessed global MILP,2,1,optimal_numerical,True,matplotlib,fielded,100000,130113,True,52944,52944.0,0.0,0.8694547000050079,124.12890625,external_check,0.15931269999418873,0.07847839999885764,0.0024363999982597306,0.0055665999971097335,0.00019779999274760485,0.06807159999152645,130113,20699,17792,2881,2333,527,17211,17767,443,6,449,7,5,46,67,52870,fe01d9736b04696127356d15b064bd54e83fec0a7a843ef7e7ba9046563235e2
508,28,Join-restricted MILP,2,1,optimal_numerical,True,matplotlib,fielded,100000,130113,True,52944,52944.0,0.0,1.0314288999943528,138.953125,between_stages,0.32280559999344405,0.0027033000078517944,0.028495200007455423,0.20295800000894815,0.010866500000702217,0.0722066000016639,130113,20699,17792,2881,0,0,0,0,0,1,1,17792,2881,20673,23554,8,2a2285784528a67b5f7b7c44fdde17299cd5427028cce84d36336713d5ade88c
509,28,Global MILP baseline,2,1,optimal_numerical,True,matplotlib,fielded,100000,130113,True,52944,52944.0,0.0,1.8467490999901202,176.73046875,external_check,1.1104017999896314,0.003908800004865043,0.0486049000028288,0.9713164999993751,0.012514100002590567,0.06711019999056589,130113,20699,17792,2881,0,0,0,0,0,1,1,17792,17792,35584,53376,8,5645a828f684c42175abb7810bf6c496356e29cd004d46e3c26dfce2b0cf6d50
510,28,Global MILP baseline,2,2,optimal_numerical,True,matplotlib,fielded,100000,130113,True,52944,52944.0,0.0,1.854831299991929,175.359375,between_stages,1.1112718000076711,0.003708200005348772,0.04725540000072215,0.9714288999966811,0.012572499996167608,0.06959379999898374,130113,20699,17792,2881,0,0,0,0,0,1,1,17792,17792,35584,53376,8,5645a828f684c42175abb7810bf6c496356e29cd004d46e3c26dfce2b0cf6d50
511,28,Join-restricted MILP,2,2,optimal_numerical,True,matplotlib,fielded,100000,130113,True,52944,52944.0,0.0,1.0456627000094159,138.65234375,output_write,0.3204245999950217,0.002563800007919781,0.028866399996331893,0.20488980000664014,0.010889400000451133,0.06771689999732189,130113,20699,17792,2881,0,0,0,0,0,1,1,17792,2881,20673,23554,8,2a2285784528a67b5f7b7c44fdde17299cd5427028cce84d36336713d5ade88c
512,28,Preprocessed global MILP,2,2,optimal_numerical,True,matplotlib,fielded,100000,130113,True,52944,52944.0,0.0,0.9127064999920549,123.22265625,between_stages,0.16731660001096316,0.08410629999707453,0.001880600000731647,0.0046289000019896775,0.00016999999934341758,0.07278729999961797,130113,20699,17792,2881,2333,527,17211,17767,443,6,449,7,5,46,67,52870,fe01d9736b04696127356d15b064bd54e83fec0a7a843ef7e7ba9046563235e2
513,28,Global MILP baseline,2,3,optimal_numerical,True,matplotlib,fielded,100000,130113,True,52944,52944.0,0.0,1.8603273999906378,173.91015625,between_stages,1.1158496999996714,0.0033607000077608973,0.04754670000693295,0.9757051999913529,0.012394299992593005,0.07024210000236053,130113,20699,17792,2881,0,0,0,0,0,1,1,17792,17792,35584,53376,8,5645a828f684c42175abb7810bf6c496356e29cd004d46e3c26dfce2b0cf6d50
514,28,Preprocessed global MILP,2,3,optimal_numerical,True,matplotlib,fielded,100000,130113,True,52944,52944.0,0.0,0.8771320999949239,122.75,output_write,0.15832369998679496,0.07899229999748059,0.0017946000007214025,0.00429440000152681,0.00017889999435283244,0.0682334000011906,130113,20699,17792,2881,2333,527,17211,17767,443,6,449,7,5,46,67,52870,fe01d9736b04696127356d15b064bd54e83fec0a7a843ef7e7ba9046563235e2
515,28,Join-restricted MILP,2,3,optimal_numerical,True,matplotlib,fielded,100000,130113,True,52944,52944.0,0.0,1.0581868000008399,138.4765625,between_stages,0.32026419999601785,0.0024659000046085566,0.028284800006076694,0.2051598000107333,0.010802599994349293,0.06865560000005644,130113,20699,17792,2881,0,0,0,0,0,1,1,17792,2881,20673,23554,8,2a2285784528a67b5f7b7c44fdde17299cd5427028cce84d36336713d5ade88c
516,28,Join-restricted MILP,2,4,optimal_numerical,True,matplotlib,fielded,100000,130113,True,52944,52944.0,0.0,1.0943591000104789,138.19140625,between_stages,0.32358660000318196,0.0026569999899948016,0.02812019998964388,0.20440079999389127,0.0109091000049375,0.07215059999725781,130113,20699,17792,2881,0,0,0,0,0,1,1,17792,2881,20673,23554,8,2a2285784528a67b5f7b7c44fdde17299cd5427028cce84d36336713d5ade88c
517,28,Global MILP baseline,2,4,optimal_numerical,True,matplotlib,fielded,100000,130113,True,52944,52944.0,0.0,1.8609910999948625,175.47265625,between_stages,1.1113245999877108,0.0032648000051267445,0.04806870000902563,0.9720572000078391,0.012692599993897602,0.06892360000347253,130113,20699,17792,2881,0,0,0,0,0,1,1,17792,17792,35584,53376,8,5645a828f684c42175abb7810bf6c496356e29cd004d46e3c26dfce2b0cf6d50
518,28,Preprocessed global MILP,2,4,optimal_numerical,True,matplotlib,fielded,100000,130113,True,52944,52944.0,0.0,0.9086437000078149,124.3984375,between_stages,0.17614540000795387,0.07816509999975096,0.0019437000009929761,0.007353299995884299,0.00022360000002663583,0.08367480000015348,130113,20699,17792,2881,2333,527,17211,17767,443,6,449,7,5,46,67,52870,fe01d9736b04696127356d15b064bd54e83fec0a7a843ef7e7ba9046563235e2
519,28,Join-restricted MILP,2,5,optimal_numerical,True,matplotlib,fielded,100000,130113,True,52944,52944.0,0.0,1.073582400000305,138.41796875,external_check,0.31881219999922905,0.006043300003511831,0.027749500004574656,0.19812920001277234,0.01045709999743849,0.07120809999469202,130113,20699,17792,2881,0,0,0,0,0,1,1,17792,2881,20673,23554,8,2a2285784528a67b5f7b7c44fdde17299cd5427028cce84d36336713d5ade88c
520,28,Preprocessed global MILP,2,5,optimal_numerical,True,matplotlib,fielded,100000,130113,True,52944,52944.0,0.0,0.8733633999945596,123.22265625,external_check,0.15805579999869224,0.07901139999739826,0.0016411999968113378,0.005810699993162416,0.0001748999929986894,0.06674139999086037,130113,20699,17792,2881,2333,527,17211,17767,443,6,449,7,5,46,67,52870,fe01d9736b04696127356d15b064bd54e83fec0a7a843ef7e7ba9046563235e2
521,28,Global MILP baseline,2,5,optimal_numerical,True,matplotlib,fielded,100000,130113,True,52944,52944.0,0.0,1.8672032000031322,175.828125,between_stages,1.1338351000013063,0.002959400007966906,0.047793599995202385,0.9987194999994244,0.012567300000227988,0.06604249999509193,130113,20699,17792,2881,0,0,0,0,0,1,1,17792,17792,35584,53376,8,5645a828f684c42175abb7810bf6c496356e29cd004d46e3c26dfce2b0cf6d50
522,29,Preprocessed global MILP,2,0,optimal_numerical,True,pydantic,fielded,100000,106808,True,51316,51316.0,0.0,0.9054173999902559,122.42578125,between_stages,0.1870226999890292,0.11188979999860749,0.0017616999975871295,0.004600100000970997,0.0001951000012923032,0.06422619998920709,106808,25891,23855,3131,2101,997,22767,23817,876,10,886,5,4,71,104,51195,cb22f531de5841ef6e9f725e1b5fb3ff3b9dba15838a1bbefd77af45bf70e78d
523,29,Join-restricted MILP,2,0,optimal_numerical,True,pydantic,fielded,100000,106808,True,51316,51316.0,0.0,1.300961400003871,146.05859375,external_check,0.6138275999983307,0.002703799997107126,0.03819340000336524,0.484233299997868,0.01465890000690706,0.06673659999796655,106808,25891,23855,3131,0,0,0,0,0,1,1,23855,3131,26986,30117,13,b9f786c73ced34dc9f3c0e9f8cd8522efcd0a4fc4f0c70828efcca78d2353b60
524,29,Global MILP baseline,2,0,optimal_numerical,True,pydantic,fielded,100000,106808,True,51316,51316.0,0.0,3.0495271000108914,193.38671875,between_stages,2.3646632000018144,0.0036761999945156276,0.07553200000256766,2.1934852999984287,0.01716050000686664,0.06554270000196993,106808,25891,23855,3131,0,0,0,0,0,1,1,23855,23855,47710,71565,13,f11a8fa50928d15f611f2246fabff99fe28e66af9e2292218464cab51bebc2be
525,29,Global MILP baseline,2,1,optimal_numerical,True,pydantic,fielded,100000,106808,True,51316,51316.0,0.0,3.0490591999987373,194.03515625,between_stages,2.360114800001611,0.004119300007005222,0.06630439999571536,2.196446799993282,0.01832319999812171,0.06549580000864808,106808,25891,23855,3131,0,0,0,0,0,1,1,23855,23855,47710,71565,13,f11a8fa50928d15f611f2246fabff99fe28e66af9e2292218464cab51bebc2be
526,29,Join-restricted MILP,2,1,optimal_numerical,True,pydantic,fielded,100000,106808,True,51316,51316.0,0.0,1.3331378000002587,145.34765625,external_check,0.6453990000009071,0.0029323000053409487,0.039077900000847876,0.5140708999970229,0.0149332000000868,0.06658199999947101,106808,25891,23855,3131,0,0,0,0,0,1,1,23855,3131,26986,30117,13,b9f786c73ced34dc9f3c0e9f8cd8522efcd0a4fc4f0c70828efcca78d2353b60
527,29,Preprocessed global MILP,2,1,optimal_numerical,True,pydantic,fielded,100000,106808,True,51316,51316.0,0.0,0.8664895999972941,121.046875,between_stages,0.1829841999860946,0.10487870000360999,0.001768000001902692,0.004406500011100434,0.00019150000298395753,0.06781049999699462,106808,25891,23855,3131,2101,997,22767,23817,876,10,886,5,4,71,104,51195,cb22f531de5841ef6e9f725e1b5fb3ff3b9dba15838a1bbefd77af45bf70e78d
528,29,Global MILP baseline,2,2,optimal_numerical,True,pydantic,fielded,100000,106808,True,51316,51316.0,0.0,3.076181700002053,195.12109375,external_check,2.3597524000069825,0.004167199993389659,0.0675448999973014,2.1958579999918584,0.017022100000758655,0.06488619999436196,106808,25891,23855,3131,0,0,0,0,0,1,1,23855,23855,47710,71565,13,f11a8fa50928d15f611f2246fabff99fe28e66af9e2292218464cab51bebc2be
529,29,Preprocessed global MILP,2,2,optimal_numerical,True,pydantic,fielded,100000,106808,True,51316,51316.0,0.0,0.9051725000026636,122.08203125,between_stages,0.1833933000016259,0.10812859999714419,0.003075400003581308,0.004618600010871887,0.00020090000180061907,0.06292489999032114,106808,25891,23855,3131,2101,997,22767,23817,876,10,886,5,4,71,104,51195,cb22f531de5841ef6e9f725e1b5fb3ff3b9dba15838a1bbefd77af45bf70e78d
530,29,Join-restricted MILP,2,2,optimal_numerical,True,pydantic,fielded,100000,106808,True,51316,51316.0,0.0,1.3110217000066768,145.7265625,between_stages,0.6254750999942189,0.0028917000017827377,0.037256499999784864,0.4948253000038676,0.014633500002673827,0.06796810000378173,106808,25891,23855,3131,0,0,0,0,0,1,1,23855,3131,26986,30117,13,b9f786c73ced34dc9f3c0e9f8cd8522efcd0a4fc4f0c70828efcca78d2353b60
531,29,Join-restricted MILP,2,3,optimal_numerical,True,pydantic,fielded,100000,106808,True,51316,51316.0,0.0,1.317525000005844,147.94140625,output_write,0.6254993000038667,0.0028359999996609986,0.03765909999492578,0.4905168999976013,0.014930399993318133,0.07142120000207797,106808,25891,23855,3131,0,0,0,0,0,1,1,23855,3131,26986,30117,13,b9f786c73ced34dc9f3c0e9f8cd8522efcd0a4fc4f0c70828efcca78d2353b60
532,29,Global MILP baseline,2,3,optimal_numerical,True,pydantic,fielded,100000,106808,True,51316,51316.0,0.0,3.0644399000011617,192.83984375,between_stages,2.3602818999934243,0.004049399998621084,0.0675422000058461,2.1910613999934867,0.017640999998548068,0.06998490000842139,106808,25891,23855,3131,0,0,0,0,0,1,1,23855,23855,47710,71565,13,f11a8fa50928d15f611f2246fabff99fe28e66af9e2292218464cab51bebc2be
533,29,Preprocessed global MILP,2,3,optimal_numerical,True,pydantic,fielded,100000,106808,True,51316,51316.0,0.0,0.8899530000053346,120.68359375,output_write,0.1918866999913007,0.1142561000015121,0.002482999989297241,0.005975599997327663,0.00020249999943189323,0.06421069998759776,106808,25891,23855,3131,2101,997,22767,23817,876,10,886,5,4,71,104,51195,cb22f531de5841ef6e9f725e1b5fb3ff3b9dba15838a1bbefd77af45bf70e78d
534,29,Join-restricted MILP,2,4,optimal_numerical,True,pydantic,fielded,100000,106808,True,51316,51316.0,0.0,1.3040803999901982,146.2421875,output_write,0.6175921000103699,0.0025751000066520646,0.03800069999124389,0.4892737999907695,0.015223900001728907,0.064387300008093,106808,25891,23855,3131,0,0,0,0,0,1,1,23855,3131,26986,30117,13,b9f786c73ced34dc9f3c0e9f8cd8522efcd0a4fc4f0c70828efcca78d2353b60
535,29,Preprocessed global MILP,2,4,optimal_numerical,True,pydantic,fielded,100000,106808,True,51316,51316.0,0.0,0.8861025999940466,123.52734375,external_check,0.18518200000107754,0.10929089999990538,0.0017582000000402331,0.004543100003502332,0.00020110000332351774,0.06497330000274815,106808,25891,23855,3131,2101,997,22767,23817,876,10,886,5,4,71,104,51195,cb22f531de5841ef6e9f725e1b5fb3ff3b9dba15838a1bbefd77af45bf70e78d
536,29,Global MILP baseline,2,4,optimal_numerical,True,pydantic,fielded,100000,106808,True,51316,51316.0,0.0,3.0568836000020383,194.56640625,external_check,2.3506796000001486,0.003494700009468943,0.06852709999657236,2.186692100003711,0.017447200007154606,0.06521190000057686,106808,25891,23855,3131,0,0,0,0,0,1,1,23855,23855,47710,71565,13,f11a8fa50928d15f611f2246fabff99fe28e66af9e2292218464cab51bebc2be
537,29,Preprocessed global MILP,2,5,optimal_numerical,True,pydantic,fielded,100000,106808,True,51316,51316.0,0.0,0.8728089000069303,122.859375,external_check,0.1825962000002619,0.10537770000519231,0.0020220000005792826,0.004701100013335235,0.00019180000526830554,0.06343589999596588,106808,25891,23855,3131,2101,997,22767,23817,876,10,886,5,4,71,104,51195,cb22f531de5841ef6e9f725e1b5fb3ff3b9dba15838a1bbefd77af45bf70e78d
538,29,Global MILP baseline,2,5,optimal_numerical,True,pydantic,fielded,100000,106808,True,51316,51316.0,0.0,3.0693047999957344,194.14453125,external_check,2.373400299999048,0.0035180999984731898,0.06891270000778604,2.2075698999979068,0.017117399998824112,0.06472450000001118,106808,25891,23855,3131,0,0,0,0,0,1,1,23855,23855,47710,71565,13,f11a8fa50928d15f611f2246fabff99fe28e66af9e2292218464cab51bebc2be
539,29,Join-restricted MILP,2,5,optimal_numerical,True,pydantic,fielded,100000,106808,True,51316,51316.0,0.0,1.335128499995335,145.6953125,external_check,0.628148500007228,0.0027717000048141927,0.03958810000040103,0.4944528999913018,0.014871300008962862,0.06865989998914301,106808,25891,23855,3131,0,0,0,0,0,1,1,23855,3131,26986,30117,13,b9f786c73ced34dc9f3c0e9f8cd8522efcd0a4fc4f0c70828efcca78d2353b60
540,30,Global MILP baseline,2,0,optimal_numerical,True,aiohttp,fielded,100000,105182,True,49449,49449.0,0.0,2.5898346999892965,185.23046875,between_stages,1.8544415999931516,0.003671999991638586,0.06333380000432953,1.691376399990986,0.01616430000285618,0.06807710000430234,105182,24283,22360,3221,0,0,0,0,0,1,1,22360,22360,44720,67080,17,bdf2a3dd3d5b1fd684ba8b946d8b3137d1fe12612cf2282a372414abb0d9e994
541,30,Join-restricted MILP,2,0,optimal_numerical,True,aiohttp,fielded,100000,105182,True,49449,49449.0,0.0,1.5874653999926522,144.46875,output_write,0.8866314000042621,0.0029427999979816377,0.0379619999876013,0.7538036000041757,0.014006799989147112,0.0705479999887757,105182,24283,22360,3221,0,0,0,0,0,1,1,22360,3221,25581,28802,17,8bb1295129ed2a44766f5cf25151c212f4e6bb33f12af8e1994f3312502019f8
542,30,Preprocessed global MILP,2,0,optimal_numerical,True,aiohttp,fielded,100000,105182,True,49449,49449.0,0.0,0.8695117999886861,121.00390625,external_check,0.1819921999995131,0.10397609999927226,0.0022388999932445586,0.005831100002978928,0.00021839998953510076,0.06529470000532456,105182,24283,22360,3221,1962,1226,21025,22316,1098,10,1108,6,5,77,110,49316,adebadfc575fe4400bbbc0b4cdddfb2bd25833bc92e199dff03c1da1ba8e3687
543,30,Global MILP baseline,2,1,optimal_numerical,True,aiohttp,fielded,100000,105182,True,49449,49449.0,0.0,2.5230744000000414,186.1484375,output_write,1.8467178999999305,0.0035879000060958788,0.06203139999706764,1.686559900001157,0.016250000000582077,0.06933460000436753,105182,24283,22360,3221,0,0,0,0,0,1,1,22360,22360,44720,67080,17,bdf2a3dd3d5b1fd684ba8b946d8b3137d1fe12612cf2282a372414abb0d9e994
544,30,Preprocessed global MILP,2,1,optimal_numerical,True,aiohttp,fielded,100000,105182,True,49449,49449.0,0.0,0.8689207999996142,119.015625,output_write,0.18986140000924934,0.10861009999644011,0.004234699998050928,0.005229600006714463,0.0002201999886892736,0.06533369999669958,105182,24283,22360,3221,1962,1226,21025,22316,1098,10,1108,6,5,77,110,49316,adebadfc575fe4400bbbc0b4cdddfb2bd25833bc92e199dff03c1da1ba8e3687
545,30,Join-restricted MILP,2,1,optimal_numerical,True,aiohttp,fielded,100000,105182,True,49449,49449.0,0.0,1.5674209999997402,145.125,between_stages,0.8820365999999922,0.0027995999989798293,0.03850899999088142,0.7474916999926791,0.014756800010218285,0.07116740000492427,105182,24283,22360,3221,0,0,0,0,0,1,1,22360,3221,25581,28802,17,8bb1295129ed2a44766f5cf25151c212f4e6bb33f12af8e1994f3312502019f8
546,30,Join-restricted MILP,2,2,optimal_numerical,True,aiohttp,fielded,100000,105182,True,49449,49449.0,0.0,1.5691961999982595,145.27734375,external_check,0.8807044999994105,0.002736199996434152,0.036920200000167824,0.753527100008796,0.014808200008701533,0.06535560000338592,105182,24283,22360,3221,0,0,0,0,0,1,1,22360,3221,25581,28802,17,8bb1295129ed2a44766f5cf25151c212f4e6bb33f12af8e1994f3312502019f8
547,30,Global MILP baseline,2,2,optimal_numerical,True,aiohttp,fielded,100000,105182,True,49449,49449.0,0.0,2.533866899990244,184.14453125,between_stages,1.8259244000073522,0.004068200010806322,0.0700141999986954,1.6594307000050321,0.016912799997953698,0.06642899999860674,105182,24283,22360,3221,0,0,0,0,0,1,1,22360,22360,44720,67080,17,bdf2a3dd3d5b1fd684ba8b946d8b3137d1fe12612cf2282a372414abb0d9e994
548,30,Preprocessed global MILP,2,2,optimal_numerical,True,aiohttp,fielded,100000,105182,True,49449,49449.0,0.0,0.8784613000025274,121.87890625,between_stages,0.19585550000192598,0.10837259999243543,0.002384800012805499,0.006462599994847551,0.0002195999986724928,0.07361870000022464,105182,24283,22360,3221,1962,1226,21025,22316,1098,10,1108,6,5,77,110,49316,adebadfc575fe4400bbbc0b4cdddfb2bd25833bc92e199dff03c1da1ba8e3687
549,30,Join-restricted MILP,2,3,optimal_numerical,True,aiohttp,fielded,100000,105182,True,49449,49449.0,0.0,1.5896153000066988,144.8046875,between_stages,0.8912828999891644,0.0031574000022374094,0.03783070000645239,0.7611928999976953,0.014122799999313429,0.067741400009254,105182,24283,22360,3221,0,0,0,0,0,1,1,22360,3221,25581,28802,17,8bb1295129ed2a44766f5cf25151c212f4e6bb33f12af8e1994f3312502019f8
550,30,Preprocessed global MILP,2,3,optimal_numerical,True,aiohttp,fielded,100000,105182,True,49449,49449.0,0.0,0.8665156000060961,122.34375,external_check,0.18142799999623094,0.10314810001000296,0.001966199997696094,0.005401000002166256,0.00020009999570902437,0.06652770000800956,105182,24283,22360,3221,1962,1226,21025,22316,1098,10,1108,6,5,77,110,49316,adebadfc575fe4400bbbc0b4cdddfb2bd25833bc92e199dff03c1da1ba8e3687
551,30,Global MILP baseline,2,3,optimal_numerical,True,aiohttp,fielded,100000,105182,True,49449,49449.0,0.0,2.5257300000084797,184.52734375,between_stages,1.843719800002873,0.0037253000045893714,0.06359179998980835,1.6814696999936132,0.016783200000645593,0.06871920000412501,105182,24283,22360,3221,0,0,0,0,0,1,1,22360,22360,44720,67080,17,bdf2a3dd3d5b1fd684ba8b946d8b3137d1fe12612cf2282a372414abb0d9e994
552,30,Preprocessed global MILP,2,4,optimal_numerical,True,aiohttp,fielded,100000,105182,True,49449,49449.0,0.0,0.8643562000070233,119.3203125,output_write,0.18985010001051705,0.10859930000151508,0.0018201999919256195,0.005309500003932044,0.0002148000057786703,0.07019860000582412,105182,24283,22360,3221,1962,1226,21025,22316,1098,10,1108,6,5,77,110,49316,adebadfc575fe4400bbbc0b4cdddfb2bd25833bc92e199dff03c1da1ba8e3687
553,30,Global MILP baseline,2,4,optimal_numerical,True,aiohttp,fielded,100000,105182,True,49449,49449.0,0.0,2.518754799995804,184.8828125,external_check,1.8174120999901788,0.003954300002078526,0.06191259999468457,1.660239000004367,0.016364099996280856,0.06526930000109132,105182,24283,22360,3221,0,0,0,0,0,1,1,22360,22360,44720,67080,17,bdf2a3dd3d5b1fd684ba8b946d8b3137d1fe12612cf2282a372414abb0d9e994
554,30,Join-restricted MILP,2,4,optimal_numerical,True,aiohttp,fielded,100000,105182,True,49449,49449.0,0.0,1.5683527999935905,144.94140625,between_stages,0.8745696999976644,0.0026147000025957823,0.03734940000867937,0.7475386000005528,0.014114100005826913,0.06620780000230297,105182,24283,22360,3221,0,0,0,0,0,1,1,22360,3221,25581,28802,17,8bb1295129ed2a44766f5cf25151c212f4e6bb33f12af8e1994f3312502019f8
555,30,Preprocessed global MILP,2,5,optimal_numerical,True,aiohttp,fielded,100000,105182,True,49449,49449.0,0.0,0.8958277999918209,121.30078125,between_stages,0.18878789999871515,0.10527049998927396,0.0022973000013735145,0.0053659999975934625,0.0002641000028233975,0.06993480000528507,105182,24283,22360,3221,1962,1226,21025,22316,1098,10,1108,6,5,77,110,49316,adebadfc575fe4400bbbc0b4cdddfb2bd25833bc92e199dff03c1da1ba8e3687
556,30,Join-restricted MILP,2,5,optimal_numerical,True,aiohttp,fielded,100000,105182,True,49449,49449.0,0.0,1.6189630000008037,143.0078125,between_stages,0.9178396000061184,0.0027516999980434775,0.038707500003511086,0.7762258000002475,0.015322999999625608,0.07687950000399724,105182,24283,22360,3221,0,0,0,0,0,1,1,22360,3221,25581,28802,17,8bb1295129ed2a44766f5cf25151c212f4e6bb33f12af8e1994f3312502019f8
557,30,Global MILP baseline,2,5,optimal_numerical,True,aiohttp,fielded,100000,105182,True,49449,49449.0,0.0,2.519457299989881,183.875,between_stages,1.8265194999985397,0.00438259998918511,0.06453479999618139,1.6649365999910515,0.016483200000948273,0.06408769999688957,105182,24283,22360,3221,0,0,0,0,0,1,1,22360,22360,44720,67080,17,bdf2a3dd3d5b1fd684ba8b946d8b3137d1fe12612cf2282a372414abb0d9e994
558,31,Global MILP baseline,2,0,optimal_numerical,True,jsonschema,fielded,100000,101506,True,42178,42178.0,0.0,2.0727110000007087,178.84765625,external_check,1.3873320999991847,0.0035139999963575974,0.05554889999621082,1.2449188000027789,0.015352200003690086,0.05895720000262372,101506,21422,19669,2269,0,0,0,0,0,1,1,19669,19669,39338,59007,33,aeb32a04f86ef10343a3b4addcf0a44d4aad2ccc489feccc8608fc49c5f0bf74
559,31,Preprocessed global MILP,2,0,optimal_numerical,True,jsonschema,fielded,100000,101506,True,42178,42178.0,0.0,0.8626401999936206,115.29296875,between_stages,0.18334580000373535,0.1050210999965202,0.0021395000076154247,0.005745699992985465,0.00023259999579750001,0.06637529999716207,101506,21422,19669,2269,1549,686,18903,19627,609,11,620,6,5,76,110,42043,09d089cc1337af010d8a19a0ba81fc0e65edafadf6f189260da4b12baa3bc35f
560,31,Join-restricted MILP,2,0,optimal_numerical,True,jsonschema,fielded,100000,101506,True,42178,42178.0,0.0,1.1404513000015868,139.96875,between_stages,0.447933200004627,0.0023604000016348436,0.03255559998797253,0.328892999998061,0.013007700006710365,0.06419160000223201,101506,21422,19669,2269,0,0,0,0,0,1,1,19669,2269,21938,24207,33,f70234b82f0d34ab9b5cb5ae95607e08d7c4db598267af99bb660256b670aa5a
561,31,Join-restricted MILP,2,1,optimal_numerical,True,jsonschema,fielded,100000,101506,True,42178,42178.0,0.0,1.1074589000054402,138.828125,between_stages,0.4511505999980727,0.002867199989850633,0.0341344000044046,0.3297817999991821,0.013727500001550652,0.06278710000333376,101506,21422,19669,2269,0,0,0,0,0,1,1,19669,2269,21938,24207,33,f70234b82f0d34ab9b5cb5ae95607e08d7c4db598267af99bb660256b670aa5a
562,31,Global MILP baseline,2,1,optimal_numerical,True,jsonschema,fielded,100000,101506,True,42178,42178.0,0.0,2.1789916999987327,178.9609375,between_stages,1.4961552000022493,0.0031672000040998682,0.056862600002205,1.3276679999980843,0.014787000007345341,0.08484350000799168,101506,21422,19669,2269,0,0,0,0,0,1,1,19669,19669,39338,59007,33,aeb32a04f86ef10343a3b4addcf0a44d4aad2ccc489feccc8608fc49c5f0bf74
563,31,Preprocessed global MILP,2,1,optimal_numerical,True,jsonschema,fielded,100000,101506,True,42178,42178.0,0.0,0.8683347000041977,116.98046875,output_write,0.1715184000058798,0.09578540000075009,0.0025218999944627285,0.006159900003694929,0.00022699999681208283,0.06193960001110099,101506,21422,19669,2269,1549,686,18903,19627,609,11,620,6,5,76,110,42043,09d089cc1337af010d8a19a0ba81fc0e65edafadf6f189260da4b12baa3bc35f
564,31,Join-restricted MILP,2,2,optimal_numerical,True,jsonschema,fielded,100000,101506,True,42178,42178.0,0.0,1.1346286999905715,140.859375,between_stages,0.45527880000008736,0.0023207000049296767,0.03378449998854194,0.3301614000083646,0.013738299996475689,0.06805739999981597,101506,21422,19669,2269,0,0,0,0,0,1,1,19669,2269,21938,24207,33,f70234b82f0d34ab9b5cb5ae95607e08d7c4db598267af99bb660256b670aa5a
565,31,Preprocessed global MILP,2,2,optimal_numerical,True,jsonschema,fielded,100000,101506,True,42178,42178.0,0.0,0.8686831999948481,116.640625,between_stages,0.17640499999106396,0.09353220000048168,0.0022282999998424202,0.00879259999783244,0.00021910000941716135,0.0669871999998577,101506,21422,19669,2269,1549,686,18903,19627,609,11,620,6,5,76,110,42043,09d089cc1337af010d8a19a0ba81fc0e65edafadf6f189260da4b12baa3bc35f
566,31,Global MILP baseline,2,2,optimal_numerical,True,jsonschema,fielded,100000,101506,True,42178,42178.0,0.0,2.082311399994069,179.08203125,between_stages,1.4071294000023045,0.0037351999926613644,0.057049800001550466,1.2569165000022622,0.015196500011370517,0.0654283000039868,101506,21422,19669,2269,0,0,0,0,0,1,1,19669,19669,39338,59007,33,aeb32a04f86ef10343a3b4addcf0a44d4aad2ccc489feccc8608fc49c5f0bf74
567,31,Preprocessed global MILP,2,3,optimal_numerical,True,jsonschema,fielded,100000,101506,True,42178,42178.0,0.0,0.8340114000020549,115.65625,between_stages,0.16905209999822546,0.09565889999794308,0.00170310000248719,0.007299499993678182,0.0002187999925808981,0.06026840000413358,101506,21422,19669,2269,1549,686,18903,19627,609,11,620,6,5,76,110,42043,09d089cc1337af010d8a19a0ba81fc0e65edafadf6f189260da4b12baa3bc35f
568,31,Global MILP baseline,2,3,optimal_numerical,True,jsonschema,fielded,100000,101506,True,42178,42178.0,0.0,2.062933900000644,179.20703125,between_stages,1.3945793000020785,0.0033228999964194372,0.05674669999280013,1.245008300000336,0.015157000001636334,0.0655689999985043,101506,21422,19669,2269,0,0,0,0,0,1,1,19669,19669,39338,59007,33,aeb32a04f86ef10343a3b4addcf0a44d4aad2ccc489feccc8608fc49c5f0bf74
569,31,Join-restricted MILP,2,3,optimal_numerical,True,jsonschema,fielded,100000,101506,True,42178,42178.0,0.0,1.1516561999887927,139.9296875,output_write,0.468044799999916,0.0028132000006735325,0.033019700000295416,0.33737520000431687,0.013227999996161088,0.07453880000684876,101506,21422,19669,2269,0,0,0,0,0,1,1,19669,2269,21938,24207,33,f70234b82f0d34ab9b5cb5ae95607e08d7c4db598267af99bb660256b670aa5a
570,31,Preprocessed global MILP,2,4,optimal_numerical,True,jsonschema,fielded,100000,101506,True,42178,42178.0,0.0,0.8579825000051642,115.796875,between_stages,0.18214659999648575,0.10018320000381209,0.0016838000010466203,0.005363100004615262,0.00019869999960064888,0.06943889999820385,101506,21422,19669,2269,1549,686,18903,19627,609,11,620,6,5,76,110,42043,09d089cc1337af010d8a19a0ba81fc0e65edafadf6f189260da4b12baa3bc35f
571,31,Join-restricted MILP,2,4,optimal_numerical,True,jsonschema,fielded,100000,101506,True,42178,42178.0,0.0,1.1372705999965547,138.0390625,external_check,0.4573461999971187,0.002674900009878911,0.03214969999680761,0.32992669999657664,0.013013100004172884,0.07235609999042936,101506,21422,19669,2269,0,0,0,0,0,1,1,19669,2269,21938,24207,33,f70234b82f0d34ab9b5cb5ae95607e08d7c4db598267af99bb660256b670aa5a
572,31,Global MILP baseline,2,4,optimal_numerical,True,jsonschema,fielded,100000,101506,True,42178,42178.0,0.0,2.08165100000042,179.1328125,between_stages,1.409850699987146,0.003420699998969212,0.05686439998680726,1.2606415999907767,0.0152308999968227,0.06438229999912437,101506,21422,19669,2269,0,0,0,0,0,1,1,19669,19669,39338,59007,33,aeb32a04f86ef10343a3b4addcf0a44d4aad2ccc489feccc8608fc49c5f0bf74
573,31,Global MILP baseline,2,5,optimal_numerical,True,jsonschema,fielded,100000,101506,True,42178,42178.0,0.0,2.1585093999892706,179.37890625,output_write,1.449097000004258,0.0036770000006072223,0.05632240000704769,1.2947605999943335,0.015355600000475533,0.06975219999731053,101506,21422,19669,2269,0,0,0,0,0,1,1,19669,19669,39338,59007,33,aeb32a04f86ef10343a3b4addcf0a44d4aad2ccc489feccc8608fc49c5f0bf74
574,31,Join-restricted MILP,2,5,optimal_numerical,True,jsonschema,fielded,100000,101506,True,42178,42178.0,0.0,1.153567400004249,140.91796875,between_stages,0.46348479999869596,0.002527200005715713,0.031391399999847636,0.34023899999738205,0.013030899994191714,0.06961770000634715,101506,21422,19669,2269,0,0,0,0,0,1,1,19669,2269,21938,24207,33,f70234b82f0d34ab9b5cb5ae95607e08d7c4db598267af99bb660256b670aa5a
575,31,Preprocessed global MILP,2,5,optimal_numerical,True,jsonschema,fielded,100000,101506,True,42178,42178.0,0.0,0.866019499997492,115.8671875,between_stages,0.17516129999421537,0.09472120000282302,0.0020994000078644603,0.008909500000299886,0.00025019999884534627,0.06535560000338592,101506,21422,19669,2269,1549,686,18903,19627,609,11,620,6,5,76,110,42043,09d089cc1337af010d8a19a0ba81fc0e65edafadf6f189260da4b12baa3bc35f
576,32,Join-restricted MILP,32,0,optimal_numerical,True,matplotlib,compact,100000,109859,True,99010,99010.0,0.0,0.996538799998234,143.94140625,between_stages,0.2597929000039585,0.0026894999900832772,0.0302092000056291,0.09231609999551438,0.014160499995341524,0.11152409999340307,109859,34952,23711,2400,0,0,0,0,0,1,1,23711,2400,26111,28511,9,97b467516f2205033a2f9f3716874235914529e146d247d7845d762d6127ff90
577,32,Global MILP baseline,32,0,optimal_numerical,True,matplotlib,compact,100000,109859,True,99010,99010.0,0.0,1.1726400000043213,157.05078125,external_check,0.41527949999726843,0.0036459000111790374,0.059419099998194724,0.17483990000619087,0.015422500000568107,0.15146340000501368,109859,34952,23711,2400,0,0,0,0,0,1,1,23711,23711,47422,71133,9,512ab168dc0aeec960b640652b6894ae503cd4e9720a7616b481cb4b7781cd8e
578,32,Preprocessed global MILP,32,0,optimal_numerical,True,matplotlib,compact,100000,109859,True,99010,99010.0,0.0,1.0319520000048215,135.15234375,between_stages,0.29971999999543186,0.16468089999398217,0.001937499997438863,0.011009499998181127,0.00038610000046901405,0.11738330000662245,109859,34952,23711,2400,375,2001,21340,23605,1531,6,1537,69,13,130,154,97780,6731a1e0fc71c1cc3d1dca24d8c3a3f463d176ff18548900d85d05a0f3589b65
579,32,Join-restricted MILP,32,1,optimal_numerical,True,matplotlib,compact,100000,109859,True,99010,99010.0,0.0,1.0133176999952411,136.23046875,external_check,0.28173879999667406,0.0029484999977285042,0.03087230000528507,0.09107350000704173,0.013838300001225434,0.13386139999784064,109859,34952,23711,2400,0,0,0,0,0,1,1,23711,2400,26111,28511,9,97b467516f2205033a2f9f3716874235914529e146d247d7845d762d6127ff90
580,32,Preprocessed global MILP,32,1,optimal_numerical,True,matplotlib,compact,100000,109859,True,99010,99010.0,0.0,1.0091812999889953,134.8671875,between_stages,0.29125689998909365,0.16402869999001268,0.0023508000012952834,0.010235499998088926,0.0002801999944495037,0.11057049999362789,109859,34952,23711,2400,375,2001,21340,23605,1531,6,1537,69,13,130,154,97780,6731a1e0fc71c1cc3d1dca24d8c3a3f463d176ff18548900d85d05a0f3589b65
581,32,Global MILP baseline,32,1,optimal_numerical,True,matplotlib,compact,100000,109859,True,99010,99010.0,0.0,1.115698199995677,167.87109375,output_write,0.3816357999894535,0.003530500005581416,0.05969609999738168,0.1732419000036316,0.015632900001946837,0.12023820000467822,109859,34952,23711,2400,0,0,0,0,0,1,1,23711,23711,47422,71133,9,512ab168dc0aeec960b640652b6894ae503cd4e9720a7616b481cb4b7781cd8e
582,32,Preprocessed global MILP,32,2,optimal_numerical,True,matplotlib,compact,100000,109859,True,99010,99010.0,0.0,1.0441468000062741,134.921875,output_write,0.29317799999262206,0.16433820000384003,0.0018676000036066398,0.009334399990621023,0.0003476999991107732,0.11189450000529177,109859,34952,23711,2400,375,2001,21340,23605,1531,6,1537,69,13,130,154,97780,6731a1e0fc71c1cc3d1dca24d8c3a3f463d176ff18548900d85d05a0f3589b65
583,32,Global MILP baseline,32,2,optimal_numerical,True,matplotlib,compact,100000,109859,True,99010,99010.0,0.0,1.1027387000067392,157.4609375,between_stages,0.37412949999270495,0.003795299999183044,0.05876919999718666,0.1716216000058921,0.016581799995037727,0.11426690001098905,109859,34952,23711,2400,0,0,0,0,0,1,1,23711,23711,47422,71133,9,512ab168dc0aeec960b640652b6894ae503cd4e9720a7616b481cb4b7781cd8e
584,32,Join-restricted MILP,32,2,optimal_numerical,True,matplotlib,compact,100000,109859,True,99010,99010.0,0.0,0.9727016999968328,136.26953125,between_stages,0.25438119999307673,0.0026369000115664676,0.030196899999282323,0.08890940000128467,0.014098900006501935,0.11131130000285339,109859,34952,23711,2400,0,0,0,0,0,1,1,23711,2400,26111,28511,9,97b467516f2205033a2f9f3716874235914529e146d247d7845d762d6127ff90
585,32,Preprocessed global MILP,32,3,optimal_numerical,True,matplotlib,compact,100000,109859,True,99010,99010.0,0.0,1.0060488000017358,135.5234375,between_stages,0.28956140000082087,0.1645076999993762,0.001959000001079403,0.009644200006732717,0.00031039999157655984,0.10897329999716021,109859,34952,23711,2400,375,2001,21340,23605,1531,6,1537,69,13,130,154,97780,6731a1e0fc71c1cc3d1dca24d8c3a3f463d176ff18548900d85d05a0f3589b65
586,32,Join-restricted MILP,32,3,optimal_numerical,True,matplotlib,compact,100000,109859,True,99010,99010.0,0.0,0.981803000002401,138.0703125,between_stages,0.254090799993719,0.0025599999935366213,0.030305299995234236,0.08817370000178926,0.013943700003437698,0.11153470000135712,109859,34952,23711,2400,0,0,0,0,0,1,1,23711,2400,26111,28511,9,97b467516f2205033a2f9f3716874235914529e146d247d7845d762d6127ff90
587,32,Global MILP baseline,32,3,optimal_numerical,True,matplotlib,compact,100000,109859,True,99010,99010.0,0.0,1.1504317999933846,160.37890625,output_write,0.38943349999317434,0.003929500002413988,0.05886099999770522,0.17428429999563377,0.017011499992804602,0.12566960000549443,109859,34952,23711,2400,0,0,0,0,0,1,1,23711,23711,47422,71133,9,512ab168dc0aeec960b640652b6894ae503cd4e9720a7616b481cb4b7781cd8e
588,32,Global MILP baseline,32,4,optimal_numerical,True,matplotlib,compact,100000,109859,True,99010,99010.0,0.0,1.1527376000012737,157.6015625,output_write,0.4062266999972053,0.0042195999994874,0.05652639998879749,0.18306489998940378,0.017190800004755147,0.1358157999929972,109859,34952,23711,2400,0,0,0,0,0,1,1,23711,23711,47422,71133,9,512ab168dc0aeec960b640652b6894ae503cd4e9720a7616b481cb4b7781cd8e
589,32,Join-restricted MILP,32,4,optimal_numerical,True,matplotlib,compact,100000,109859,True,99010,99010.0,0.0,1.1193034000025364,136.00390625,between_stages,0.3425172000133898,0.00307510000129696,0.030721300005097874,0.09849690001283307,0.014001099989400245,0.18773840001085773,109859,34952,23711,2400,0,0,0,0,0,1,1,23711,2400,26111,28511,9,97b467516f2205033a2f9f3716874235914529e146d247d7845d762d6127ff90
590,32,Preprocessed global MILP,32,4,optimal_numerical,True,matplotlib,compact,100000,109859,True,99010,99010.0,0.0,1.032101100005093,136.7578125,output_write,0.29563100000086706,0.1666527000052156,0.002186099998652935,0.00963489999412559,0.0003453000099398196,0.11283250000269618,109859,34952,23711,2400,375,2001,21340,23605,1531,6,1537,69,13,130,154,97780,6731a1e0fc71c1cc3d1dca24d8c3a3f463d176ff18548900d85d05a0f3589b65
591,32,Global MILP baseline,32,5,optimal_numerical,True,matplotlib,compact,100000,109859,True,99010,99010.0,0.0,1.105415300000459,157.0,between_stages,0.3856917999946745,0.003764200009754859,0.05998150000232272,0.17450199999439064,0.0157413999986602,0.12067990000650752,109859,34952,23711,2400,0,0,0,0,0,1,1,23711,23711,47422,71133,9,512ab168dc0aeec960b640652b6894ae503cd4e9720a7616b481cb4b7781cd8e
592,32,Preprocessed global MILP,32,5,optimal_numerical,True,matplotlib,compact,100000,109859,True,99010,99010.0,0.0,1.027224200006458,134.68359375,between_stages,0.2967065000120783,0.16498280000814702,0.0023830999998608604,0.009736100008012727,0.0002812999882735312,0.11501960000896361,109859,34952,23711,2400,375,2001,21340,23605,1531,6,1537,69,13,130,154,97780,6731a1e0fc71c1cc3d1dca24d8c3a3f463d176ff18548900d85d05a0f3589b65
593,32,Join-restricted MILP,32,5,optimal_numerical,True,matplotlib,compact,100000,109859,True,99010,99010.0,0.0,1.029758699995,136.6015625,between_stages,0.2772625999932643,0.003022200005943887,0.03071079999790527,0.0914918999915244,0.014642400012235157,0.12855609999678563,109859,34952,23711,2400,0,0,0,0,0,1,1,23711,2400,26111,28511,9,97b467516f2205033a2f9f3716874235914529e146d247d7845d762d6127ff90
594,33,Join-restricted MILP,32,0,optimal_numerical,True,pydantic,compact,100000,100042,True,82260,82260.0,0.0,1.1387943999870913,136.92578125,output_write,0.4260731000103988,0.0027865000010933727,0.03700699999171775,0.23463330000231508,0.014141199993900955,0.13020279999182094,100042,24650,21398,3251,0,0,0,0,0,1,1,21398,3251,24649,27900,32,4020c28d16f9c937d3020104e49e4223ef3b1d05f9473e44b04dcc7f225a96d2
595,33,Preprocessed global MILP,32,0,optimal_numerical,True,pydantic,compact,100000,100042,True,82260,82260.0,0.0,1.0989326999988407,124.8515625,between_stages,0.37127869999676477,0.22948510000423994,0.002653400006238371,0.013485100003890693,0.0008691999973962083,0.12087559999781661,100042,24650,21398,3251,183,2996,17159,20841,1822,15,1837,318,23,629,701,76781,2b3753a513ab5ef23a27b49da97a0ee28a1a60e153aa8641ab302730917ed3fa
596,33,Global MILP baseline,32,0,optimal_numerical,True,pydantic,compact,100000,100042,True,82260,82260.0,0.0,1.511470500001451,160.078125,between_stages,0.7735047000023769,0.0037385999894468114,0.05984689999604598,0.556989299991983,0.01624870000523515,0.12765639999997802,100042,24650,21398,3251,0,0,0,0,0,1,1,21398,21398,42796,64194,32,0f93dcc03714e546b15428f03566b5b4b633063546724318ad9a585deec3e0d5
597,33,Preprocessed global MILP,32,1,optimal_numerical,True,pydantic,compact,100000,100042,True,82260,82260.0,0.0,1.0975684000004549,124.97265625,between_stages,0.3650883999944199,0.22797490000084508,0.0035180999984731898,0.011761400004616007,0.000898900005267933,0.11717160000989679,100042,24650,21398,3251,183,2996,17159,20841,1822,15,1837,318,23,629,701,76781,2b3753a513ab5ef23a27b49da97a0ee28a1a60e153aa8641ab302730917ed3fa
598,33,Global MILP baseline,32,1,optimal_numerical,True,pydantic,compact,100000,100042,True,82260,82260.0,0.0,1.4700040999887278,159.76171875,between_stages,0.7385286000062479,0.003880200005369261,0.05782129999715835,0.5320431000000099,0.016378799991798587,0.11912930000107735,100042,24650,21398,3251,0,0,0,0,0,1,1,21398,21398,42796,64194,32,0f93dcc03714e546b15428f03566b5b4b633063546724318ad9a585deec3e0d5
599,33,Join-restricted MILP,32,1,optimal_numerical,True,pydantic,compact,100000,100042,True,82260,82260.0,0.0,1.2225057999894489,144.07421875,output_write,0.4258025000017369,0.002702600002521649,0.035187400004360825,0.23653029999695718,0.014913499995600432,0.1282132000051206,100042,24650,21398,3251,0,0,0,0,0,1,1,21398,3251,24649,27900,32,4020c28d16f9c937d3020104e49e4223ef3b1d05f9473e44b04dcc7f225a96d2
600,33,Preprocessed global MILP,32,2,optimal_numerical,True,pydantic,compact,100000,100042,True,82260,82260.0,0.0,1.0514934999955585,126.04296875,between_stages,0.3548339999979362,0.21796140000515152,0.003049000006285496,0.011697599999024533,0.0008282999915536493,0.11765699999523349,100042,24650,21398,3251,183,2996,17159,20841,1822,15,1837,318,23,629,701,76781,2b3753a513ab5ef23a27b49da97a0ee28a1a60e153aa8641ab302730917ed3fa
601,33,Join-restricted MILP,32,2,optimal_numerical,True,pydantic,compact,100000,100042,True,82260,82260.0,0.0,1.1277108000067528,141.15625,between_stages,0.4224413999909302,0.002906900001107715,0.03466780000599101,0.23270170000614598,0.014622200003941543,0.12987550000252668,100042,24650,21398,3251,0,0,0,0,0,1,1,21398,3251,24649,27900,32,4020c28d16f9c937d3020104e49e4223ef3b1d05f9473e44b04dcc7f225a96d2
602,33,Global MILP baseline,32,2,optimal_numerical,True,pydantic,compact,100000,100042,True,82260,82260.0,0.0,1.4487003999965964,160.01171875,output_write,0.7419595999963349,0.004090000002179295,0.060224799992283806,0.5322925999935251,0.017286200003582053,0.11923719999322202,100042,24650,21398,3251,0,0,0,0,0,1,1,21398,21398,42796,64194,32,0f93dcc03714e546b15428f03566b5b4b633063546724318ad9a585deec3e0d5
603,33,Global MILP baseline,32,3,optimal_numerical,True,pydantic,compact,100000,100042,True,82260,82260.0,0.0,1.4506789999868488,161.8359375,between_stages,0.7426457999972627,0.006918400002177805,0.06038970001100097,0.5293437000073027,0.01661910000257194,0.11986229999456555,100042,24650,21398,3251,0,0,0,0,0,1,1,21398,21398,42796,64194,32,0f93dcc03714e546b15428f03566b5b4b633063546724318ad9a585deec3e0d5
604,33,Join-restricted MILP,32,3,optimal_numerical,True,pydantic,compact,100000,100042,True,82260,82260.0,0.0,1.1300753000105033,144.7421875,between_stages,0.437812699994538,0.00591599999461323,0.03685899999982212,0.2457046000054106,0.014082599998801015,0.12728260000585578,100042,24650,21398,3251,0,0,0,0,0,1,1,21398,3251,24649,27900,32,4020c28d16f9c937d3020104e49e4223ef3b1d05f9473e44b04dcc7f225a96d2
605,33,Preprocessed global MILP,32,3,optimal_numerical,True,pydantic,compact,100000,100042,True,82260,82260.0,0.0,1.051306299996213,126.6640625,output_write,0.3551465000055032,0.21894430000975262,0.0025067999958992004,0.012536299997009337,0.0009204999951180071,0.11599710000155028,100042,24650,21398,3251,183,2996,17159,20841,1822,15,1837,318,23,629,701,76781,2b3753a513ab5ef23a27b49da97a0ee28a1a60e153aa8641ab302730917ed3fa
606,33,Global MILP baseline,32,4,optimal_numerical,True,pydantic,compact,100000,100042,True,82260,82260.0,0.0,1.4296602999966126,163.109375,between_stages,0.7358062999992399,0.003354200001922436,0.05869930000335444,0.5295006000087596,0.016236299998126924,0.11952500000188593,100042,24650,21398,3251,0,0,0,0,0,1,1,21398,21398,42796,64194,32,0f93dcc03714e546b15428f03566b5b4b633063546724318ad9a585deec3e0d5
607,33,Preprocessed global MILP,32,4,optimal_numerical,True,pydantic,compact,100000,100042,True,82260,82260.0,0.0,1.093223100004252,124.890625,output_write,0.36821499999496154,0.22973269999783952,0.0033712999866111204,0.012463999999454245,0.0008488000021316111,0.11800529999891296,100042,24650,21398,3251,183,2996,17159,20841,1822,15,1837,318,23,629,701,76781,2b3753a513ab5ef23a27b49da97a0ee28a1a60e153aa8641ab302730917ed3fa
608,33,Join-restricted MILP,32,4,optimal_numerical,True,pydantic,compact,100000,100042,True,82260,82260.0,0.0,1.110558200001833,142.19921875,between_stages,0.42065879999427125,0.002469400002155453,0.035168999995221384,0.23069979999854695,0.015108300009160303,0.126466600006097,100042,24650,21398,3251,0,0,0,0,0,1,1,21398,3251,24649,27900,32,4020c28d16f9c937d3020104e49e4223ef3b1d05f9473e44b04dcc7f225a96d2
609,33,Join-restricted MILP,32,5,optimal_numerical,True,pydantic,compact,100000,100042,True,82260,82260.0,0.0,1.0934192999993684,141.58984375,output_write,0.4043582000012975,0.002507500001229346,0.03570629999740049,0.2292788000049768,0.013867399989976548,0.11613850000139792,100042,24650,21398,3251,0,0,0,0,0,1,1,21398,3251,24649,27900,32,4020c28d16f9c937d3020104e49e4223ef3b1d05f9473e44b04dcc7f225a96d2
610,33,Global MILP baseline,32,5,optimal_numerical,True,pydantic,compact,100000,100042,True,82260,82260.0,0.0,1.4494932999950834,160.3125,external_check,0.7475001999991946,0.0038880999927641824,0.060570300003746524,0.5350439000030747,0.016055800006142817,0.12323139999352861,100042,24650,21398,3251,0,0,0,0,0,1,1,21398,21398,42796,64194,32,0f93dcc03714e546b15428f03566b5b4b633063546724318ad9a585deec3e0d5
611,33,Preprocessed global MILP,32,5,optimal_numerical,True,pydantic,compact,100000,100042,True,82260,82260.0,0.0,1.081497200008016,125.05859375,between_stages,0.3538308999995934,0.21675250001135282,0.0025778999988688156,0.01365310000255704,0.001000400006887503,0.11603509999986272,100042,24650,21398,3251,183,2996,17159,20841,1822,15,1837,318,23,629,701,76781,2b3753a513ab5ef23a27b49da97a0ee28a1a60e153aa8641ab302730917ed3fa
612,34,Preprocessed global MILP,32,0,optimal_numerical,True,aiohttp,compact,100000,108915,True,86228,86228.0,0.0,1.0490658000053372,127.734375,external_check,0.33450989999982994,0.19481810000434052,0.002952400012873113,0.010783000005176291,0.0006610999989788979,0.12157119999756105,108915,24707,21572,3338,194,3087,17305,21147,1822,17,1839,73,7,482,539,81944,65a19bc900f9dbb34c80750d7976522a2e057faf5a0f18612fae09748b815bb8
613,34,Global MILP baseline,32,0,optimal_numerical,True,aiohttp,compact,100000,108915,True,86228,86228.0,0.0,1.5017921999969985,170.99609375,external_check,0.7823389999975916,0.0040972999995574355,0.05867280000529718,0.5667549999925541,0.015882699997746386,0.1279882000089856,108915,24707,21572,3338,0,0,0,0,0,1,1,21572,21572,43144,64716,26,8f09cc0b34ba30ce4e769eb8914aa7497128412ba5e4a060a23f0fa2680e8829
614,34,Join-restricted MILP,32,0,optimal_numerical,True,aiohttp,compact,100000,108915,True,86228,86228.0,0.0,1.1548662999994121,144.93359375,between_stages,0.4118914999999106,0.0031167999986791983,0.03513950000342447,0.22574039999744855,0.013535499994759448,0.12742180000350345,108915,24707,21572,3338,0,0,0,0,0,1,1,21572,3338,24910,28248,26,968f205e68415550b05daf27772c827b41571bb5926ae5c7c4e9a70a1fb16a0b
615,34,Preprocessed global MILP,32,1,optimal_numerical,True,aiohttp,compact,100000,108915,True,86228,86228.0,0.0,1.0557235999876866,129.4921875,external_check,0.3377028999966569,0.18964199999754783,0.002804499992635101,0.011576199991395697,0.0006800999981351197,0.12831620000361,108915,24707,21572,3338,194,3087,17305,21147,1822,17,1839,73,7,482,539,81944,65a19bc900f9dbb34c80750d7976522a2e057faf5a0f18612fae09748b815bb8
616,34,Join-restricted MILP,32,1,optimal_numerical,True,aiohttp,compact,100000,108915,True,86228,86228.0,0.0,1.1503935000073398,141.03125,output_write,0.41919300000881776,0.0026209999923594296,0.03644500000518747,0.22716310000396334,0.014064400005736388,0.1317064000031678,108915,24707,21572,3338,0,0,0,0,0,1,1,21572,3338,24910,28248,26,968f205e68415550b05daf27772c827b41571bb5926ae5c7c4e9a70a1fb16a0b
617,34,Global MILP baseline,32,1,optimal_numerical,True,aiohttp,compact,100000,108915,True,86228,86228.0,0.0,1.5258890000113752,173.75,between_stages,0.7758937000035075,0.0035174999939044937,0.06023220000497531,0.5608215000102064,0.016785400002845563,0.12553549998847302,108915,24707,21572,3338,0,0,0,0,0,1,1,21572,21572,43144,64716,26,8f09cc0b34ba30ce4e769eb8914aa7497128412ba5e4a060a23f0fa2680e8829
618,34,Global MILP baseline,32,2,optimal_numerical,True,aiohttp,compact,100000,108915,True,86228,86228.0,0.0,1.4905448000063188,171.7109375,output_write,0.7711583999916911,0.0039050999912433326,0.05941489999531768,0.5520747999980813,0.015673500005505048,0.1302538000018103,108915,24707,21572,3338,0,0,0,0,0,1,1,21572,21572,43144,64716,26,8f09cc0b34ba30ce4e769eb8914aa7497128412ba5e4a060a23f0fa2680e8829
619,34,Join-restricted MILP,32,2,optimal_numerical,True,aiohttp,compact,100000,108915,True,86228,86228.0,0.0,1.141732400006731,141.171875,between_stages,0.41679289999592584,0.002571200006059371,0.035036800007219426,0.22594060000847094,0.014202400008798577,0.13201760000083596,108915,24707,21572,3338,0,0,0,0,0,1,1,21572,3338,24910,28248,26,968f205e68415550b05daf27772c827b41571bb5926ae5c7c4e9a70a1fb16a0b
620,34,Preprocessed global MILP,32,2,optimal_numerical,True,aiohttp,compact,100000,108915,True,86228,86228.0,0.0,1.0504340000043157,130.04296875,external_check,0.33335559999977704,0.19183799999882467,0.0024111000093398616,0.011205999995581806,0.000682699988828972,0.1236446000111755,108915,24707,21572,3338,194,3087,17305,21147,1822,17,1839,73,7,482,539,81944,65a19bc900f9dbb34c80750d7976522a2e057faf5a0f18612fae09748b815bb8
621,34,Global MILP baseline,32,3,optimal_numerical,True,aiohttp,compact,100000,108915,True,86228,86228.0,0.0,1.4981072999944445,171.4453125,between_stages,0.7737660999991931,0.0036690999986603856,0.05989050000789575,0.5538868000003276,0.01626340000075288,0.1311615000013262,108915,24707,21572,3338,0,0,0,0,0,1,1,21572,21572,43144,64716,26,8f09cc0b34ba30ce4e769eb8914aa7497128412ba5e4a060a23f0fa2680e8829
622,34,Preprocessed global MILP,32,3,optimal_numerical,True,aiohttp,compact,100000,108915,True,86228,86228.0,0.0,1.096490999989328,127.72265625,between_stages,0.34409660000528675,0.19284889999835286,0.005659900009050034,0.010573999999905936,0.0006903000030433759,0.12936970000737347,108915,24707,21572,3338,194,3087,17305,21147,1822,17,1839,73,7,482,539,81944,65a19bc900f9dbb34c80750d7976522a2e057faf5a0f18612fae09748b815bb8
623,34,Join-restricted MILP,32,3,optimal_numerical,True,aiohttp,compact,100000,108915,True,86228,86228.0,0.0,1.1542004000075394,141.0,between_stages,0.41772740001033526,0.005488499999046326,0.03515239999978803,0.22483800000918563,0.014193900002283044,0.13020709999545943,108915,24707,21572,3338,0,0,0,0,0,1,1,21572,3338,24910,28248,26,968f205e68415550b05daf27772c827b41571bb5926ae5c7c4e9a70a1fb16a0b
624,34,Join-restricted MILP,32,4,optimal_numerical,True,aiohttp,compact,100000,108915,True,86228,86228.0,0.0,1.1572753000073135,141.26953125,between_stages,0.4123117999988608,0.0031249000021489337,0.03508259999216534,0.22290190000785515,0.014358100001118146,0.12938939999730792,108915,24707,21572,3338,0,0,0,0,0,1,1,21572,3338,24910,28248,26,968f205e68415550b05daf27772c827b41571bb5926ae5c7c4e9a70a1fb16a0b
625,34,Global MILP baseline,32,4,optimal_numerical,True,aiohttp,compact,100000,108915,True,86228,86228.0,0.0,1.4900204000005033,172.1328125,external_check,0.7699960999889299,0.0038483999960590154,0.05970030000025872,0.5533097000006819,0.016090899996925145,0.12827800000377465,108915,24707,21572,3338,0,0,0,0,0,1,1,21572,21572,43144,64716,26,8f09cc0b34ba30ce4e769eb8914aa7497128412ba5e4a060a23f0fa2680e8829
626,34,Preprocessed global MILP,32,4,optimal_numerical,True,aiohttp,compact,100000,108915,True,86228,86228.0,0.0,1.068750899998122,128.7109375,output_write,0.34240989999671,0.19733490000362508,0.002351900009671226,0.010801900003571063,0.0006570000114152208,0.12735729999258183,108915,24707,21572,3338,194,3087,17305,21147,1822,17,1839,73,7,482,539,81944,65a19bc900f9dbb34c80750d7976522a2e057faf5a0f18612fae09748b815bb8
627,34,Join-restricted MILP,32,5,optimal_numerical,True,aiohttp,compact,100000,108915,True,86228,86228.0,0.0,1.1802480000042124,144.12109375,between_stages,0.41291879999334924,0.0025806000048760325,0.03515759999572765,0.22267920000012964,0.013988899998366833,0.1312675999943167,108915,24707,21572,3338,0,0,0,0,0,1,1,21572,3338,24910,28248,26,968f205e68415550b05daf27772c827b41571bb5926ae5c7c4e9a70a1fb16a0b
628,34,Preprocessed global MILP,32,5,optimal_numerical,True,aiohttp,compact,100000,108915,True,86228,86228.0,0.0,1.0655406000005314,127.26171875,external_check,0.3441473999992013,0.19388560000516009,0.0025125999964075163,0.010304400013410486,0.0007153000042308122,0.13282359999720939,108915,24707,21572,3338,194,3087,17305,21147,1822,17,1839,73,7,482,539,81944,65a19bc900f9dbb34c80750d7976522a2e057faf5a0f18612fae09748b815bb8
629,34,Global MILP baseline,32,5,optimal_numerical,True,aiohttp,compact,100000,108915,True,86228,86228.0,0.0,1.5161329999973532,170.0703125,between_stages,0.774580800003605,0.003550199995515868,0.059403999999631196,0.5547663999896031,0.016496500000357628,0.13167109999631066,108915,24707,21572,3338,0,0,0,0,0,1,1,21572,21572,43144,64716,26,8f09cc0b34ba30ce4e769eb8914aa7497128412ba5e4a060a23f0fa2680e8829
630,35,Preprocessed global MILP,32,0,optimal_numerical,True,jsonschema,compact,100000,91848,True,67553,67553.0,0.0,0.8890325000102166,114.59375,between_stages,0.21919279999565333,0.12410319999617059,0.003685800009407103,0.0187045000056969,0.0012681000080192462,0.06754589999036398,91848,18581,16226,2368,208,2028,12856,15207,1028,17,1045,736,74,1151,1283,58690,6cf700d42441bcab4a9e41b2f09968559c37b0bc4f4586663f9718539c75bee3
631,35,Join-restricted MILP,32,0,optimal_numerical,True,jsonschema,compact,100000,91848,True,67553,67553.0,0.0,1.009301999991294,128.9765625,between_stages,0.361449599993648,0.002356199998757802,0.0275238000031095,0.24755670000740793,0.011464600000181235,0.06747819999873172,91848,18581,16226,2368,0,0,0,0,0,1,1,16226,2368,18594,20962,36,0234150dfa48b30b989e515bdd6dddbf7fd3bcf50383f23abb43f0fee0ae11fc
632,35,Global MILP baseline,32,0,optimal_numerical,True,jsonschema,compact,100000,91848,True,67553,67553.0,0.0,1.6713059000030626,156.49609375,between_stages,1.0072819999913918,0.00288840000575874,0.04462630000489298,0.8721799000049941,0.012582800001837313,0.06910379999317229,91848,18581,16226,2368,0,0,0,0,0,1,1,16226,16226,32452,48678,36,ece0904d67bae5c4dc7a1207905c951c454a0e9e418f71f83dc44eac7359db2c
633,35,Global MILP baseline,32,1,optimal_numerical,True,jsonschema,compact,100000,91848,True,67553,67553.0,0.0,1.6602242999942973,157.94921875,between_stages,0.9989815000008093,0.0029590999911306426,0.04497680001077242,0.8647188000031747,0.012807300008716993,0.06696209999790881,91848,18581,16226,2368,0,0,0,0,0,1,1,16226,16226,32452,48678,36,ece0904d67bae5c4dc7a1207905c951c454a0e9e418f71f83dc44eac7359db2c
634,35,Join-restricted MILP,32,1,optimal_numerical,True,jsonschema,compact,100000,91848,True,67553,67553.0,0.0,1.006620300002396,133.2578125,between_stages,0.36245810000400525,0.0025944000080926344,0.025965999986510724,0.24904090000200085,0.011242799999308772,0.0685479999956442,91848,18581,16226,2368,0,0,0,0,0,1,1,16226,2368,18594,20962,36,0234150dfa48b30b989e515bdd6dddbf7fd3bcf50383f23abb43f0fee0ae11fc
635,35,Preprocessed global MILP,32,1,optimal_numerical,True,jsonschema,compact,100000,91848,True,67553,67553.0,0.0,0.8782768999953987,114.01953125,between_stages,0.23115379999217112,0.1306624999997439,0.0036035000084666535,0.02021930000046268,0.0013230000040493906,0.07128099999681581,91848,18581,16226,2368,208,2028,12856,15207,1028,17,1045,736,74,1151,1283,58690,6cf700d42441bcab4a9e41b2f09968559c37b0bc4f4586663f9718539c75bee3
636,35,Global MILP baseline,32,2,optimal_numerical,True,jsonschema,compact,100000,91848,True,67553,67553.0,0.0,1.668665699995472,158.11328125,external_check,1.0098876999982167,0.0027766000130213797,0.04875560000073165,0.8699952000024496,0.012543100005132146,0.06928349999361672,91848,18581,16226,2368,0,0,0,0,0,1,1,16226,16226,32452,48678,36,ece0904d67bae5c4dc7a1207905c951c454a0e9e418f71f83dc44eac7359db2c
637,35,Preprocessed global MILP,32,2,optimal_numerical,True,jsonschema,compact,100000,91848,True,67553,67553.0,0.0,0.8778384000033839,114.62890625,between_stages,0.22635290000471286,0.1263537000049837,0.005093800005852245,0.02057430001150351,0.0013744000025326386,0.06900629999290686,91848,18581,16226,2368,208,2028,12856,15207,1028,17,1045,736,74,1151,1283,58690,6cf700d42441bcab4a9e41b2f09968559c37b0bc4f4586663f9718539c75bee3
638,35,Join-restricted MILP,32,2,optimal_numerical,True,jsonschema,compact,100000,91848,True,67553,67553.0,0.0,1.0354361999925459,132.171875,between_stages,0.37697660000412725,0.0028239999955985695,0.028685599987511523,0.2573305999976583,0.011856999990413897,0.0710419999959413,91848,18581,16226,2368,0,0,0,0,0,1,1,16226,2368,18594,20962,36,0234150dfa48b30b989e515bdd6dddbf7fd3bcf50383f23abb43f0fee0ae11fc
639,35,Join-restricted MILP,32,3,optimal_numerical,True,jsonschema,compact,100000,91848,True,67553,67553.0,0.0,1.0253292999987025,131.41796875,output_write,0.3656329000077676,0.003014200003235601,0.027442500009783544,0.2495885999960592,0.012660299995332025,0.06750140000076499,91848,18581,16226,2368,0,0,0,0,0,1,1,16226,2368,18594,20962,36,0234150dfa48b30b989e515bdd6dddbf7fd3bcf50383f23abb43f0fee0ae11fc
640,35,Global MILP baseline,32,3,optimal_numerical,True,jsonschema,compact,100000,91848,True,67553,67553.0,0.0,1.67883730000176,157.3203125,between_stages,1.0115092000050936,0.003066500008571893,0.04584699998667929,0.8761924999998882,0.013115499998093583,0.06651669999700971,91848,18581,16226,2368,0,0,0,0,0,1,1,16226,16226,32452,48678,36,ece0904d67bae5c4dc7a1207905c951c454a0e9e418f71f83dc44eac7359db2c
641,35,Preprocessed global MILP,32,3,optimal_numerical,True,jsonschema,compact,100000,91848,True,67553,67553.0,0.0,0.908853300003102,114.3125,between_stages,0.23244079999858513,0.1264147000038065,0.0036715000023832545,0.02118600001267623,0.001325900011579506,0.07602350000524893,91848,18581,16226,2368,208,2028,12856,15207,1028,17,1045,736,74,1151,1283,58690,6cf700d42441bcab4a9e41b2f09968559c37b0bc4f4586663f9718539c75bee3
642,35,Join-restricted MILP,32,4,optimal_numerical,True,jsonschema,compact,100000,91848,True,67553,67553.0,0.0,1.0071718000108376,130.46875,between_stages,0.3624019999988377,0.002279299995279871,0.02772360001108609,0.24801390001084656,0.0119639000040479,0.06718289999116678,91848,18581,16226,2368,0,0,0,0,0,1,1,16226,2368,18594,20962,36,0234150dfa48b30b989e515bdd6dddbf7fd3bcf50383f23abb43f0fee0ae11fc
643,35,Preprocessed global MILP,32,4,optimal_numerical,True,jsonschema,compact,100000,91848,True,67553,67553.0,0.0,0.9432978999975603,114.2578125,between_stages,0.24542909998854157,0.14673860000038985,0.0038416000024881214,0.020076399989193305,0.0016452999989269301,0.0645286000071792,91848,18581,16226,2368,208,2028,12856,15207,1028,17,1045,736,74,1151,1283,58690,6cf700d42441bcab4a9e41b2f09968559c37b0bc4f4586663f9718539c75bee3
644,35,Global MILP baseline,32,4,optimal_numerical,True,jsonschema,compact,100000,91848,True,67553,67553.0,0.0,1.6861261000012746,157.6328125,external_check,1.0103453999909107,0.002918900005170144,0.044769699990865774,0.8749955000093905,0.012983799999346957,0.06871000000683125,91848,18581,16226,2368,0,0,0,0,0,1,1,16226,16226,32452,48678,36,ece0904d67bae5c4dc7a1207905c951c454a0e9e418f71f83dc44eac7359db2c
645,35,Preprocessed global MILP,32,5,optimal_numerical,True,jsonschema,compact,100000,91848,True,67553,67553.0,0.0,0.8915197000023909,114.99609375,between_stages,0.23414230000344105,0.13014079999993555,0.0037378999986685812,0.020282900004531257,0.0014818999916315079,0.07496600000013132,91848,18581,16226,2368,208,2028,12856,15207,1028,17,1045,736,74,1151,1283,58690,6cf700d42441bcab4a9e41b2f09968559c37b0bc4f4586663f9718539c75bee3
646,35,Global MILP baseline,32,5,optimal_numerical,True,jsonschema,compact,100000,91848,True,67553,67553.0,0.0,1.6255664000054821,158.7109375,output_write,0.9852967000042554,0.002795499996864237,0.044873299993923865,0.85119269999268,0.013217499988968484,0.06750309999915771,91848,18581,16226,2368,0,0,0,0,0,1,1,16226,16226,32452,48678,36,ece0904d67bae5c4dc7a1207905c951c454a0e9e418f71f83dc44eac7359db2c
647,35,Join-restricted MILP,32,5,optimal_numerical,True,jsonschema,compact,100000,91848,True,67553,67553.0,0.0,1.0431962000002386,131.6328125,between_stages,0.3866785999998683,0.002207999990787357,0.028413499996531755,0.2650716000061948,0.01143440000305418,0.07408390000637155,91848,18581,16226,2368,0,0,0,0,0,1,1,16226,2368,18594,20962,36,0234150dfa48b30b989e515bdd6dddbf7fd3bcf50383f23abb43f0fee0ae11fc
648,36,Global MILP baseline,32,0,optimal_numerical,True,matplotlib,fielded,100000,130113,True,82157,82157.0,0.0,2.1880824999971082,181.41015625,output_write,1.363778300001286,0.0033931000070879236,0.05023259999870788,1.2162411000026623,0.012635999999474734,0.07466560001194011,130113,20699,17792,2881,0,0,0,0,0,1,1,17792,17792,35584,53376,8,5645a828f684c42175abb7810bf6c496356e29cd004d46e3c26dfce2b0cf6d50
649,36,Join-restricted MILP,32,0,optimal_numerical,True,matplotlib,fielded,100000,130113,True,82157,82157.0,0.0,1.1143141000065953,137.765625,output_write,0.3113541000057012,0.002365100008319132,0.028198300002259202,0.19035199999052566,0.01118240000505466,0.07293739999295212,130113,20699,17792,2881,0,0,0,0,0,1,1,17792,2881,20673,23554,8,2a2285784528a67b5f7b7c44fdde17299cd5427028cce84d36336713d5ade88c
650,36,Preprocessed global MILP,32,0,optimal_numerical,True,matplotlib,fielded,100000,130113,True,82157,82157.0,0.0,1.058993599988753,126.42578125,between_stages,0.24953250000544358,0.1350964000012027,0.002969699999084696,0.013876700002583675,0.0008591000078013167,0.09250059998885263,130113,20699,17792,2881,551,2263,13361,17080,1445,6,1451,525,53,779,846,77236,d4421f096cc7998f0cae673f3829f6f5216026d383a7de1bf5972c024617a7fe
651,36,Global MILP baseline,32,1,optimal_numerical,True,matplotlib,fielded,100000,130113,True,82157,82157.0,0.0,2.1925441999919713,180.76171875,between_stages,1.361776000005193,0.003296599999885075,0.047575799995684065,1.2142356999975163,0.012970900002983399,0.07723020001139957,130113,20699,17792,2881,0,0,0,0,0,1,1,17792,17792,35584,53376,8,5645a828f684c42175abb7810bf6c496356e29cd004d46e3c26dfce2b0cf6d50
652,36,Preprocessed global MILP,32,1,optimal_numerical,True,matplotlib,fielded,100000,130113,True,82157,82157.0,0.0,1.0358672000002116,125.27734375,external_check,0.22818440000992268,0.13286719999450725,0.0026800999912666157,0.013778199994703755,0.0008803000091575086,0.07436050000251271,130113,20699,17792,2881,551,2263,13361,17080,1445,6,1451,525,53,779,846,77236,d4421f096cc7998f0cae673f3829f6f5216026d383a7de1bf5972c024617a7fe
653,36,Join-restricted MILP,32,1,optimal_numerical,True,matplotlib,fielded,100000,130113,True,82157,82157.0,0.0,1.2161707000050228,137.5234375,between_stages,0.35732959999586456,0.002576499988208525,0.03584430000046268,0.1970296000072267,0.011675499990815297,0.10402620000240859,130113,20699,17792,2881,0,0,0,0,0,1,1,17792,2881,20673,23554,8,2a2285784528a67b5f7b7c44fdde17299cd5427028cce84d36336713d5ade88c
654,36,Join-restricted MILP,32,2,optimal_numerical,True,matplotlib,fielded,100000,130113,True,82157,82157.0,0.0,1.1535056999855442,137.15234375,output_write,0.3206940999953076,0.0023532000050181523,0.028337600000668317,0.19330609998723958,0.010836000001290813,0.08000560000073165,130113,20699,17792,2881,0,0,0,0,0,1,1,17792,2881,20673,23554,8,2a2285784528a67b5f7b7c44fdde17299cd5427028cce84d36336713d5ade88c
655,36,Global MILP baseline,32,2,optimal_numerical,True,matplotlib,fielded,100000,130113,True,82157,82157.0,0.0,2.203907300005085,180.39453125,between_stages,1.390090400003828,0.003303100005723536,0.04847170000721235,1.2292499000031967,0.012921000001369976,0.0896191999927396,130113,20699,17792,2881,0,0,0,0,0,1,1,17792,17792,35584,53376,8,5645a828f684c42175abb7810bf6c496356e29cd004d46e3c26dfce2b0cf6d50
656,36,Preprocessed global MILP,32,2,optimal_numerical,True,matplotlib,fielded,100000,130113,True,82157,82157.0,0.0,1.0447839999978896,126.546875,between_stages,0.22372639999957755,0.13089960000070278,0.002606900001410395,0.01419440000609029,0.000899500009836629,0.07155969999439549,130113,20699,17792,2881,551,2263,13361,17080,1445,6,1451,525,53,779,846,77236,d4421f096cc7998f0cae673f3829f6f5216026d383a7de1bf5972c024617a7fe
657,36,Join-restricted MILP,32,3,optimal_numerical,True,matplotlib,fielded,100000,130113,True,82157,82157.0,0.0,1.095166800005245,138.2734375,between_stages,0.31494699999166187,0.002423699988867156,0.02883809999912046,0.1942611999984365,0.011212199999135919,0.07310999999754131,130113,20699,17792,2881,0,0,0,0,0,1,1,17792,2881,20673,23554,8,2a2285784528a67b5f7b7c44fdde17299cd5427028cce84d36336713d5ade88c
658,36,Preprocessed global MILP,32,3,optimal_numerical,True,matplotlib,fielded,100000,130113,True,82157,82157.0,0.0,1.0067033999948762,126.5390625,between_stages,0.22405599999183323,0.12965889999759383,0.0030484000017168,0.012997199999517761,0.0008338000043295324,0.07392190000973642,130113,20699,17792,2881,551,2263,13361,17080,1445,6,1451,525,53,779,846,77236,d4421f096cc7998f0cae673f3829f6f5216026d383a7de1bf5972c024617a7fe
659,36,Global MILP baseline,32,3,optimal_numerical,True,matplotlib,fielded,100000,130113,True,82157,82157.0,0.0,2.179521099998965,181.046875,between_stages,1.3793327999883331,0.003094200001214631,0.04791700000350829,1.2322584000066854,0.0124632999941241,0.07704699999885634,130113,20699,17792,2881,0,0,0,0,0,1,1,17792,17792,35584,53376,8,5645a828f684c42175abb7810bf6c496356e29cd004d46e3c26dfce2b0cf6d50
660,36,Preprocessed global MILP,32,4,optimal_numerical,True,matplotlib,fielded,100000,130113,True,82157,82157.0,0.0,0.9971860999939963,126.94921875,output_write,0.22373839998908807,0.12939809999079444,0.003467700007604435,0.012703899992629886,0.0008196999988285825,0.0732168999966234,130113,20699,17792,2881,551,2263,13361,17080,1445,6,1451,525,53,779,846,77236,d4421f096cc7998f0cae673f3829f6f5216026d383a7de1bf5972c024617a7fe
661,36,Global MILP baseline,32,4,optimal_numerical,True,matplotlib,fielded,100000,130113,True,82157,82157.0,0.0,2.1471979999914765,182.41796875,between_stages,1.3494059999939054,0.0031937000021571293,0.04743990000861231,1.204367900005309,0.012669899995671585,0.07539189999806695,130113,20699,17792,2881,0,0,0,0,0,1,1,17792,17792,35584,53376,8,5645a828f684c42175abb7810bf6c496356e29cd004d46e3c26dfce2b0cf6d50
662,36,Join-restricted MILP,32,4,optimal_numerical,True,matplotlib,fielded,100000,130113,True,82157,82157.0,0.0,1.095619200001238,137.296875,output_write,0.31609810001100414,0.002736099995672703,0.028296000004047528,0.1909723999997368,0.010499700001673773,0.07551480000256561,130113,20699,17792,2881,0,0,0,0,0,1,1,17792,2881,20673,23554,8,2a2285784528a67b5f7b7c44fdde17299cd5427028cce84d36336713d5ade88c
663,36,Preprocessed global MILP,32,5,optimal_numerical,True,matplotlib,fielded,100000,130113,True,82157,82157.0,0.0,1.0367728999990504,126.32421875,between_stages,0.24629470000218134,0.1369293000025209,0.004042899992782623,0.014393600009498186,0.0009675999899627641,0.08594459999585524,130113,20699,17792,2881,551,2263,13361,17080,1445,6,1451,525,53,779,846,77236,d4421f096cc7998f0cae673f3829f6f5216026d383a7de1bf5972c024617a7fe
664,36,Join-restricted MILP,32,5,optimal_numerical,True,matplotlib,fielded,100000,130113,True,82157,82157.0,0.0,1.1128064999938942,137.8125,between_stages,0.32790299999760464,0.0023170999920694157,0.028442800001357682,0.1945424000005005,0.011190799996256828,0.08566150000842754,130113,20699,17792,2881,0,0,0,0,0,1,1,17792,2881,20673,23554,8,2a2285784528a67b5f7b7c44fdde17299cd5427028cce84d36336713d5ade88c
665,36,Global MILP baseline,32,5,optimal_numerical,True,matplotlib,fielded,100000,130113,True,82157,82157.0,0.0,2.1316703999909805,181.203125,external_check,1.3577275999996345,0.00338989999727346,0.04765969999425579,1.2114359000115655,0.012648800009628758,0.07609669999510515,130113,20699,17792,2881,0,0,0,0,0,1,1,17792,17792,35584,53376,8,5645a828f684c42175abb7810bf6c496356e29cd004d46e3c26dfce2b0cf6d50
666,37,Global MILP baseline,32,0,optimal_numerical,True,pydantic,fielded,100000,106808,True,70166,70166.0,0.0,4.117836100005661,206.55859375,between_stages,3.321941300004255,0.004187200000160374,0.06725189999269787,3.1518724000052316,0.017436099995393306,0.07128949998877943,106808,25891,23855,3131,0,0,0,0,0,1,1,23855,23855,47710,71565,13,f11a8fa50928d15f611f2246fabff99fe28e66af9e2292218464cab51bebc2be
667,37,Preprocessed global MILP,32,0,optimal_numerical,True,pydantic,fielded,100000,106808,True,70166,70166.0,0.0,1.0914336999994703,126.94921875,output_write,0.30662600000505336,0.18778239999664947,0.005354000008082949,0.03616189998865593,0.0022629000013694167,0.07061870000325143,106808,25891,23855,3131,208,2752,18202,21803,1213,5,1218,1767,149,2223,2394,57406,f749a8c357a4063a958532df8f9f3f9c8b5935240ada75501a14f4dbe67f687f
668,37,Join-restricted MILP,32,0,optimal_numerical,True,pydantic,fielded,100000,106808,True,70166,70166.0,0.0,1.5443804999958957,153.5703125,between_stages,0.7812306999985594,0.005219600003329106,0.03863679998903535,0.6403472999954829,0.015648599990527146,0.07093349999922793,106808,25891,23855,3131,0,0,0,0,0,1,1,23855,3131,26986,30117,13,b9f786c73ced34dc9f3c0e9f8cd8522efcd0a4fc4f0c70828efcca78d2353b60
669,37,Join-restricted MILP,32,1,optimal_numerical,True,pydantic,fielded,100000,106808,True,70166,70166.0,0.0,1.5618730000132928,152.52734375,between_stages,0.7938848999910988,0.0028049999964423478,0.038383100007195026,0.6576860999921337,0.014976999998907559,0.07265519999782555,106808,25891,23855,3131,0,0,0,0,0,1,1,23855,3131,26986,30117,13,b9f786c73ced34dc9f3c0e9f8cd8522efcd0a4fc4f0c70828efcca78d2353b60
670,37,Global MILP baseline,32,1,optimal_numerical,True,pydantic,fielded,100000,106808,True,70166,70166.0,0.0,4.0737607999908505,205.7890625,external_check,3.328366999994614,0.0038988000014796853,0.0686301999958232,3.157300999999279,0.01808730000630021,0.07066979999945033,106808,25891,23855,3131,0,0,0,0,0,1,1,23855,23855,47710,71565,13,f11a8fa50928d15f611f2246fabff99fe28e66af9e2292218464cab51bebc2be
671,37,Preprocessed global MILP,32,1,optimal_numerical,True,pydantic,fielded,100000,106808,True,70166,70166.0,0.0,1.0798223000019789,126.328125,between_stages,0.3123533000034513,0.19493930001044646,0.004884799986029975,0.03552960000524763,0.0020493000047281384,0.07027149999339599,106808,25891,23855,3131,208,2752,18202,21803,1213,5,1218,1767,149,2223,2394,57406,f749a8c357a4063a958532df8f9f3f9c8b5935240ada75501a14f4dbe67f687f
672,37,Join-restricted MILP,32,2,optimal_numerical,True,pydantic,fielded,100000,106808,True,70166,70166.0,0.0,1.5417929999966873,155.33984375,between_stages,0.7759984000003897,0.0028554000018630177,0.03810400000656955,0.64235870000266,0.01463740000326652,0.0703295999992406,106808,25891,23855,3131,0,0,0,0,0,1,1,23855,3131,26986,30117,13,b9f786c73ced34dc9f3c0e9f8cd8522efcd0a4fc4f0c70828efcca78d2353b60
673,37,Preprocessed global MILP,32,2,optimal_numerical,True,pydantic,fielded,100000,106808,True,70166,70166.0,0.0,1.0636929999891436,128.23046875,output_write,0.3112135999981547,0.1890953999973135,0.0049451000086264685,0.03579589999571908,0.0020570999913616106,0.07041050000407267,106808,25891,23855,3131,208,2752,18202,21803,1213,5,1218,1767,149,2223,2394,57406,f749a8c357a4063a958532df8f9f3f9c8b5935240ada75501a14f4dbe67f687f
674,37,Global MILP baseline,32,2,optimal_numerical,True,pydantic,fielded,100000,106808,True,70166,70166.0,0.0,4.101146000000881,205.3203125,external_check,3.346421199996257,0.005929999999352731,0.0675582999974722,3.1772061999945436,0.017369900000630878,0.06889049999881536,106808,25891,23855,3131,0,0,0,0,0,1,1,23855,23855,47710,71565,13,f11a8fa50928d15f611f2246fabff99fe28e66af9e2292218464cab51bebc2be
675,37,Preprocessed global MILP,32,3,optimal_numerical,True,pydantic,fielded,100000,106808,True,70166,70166.0,0.0,1.0353726000030292,125.75,between_stages,0.30513799999607727,0.18704780000553,0.004466500002308749,0.035799899997073226,0.0021031000069342554,0.07011420000344515,106808,25891,23855,3131,208,2752,18202,21803,1213,5,1218,1767,149,2223,2394,57406,f749a8c357a4063a958532df8f9f3f9c8b5935240ada75501a14f4dbe67f687f
676,37,Global MILP baseline,32,3,optimal_numerical,True,pydantic,fielded,100000,106808,True,70166,70166.0,0.0,4.078729500004556,206.26953125,output_write,3.3382358999951975,0.003482100000837818,0.06724849999591243,3.1702261000027647,0.016893300009542145,0.07167420000769198,106808,25891,23855,3131,0,0,0,0,0,1,1,23855,23855,47710,71565,13,f11a8fa50928d15f611f2246fabff99fe28e66af9e2292218464cab51bebc2be
677,37,Join-restricted MILP,32,3,optimal_numerical,True,pydantic,fielded,100000,106808,True,70166,70166.0,0.0,1.5153538000013214,153.9609375,between_stages,0.7714177000016207,0.0026233000098727643,0.038367699991795234,0.6373980000062147,0.014709800001583062,0.07072360000165645,106808,25891,23855,3131,0,0,0,0,0,1,1,23855,3131,26986,30117,13,b9f786c73ced34dc9f3c0e9f8cd8522efcd0a4fc4f0c70828efcca78d2353b60
678,37,Preprocessed global MILP,32,4,optimal_numerical,True,pydantic,fielded,100000,106808,True,70166,70166.0,0.0,1.0441877999983262,125.38671875,between_stages,0.3016578999959165,0.1849689000082435,0.004512400002568029,0.03516319999471307,0.0021093999966979027,0.07071860000723973,106808,25891,23855,3131,208,2752,18202,21803,1213,5,1218,1767,149,2223,2394,57406,f749a8c357a4063a958532df8f9f3f9c8b5935240ada75501a14f4dbe67f687f
679,37,Join-restricted MILP,32,4,optimal_numerical,True,pydantic,fielded,100000,106808,True,70166,70166.0,0.0,1.5421444000094198,154.07421875,between_stages,0.779852599996957,0.0027245999954175204,0.03753160001360811,0.6452680000074906,0.0148339000006672,0.07136919999902602,106808,25891,23855,3131,0,0,0,0,0,1,1,23855,3131,26986,30117,13,b9f786c73ced34dc9f3c0e9f8cd8522efcd0a4fc4f0c70828efcca78d2353b60
680,37,Global MILP baseline,32,4,optimal_numerical,True,pydantic,fielded,100000,106808,True,70166,70166.0,0.0,4.099498499999754,204.5703125,external_check,3.352540699997917,0.003980199995567091,0.06770299999334384,3.184124999999767,0.016782499995315447,0.07073760000639595,106808,25891,23855,3131,0,0,0,0,0,1,1,23855,23855,47710,71565,13,f11a8fa50928d15f611f2246fabff99fe28e66af9e2292218464cab51bebc2be
681,37,Global MILP baseline,32,5,optimal_numerical,True,pydantic,fielded,100000,106808,True,70166,70166.0,0.0,4.040893500001403,205.69140625,output_write,3.301037199998973,0.003702100002556108,0.06833409999671858,3.1294769999949494,0.017300100007560104,0.07288429999607615,106808,25891,23855,3131,0,0,0,0,0,1,1,23855,23855,47710,71565,13,f11a8fa50928d15f611f2246fabff99fe28e66af9e2292218464cab51bebc2be
682,37,Join-restricted MILP,32,5,optimal_numerical,True,pydantic,fielded,100000,106808,True,70166,70166.0,0.0,1.5627238000015495,154.71484375,output_write,0.7928628000081517,0.0031684999994467944,0.038737199996830896,0.6554459000035422,0.01574360000086017,0.07177490000321995,106808,25891,23855,3131,0,0,0,0,0,1,1,23855,3131,26986,30117,13,b9f786c73ced34dc9f3c0e9f8cd8522efcd0a4fc4f0c70828efcca78d2353b60
683,37,Preprocessed global MILP,32,5,optimal_numerical,True,pydantic,fielded,100000,106808,True,70166,70166.0,0.0,1.053519499997492,127.42578125,output_write,0.29921460000332445,0.18527290000929497,0.005173800003831275,0.035031099992920645,0.0020440999942366034,0.06694219999189954,106808,25891,23855,3131,208,2752,18202,21803,1213,5,1218,1767,149,2223,2394,57406,f749a8c357a4063a958532df8f9f3f9c8b5935240ada75501a14f4dbe67f687f
684,38,Join-restricted MILP,32,0,optimal_numerical,True,aiohttp,fielded,100000,105182,True,67011,67011.0,0.0,1.6105881000112277,152.5390625,output_write,0.9289056999987224,0.0027243999938946217,0.037211299990303814,0.7925567000056617,0.014827500010142103,0.07368480000877753,105182,24283,22360,3221,0,0,0,0,0,1,1,22360,3221,25581,28802,17,8bb1295129ed2a44766f5cf25151c212f4e6bb33f12af8e1994f3312502019f8
685,38,Global MILP baseline,32,0,optimal_numerical,True,aiohttp,fielded,100000,105182,True,67011,67011.0,0.0,3.482622800001991,198.86328125,between_stages,2.7919685000088066,0.003608699989854358,0.06777619999775197,2.6261308999964967,0.016177199999219738,0.06987049999588635,105182,24283,22360,3221,0,0,0,0,0,1,1,22360,22360,44720,67080,17,bdf2a3dd3d5b1fd684ba8b946d8b3137d1fe12612cf2282a372414abb0d9e994
686,38,Preprocessed global MILP,32,0,optimal_numerical,True,aiohttp,fielded,100000,105182,True,67011,67011.0,0.0,1.019318700011354,123.44140625,between_stages,0.2813001000031363,0.16644310000992846,0.0042195999994874,0.02975729999889154,0.0019499000045470893,0.0712210000056075,105182,24283,22360,3221,176,2888,17057,20619,1139,13,1152,1137,96,1898,2055,55967,8da977b04553783c0d337091a2ae69ed659a92034ccec8be0f94d0f5e0ce03d8
687,38,Join-restricted MILP,32,1,optimal_numerical,True,aiohttp,fielded,100000,105182,True,67011,67011.0,0.0,1.6210736999928486,152.12890625,between_stages,0.9386851000017487,0.0025510999985272065,0.03770190000068396,0.8004080999962753,0.014086499999393709,0.07588240000768565,105182,24283,22360,3221,0,0,0,0,0,1,1,22360,3221,25581,28802,17,8bb1295129ed2a44766f5cf25151c212f4e6bb33f12af8e1994f3312502019f8
688,38,Preprocessed global MILP,32,1,optimal_numerical,True,aiohttp,fielded,100000,105182,True,67011,67011.0,0.0,1.0192933000071207,124.1328125,between_stages,0.273667999994359,0.16045780001149978,0.004734499991172925,0.02947649999987334,0.0018582000047899783,0.07214340000064112,105182,24283,22360,3221,176,2888,17057,20619,1139,13,1152,1137,96,1898,2055,55967,8da977b04553783c0d337091a2ae69ed659a92034ccec8be0f94d0f5e0ce03d8
689,38,Global MILP baseline,32,1,optimal_numerical,True,aiohttp,fielded,100000,105182,True,67011,67011.0,0.0,3.5109014000045136,194.7109375,between_stages,2.7671705999964615,0.00377660000231117,0.06509059999370947,2.601952800003346,0.015969700005371124,0.07090880000032485,105182,24283,22360,3221,0,0,0,0,0,1,1,22360,22360,44720,67080,17,bdf2a3dd3d5b1fd684ba8b946d8b3137d1fe12612cf2282a372414abb0d9e994
690,38,Preprocessed global MILP,32,2,optimal_numerical,True,aiohttp,fielded,100000,105182,True,67011,67011.0,0.0,1.0311212000087835,123.953125,between_stages,0.2670508000010159,0.15536210000573192,0.004118700002436526,0.029692399999476038,0.0017979999975068495,0.0717000000004191,105182,24283,22360,3221,176,2888,17057,20619,1139,13,1152,1137,96,1898,2055,55967,8da977b04553783c0d337091a2ae69ed659a92034ccec8be0f94d0f5e0ce03d8
691,38,Global MILP baseline,32,2,optimal_numerical,True,aiohttp,fielded,100000,105182,True,67011,67011.0,0.0,3.4799446999968495,194.90234375,external_check,2.793713300008676,0.0033617000008234754,0.06466800000634976,2.6297237000108,0.01674930000444874,0.07090629999584053,105182,24283,22360,3221,0,0,0,0,0,1,1,22360,22360,44720,67080,17,bdf2a3dd3d5b1fd684ba8b946d8b3137d1fe12612cf2282a372414abb0d9e994
692,38,Join-restricted MILP,32,2,optimal_numerical,True,aiohttp,fielded,100000,105182,True,67011,67011.0,0.0,1.624839099997189,151.6484375,between_stages,0.9445159000024432,0.0029058000072836876,0.03575809999892954,0.8120344999915687,0.014070200006244704,0.07231899999896996,105182,24283,22360,3221,0,0,0,0,0,1,1,22360,3221,25581,28802,17,8bb1295129ed2a44766f5cf25151c212f4e6bb33f12af8e1994f3312502019f8
693,38,Preprocessed global MILP,32,3,optimal_numerical,True,aiohttp,fielded,100000,105182,True,67011,67011.0,0.0,0.9897488999995403,123.8828125,external_check,0.2664950000034878,0.15551890000642743,0.004346200003055856,0.02860359998885542,0.0018045000033453107,0.07202569999208208,105182,24283,22360,3221,176,2888,17057,20619,1139,13,1152,1137,96,1898,2055,55967,8da977b04553783c0d337091a2ae69ed659a92034ccec8be0f94d0f5e0ce03d8
694,38,Join-restricted MILP,32,3,optimal_numerical,True,aiohttp,fielded,100000,105182,True,67011,67011.0,0.0,1.6742814000026556,152.61328125,between_stages,0.9772591000073589,0.0027261000068392605,0.037379200002760626,0.8280578999983845,0.015414199995575473,0.08476120000705123,105182,24283,22360,3221,0,0,0,0,0,1,1,22360,3221,25581,28802,17,8bb1295129ed2a44766f5cf25151c212f4e6bb33f12af8e1994f3312502019f8
695,38,Global MILP baseline,32,3,optimal_numerical,True,aiohttp,fielded,100000,105182,True,67011,67011.0,0.0,3.4802971000026446,196.55078125,between_stages,2.8049329000059515,0.0036545000039041042,0.06363119999878109,2.6189345000020694,0.023283200003788806,0.0837047000095481,105182,24283,22360,3221,0,0,0,0,0,1,1,22360,22360,44720,67080,17,bdf2a3dd3d5b1fd684ba8b946d8b3137d1fe12612cf2282a372414abb0d9e994
696,38,Global MILP baseline,32,4,optimal_numerical,True,aiohttp,fielded,100000,105182,True,67011,67011.0,0.0,3.4788804999989225,196.21484375,external_check,2.7883585000090534,0.003310899992357008,0.06260499999916647,2.6049653999943985,0.016143100001499988,0.09219289998873137,105182,24283,22360,3221,0,0,0,0,0,1,1,22360,22360,44720,67080,17,bdf2a3dd3d5b1fd684ba8b946d8b3137d1fe12612cf2282a372414abb0d9e994
697,38,Join-restricted MILP,32,4,optimal_numerical,True,aiohttp,fielded,100000,105182,True,67011,67011.0,0.0,1.6376902999909362,153.6171875,between_stages,0.9385171000030823,0.0028993000014452264,0.03733230000943877,0.8016232999943895,0.013839499995810911,0.07528019999153912,105182,24283,22360,3221,0,0,0,0,0,1,1,22360,3221,25581,28802,17,8bb1295129ed2a44766f5cf25151c212f4e6bb33f12af8e1994f3312502019f8
698,38,Preprocessed global MILP,32,4,optimal_numerical,True,aiohttp,fielded,100000,105182,True,67011,67011.0,0.0,1.0069574000081047,123.42578125,external_check,0.2712055000010878,0.15886939999472816,0.007022599995252676,0.029211200002464466,0.0018265999970026314,0.06987530000333209,105182,24283,22360,3221,176,2888,17057,20619,1139,13,1152,1137,96,1898,2055,55967,8da977b04553783c0d337091a2ae69ed659a92034ccec8be0f94d0f5e0ce03d8
699,38,Global MILP baseline,32,5,optimal_numerical,True,aiohttp,fielded,100000,105182,True,67011,67011.0,0.0,3.4983560999971814,197.109375,between_stages,2.785951500001829,0.003684299997985363,0.06303040000784677,2.6255853999900864,0.016323300005751662,0.06819499999983236,105182,24283,22360,3221,0,0,0,0,0,1,1,22360,22360,44720,67080,17,bdf2a3dd3d5b1fd684ba8b946d8b3137d1fe12612cf2282a372414abb0d9e994
700,38,Preprocessed global MILP,32,5,optimal_numerical,True,aiohttp,fielded,100000,105182,True,67011,67011.0,0.0,1.0029791999986628,123.89453125,between_stages,0.26380160001281183,0.15673070000775624,0.004019900006824173,0.03078680000908207,0.0018094000115524977,0.06632009999884758,105182,24283,22360,3221,176,2888,17057,20619,1139,13,1152,1137,96,1898,2055,55967,8da977b04553783c0d337091a2ae69ed659a92034ccec8be0f94d0f5e0ce03d8
701,38,Join-restricted MILP,32,5,optimal_numerical,True,aiohttp,fielded,100000,105182,True,67011,67011.0,0.0,1.622497000003932,152.75,between_stages,0.9345653000054881,0.002549700002418831,0.037794299991219305,0.7977276000019629,0.013884700005291961,0.0754432999965502,105182,24283,22360,3221,0,0,0,0,0,1,1,22360,3221,25581,28802,17,8bb1295129ed2a44766f5cf25151c212f4e6bb33f12af8e1994f3312502019f8
702,39,Join-restricted MILP,32,0,optimal_numerical,True,jsonschema,fielded,100000,101506,True,60722,60722.0,0.0,1.541214899989427,143.4609375,external_check,0.8325429999968037,0.0033112000091932714,0.03420379999442957,0.7063575999927707,0.013112200002069585,0.06813669999246486,101506,21422,19669,2269,0,0,0,0,0,1,1,19669,2269,21938,24207,33,f70234b82f0d34ab9b5cb5ae95607e08d7c4db598267af99bb660256b670aa5a
703,39,Preprocessed global MILP,32,0,optimal_numerical,True,jsonschema,fielded,100000,101506,True,60722,60722.0,0.0,0.9126933999941684,118.58984375,between_stages,0.2526690999948187,0.1311239999922691,0.004684699990320951,0.04392060000100173,0.0022827999928267673,0.06651769999007229,101506,21422,19669,2269,229,1837,15433,17431,708,17,725,1603,143,2441,2644,46818,1c7a972b32cb7f3057e92cb5e946175d8d8a15cdec47e7f2cec2a34519782d24
704,39,Global MILP baseline,32,0,optimal_numerical,True,jsonschema,fielded,100000,101506,True,60722,60722.0,0.0,3.3270894999877783,194.06640625,between_stages,2.659167100006016,0.003260299999965355,0.05660419999912847,2.5011372000008123,0.014769600005820394,0.07497600000351667,101506,21422,19669,2269,0,0,0,0,0,1,1,19669,19669,39338,59007,33,aeb32a04f86ef10343a3b4addcf0a44d4aad2ccc489feccc8608fc49c5f0bf74
705,39,Preprocessed global MILP,32,1,optimal_numerical,True,jsonschema,fielded,100000,101506,True,60722,60722.0,0.0,0.9412668000004487,119.5234375,external_check,0.2660615999920992,0.14198460000625346,0.0076004000002285466,0.04347260000940878,0.002165100013371557,0.06624759999976959,101506,21422,19669,2269,229,1837,15433,17431,708,17,725,1603,143,2441,2644,46818,1c7a972b32cb7f3057e92cb5e946175d8d8a15cdec47e7f2cec2a34519782d24
706,39,Global MILP baseline,32,1,optimal_numerical,True,jsonschema,fielded,100000,101506,True,60722,60722.0,0.0,3.3663665000058245,194.6796875,between_stages,2.6909075000003213,0.006435799994505942,0.05523610000091139,2.535371199992369,0.015347900000051595,0.06906069999968167,101506,21422,19669,2269,0,0,0,0,0,1,1,19669,19669,39338,59007,33,aeb32a04f86ef10343a3b4addcf0a44d4aad2ccc489feccc8608fc49c5f0bf74
707,39,Join-restricted MILP,32,1,optimal_numerical,True,jsonschema,fielded,100000,101506,True,60722,60722.0,0.0,1.520791899994947,143.9609375,between_stages,0.8384923999983585,0.003018299990799278,0.03288730001077056,0.7142346999899019,0.013262100008432753,0.06728230000589974,101506,21422,19669,2269,0,0,0,0,0,1,1,19669,2269,21938,24207,33,f70234b82f0d34ab9b5cb5ae95607e08d7c4db598267af99bb660256b670aa5a
708,39,Preprocessed global MILP,32,2,optimal_numerical,True,jsonschema,fielded,100000,101506,True,60722,60722.0,0.0,0.9102864000014961,119.12109375,between_stages,0.2541726999916136,0.12984029999643099,0.004890299998805858,0.0435122000053525,0.002295600002980791,0.06822879999526776,101506,21422,19669,2269,229,1837,15433,17431,708,17,725,1603,143,2441,2644,46818,1c7a972b32cb7f3057e92cb5e946175d8d8a15cdec47e7f2cec2a34519782d24
709,39,Join-restricted MILP,32,2,optimal_numerical,True,jsonschema,fielded,100000,101506,True,60722,60722.0,0.0,1.4879321000044001,145.10546875,output_write,0.8261471000005258,0.0024021999997785315,0.03533820000302512,0.6903144999960205,0.013107999999192543,0.07859309999912512,101506,21422,19669,2269,0,0,0,0,0,1,1,19669,2269,21938,24207,33,f70234b82f0d34ab9b5cb5ae95607e08d7c4db598267af99bb660256b670aa5a
710,39,Global MILP baseline,32,2,optimal_numerical,True,jsonschema,fielded,100000,101506,True,60722,60722.0,0.0,3.3451921999949263,194.9921875,between_stages,2.6668675000109943,0.0036343999963719398,0.059315499995136634,2.5088837999937823,0.015935500006889924,0.06977050000568852,101506,21422,19669,2269,0,0,0,0,0,1,1,19669,19669,39338,59007,33,aeb32a04f86ef10343a3b4addcf0a44d4aad2ccc489feccc8608fc49c5f0bf74
711,39,Global MILP baseline,32,3,optimal_numerical,True,jsonschema,fielded,100000,101506,True,60722,60722.0,0.0,3.3687587000022177,193.73828125,output_write,2.6691380999982357,0.0035370000114198774,0.057993900001747534,2.507138600005419,0.016083599999547005,0.07428499999514315,101506,21422,19669,2269,0,0,0,0,0,1,1,19669,19669,39338,59007,33,aeb32a04f86ef10343a3b4addcf0a44d4aad2ccc489feccc8608fc49c5f0bf74
712,39,Join-restricted MILP,32,3,optimal_numerical,True,jsonschema,fielded,100000,101506,True,60722,60722.0,0.0,1.538464599987492,143.79296875,output_write,0.8253803000116022,0.002867299990612082,0.033464300009654835,0.6991937999991933,0.013519500003894791,0.06910170000628568,101506,21422,19669,2269,0,0,0,0,0,1,1,19669,2269,21938,24207,33,f70234b82f0d34ab9b5cb5ae95607e08d7c4db598267af99bb660256b670aa5a
713,39,Preprocessed global MILP,32,3,optimal_numerical,True,jsonschema,fielded,100000,101506,True,60722,60722.0,0.0,0.9205815000022994,118.5703125,between_stages,0.2601738999946974,0.13215219999256078,0.005050400010077283,0.04580279999936465,0.002234400002635084,0.07111330000043381,101506,21422,19669,2269,229,1837,15433,17431,708,17,725,1603,143,2441,2644,46818,1c7a972b32cb7f3057e92cb5e946175d8d8a15cdec47e7f2cec2a34519782d24
714,39,Global MILP baseline,32,4,optimal_numerical,True,jsonschema,fielded,100000,101506,True,60722,60722.0,0.0,3.3583896000054665,195.54296875,between_stages,2.6865167999931145,0.003660000002128072,0.057438299991190434,2.525151800000458,0.015408300008857623,0.0738889000058407,101506,21422,19669,2269,0,0,0,0,0,1,1,19669,19669,39338,59007,33,aeb32a04f86ef10343a3b4addcf0a44d4aad2ccc489feccc8608fc49c5f0bf74
715,39,Preprocessed global MILP,32,4,optimal_numerical,True,jsonschema,fielded,100000,101506,True,60722,60722.0,0.0,0.9226233000081265,119.4765625,output_write,0.25387729999783915,0.1325963999988744,0.004772500004037283,0.04394550000142772,0.0022973000013735145,0.06478650000644848,101506,21422,19669,2269,229,1837,15433,17431,708,17,725,1603,143,2441,2644,46818,1c7a972b32cb7f3057e92cb5e946175d8d8a15cdec47e7f2cec2a34519782d24
716,39,Join-restricted MILP,32,4,optimal_numerical,True,jsonschema,fielded,100000,101506,True,60722,60722.0,0.0,1.5088137999991886,144.5,external_check,0.8230241000128444,0.0024314000038430095,0.032656000010319985,0.6957993999967584,0.014126599999144673,0.07074550000834279,101506,21422,19669,2269,0,0,0,0,0,1,1,19669,2269,21938,24207,33,f70234b82f0d34ab9b5cb5ae95607e08d7c4db598267af99bb660256b670aa5a
717,39,Join-restricted MILP,32,5,optimal_numerical,True,jsonschema,fielded,100000,101506,True,60722,60722.0,0.0,1.5431669999961741,143.8046875,between_stages,0.8468769999890355,0.002791799997794442,0.03255059999355581,0.7151672000036342,0.013437799992971122,0.07599980001396034,101506,21422,19669,2269,0,0,0,0,0,1,1,19669,2269,21938,24207,33,f70234b82f0d34ab9b5cb5ae95607e08d7c4db598267af99bb660256b670aa5a
718,39,Global MILP baseline,32,5,optimal_numerical,True,jsonschema,fielded,100000,101506,True,60722,60722.0,0.0,3.37672419998853,195.17578125,external_check,2.688550999999279,0.003784600005019456,0.0558926999947289,2.531125699999393,0.015494199993554503,0.07380230000126176,101506,21422,19669,2269,0,0,0,0,0,1,1,19669,19669,39338,59007,33,aeb32a04f86ef10343a3b4addcf0a44d4aad2ccc489feccc8608fc49c5f0bf74
719,39,Preprocessed global MILP,32,5,optimal_numerical,True,jsonschema,fielded,100000,101506,True,60722,60722.0,0.0,0.9281448999972781,117.92578125,output_write,0.26063600000634324,0.134678399990662,0.005442400011816062,0.045324300008360296,0.002337400001124479,0.06837670000095386,101506,21422,19669,2269,229,1837,15433,17431,708,17,725,1603,143,2441,2644,46818,1c7a972b32cb7f3057e92cb5e946175d8d8a15cdec47e7f2cec2a34519782d24
720,40,Preprocessed global MILP,11/10,0,optimal_numerical,True,matplotlib,compact,1000000,1004814,True,5621249/10,562124.9,0.0,8.467206300003454,589.23046875,between_stages,3.5523503000003984,1.7961819000047399,0.00525450000714045,0.025390900002093986,0.0014395000034710392,1.7051296999998158,1004814,221524,188125,25190,19744,4848,182660,187526,4840,292,5132,5,5,1197,1795,2800537/5,4123015561832693dff7efe1356583f6c72c2301d73eb7880e63928cc77f546e
721,40,Global MILP baseline,11/10,0,optimal_numerical,True,matplotlib,compact,1000000,1004814,True,5621249/10,562124.9,0.0,29.152817799986224,945.515625,between_stages,24.477450000005774,0.020835400006035343,0.6175469000008889,21.821662699992885,0.2211812000023201,1.7397687000047881,1004814,221524,188125,25190,0,0,0,0,0,1,1,188125,188125,376250,564375,145,0c8d18fa60b3d2baa563035e50267f19c06fefabf70062e19986debd8f464ae9
722,40,Join-restricted MILP,11/10,0,optimal_numerical,True,matplotlib,compact,1000000,1004814,True,5621249/10,562124.9,0.0,10.82629640000232,708.6015625,between_stages,6.071119600004749,0.012583100004121661,0.3967192999989493,3.7021211000101175,0.20566140000300948,1.7094995999941602,1004814,221524,188125,25190,0,0,0,0,0,1,1,188125,25190,213315,238505,145,6a2b43ff06f9d81401839edccad8532e652f97497a213697a1327f3b3d933456
723,40,Preprocessed global MILP,11/10,1,optimal_numerical,True,matplotlib,compact,1000000,1004814,True,5621249/10,562124.9,0.0,8.344200799998362,594.8046875,between_stages,3.5538477999944007,1.8011617000011029,0.004491200001211837,0.023867999989306554,0.0014358000044012442,1.7055160000018077,1004814,221524,188125,25190,19744,4848,182660,187526,4840,292,5132,5,5,1197,1795,2800537/5,4123015561832693dff7efe1356583f6c72c2301d73eb7880e63928cc77f546e
724,40,Join-restricted MILP,11/10,1,optimal_numerical,True,matplotlib,compact,1000000,1004814,True,5621249/10,562124.9,0.0,10.804746900001192,707.69921875,between_stages,6.048280500006513,0.013309400004800409,0.3922305000014603,3.6713211000023875,0.2043381999974372,1.7227144000062253,1004814,221524,188125,25190,0,0,0,0,0,1,1,188125,25190,213315,238505,145,6a2b43ff06f9d81401839edccad8532e652f97497a213697a1327f3b3d933456
725,40,Global MILP baseline,11/10,1,optimal_numerical,True,matplotlib,compact,1000000,1004814,True,5621249/10,562124.9,0.0,28.957257700007176,950.296875,between_stages,24.210148400001344,0.020768100002896972,0.6230607999896165,21.559151499997824,0.22408109999378212,1.7270084999909159,1004814,221524,188125,25190,0,0,0,0,0,1,1,188125,188125,376250,564375,145,0c8d18fa60b3d2baa563035e50267f19c06fefabf70062e19986debd8f464ae9
726,40,Global MILP baseline,11/10,2,optimal_numerical,True,matplotlib,compact,1000000,1004814,True,5621249/10,562124.9,0.0,29.058494800003245,944.03125,between_stages,24.25294859999849,0.021526600001379848,0.6192029000085313,21.596580199999153,0.22241289999510627,1.737426099993172,1004814,221524,188125,25190,0,0,0,0,0,1,1,188125,188125,376250,564375,145,0c8d18fa60b3d2baa563035e50267f19c06fefabf70062e19986debd8f464ae9
727,40,Join-restricted MILP,11/10,2,optimal_numerical,True,matplotlib,compact,1000000,1004814,True,5621249/10,562124.9,0.0,10.895339099995908,706.84765625,between_stages,6.10523820000526,0.01390920000267215,0.39678889999049716,3.7018452000047546,0.2084286999888718,1.7394457000045804,1004814,221524,188125,25190,0,0,0,0,0,1,1,188125,25190,213315,238505,145,6a2b43ff06f9d81401839edccad8532e652f97497a213697a1327f3b3d933456
728,40,Preprocessed global MILP,11/10,2,optimal_numerical,True,matplotlib,compact,1000000,1004814,True,5621249/10,562124.9,0.0,8.30530930000532,591.4921875,between_stages,3.5351021999958903,1.7740648000035435,0.0046692000032635406,0.022764099994674325,0.0014864000113448128,1.7148651000024984,1004814,221524,188125,25190,19744,4848,182660,187526,4840,292,5132,5,5,1197,1795,2800537/5,4123015561832693dff7efe1356583f6c72c2301d73eb7880e63928cc77f546e
729,40,Global MILP baseline,11/10,3,optimal_numerical,True,matplotlib,compact,1000000,1004814,True,5621249/10,562124.9,0.0,29.07364069999312,952.0859375,between_stages,24.251686600007815,0.021360099999583326,0.6210304999985965,21.535387299998547,0.22389430001203436,1.7942311999941012,1004814,221524,188125,25190,0,0,0,0,0,1,1,188125,188125,376250,564375,145,0c8d18fa60b3d2baa563035e50267f19c06fefabf70062e19986debd8f464ae9
730,40,Preprocessed global MILP,11/10,3,optimal_numerical,True,matplotlib,compact,1000000,1004814,True,5621249/10,562124.9,0.0,8.337722100011888,591.2890625,between_stages,3.583599099991261,1.7758404000051087,0.004466700003831647,0.023586100011016242,0.0014146000030450523,1.7573806000000332,1004814,221524,188125,25190,19744,4848,182660,187526,4840,292,5132,5,5,1197,1795,2800537/5,4123015561832693dff7efe1356583f6c72c2301d73eb7880e63928cc77f546e
731,40,Join-restricted MILP,11/10,3,optimal_numerical,True,matplotlib,compact,1000000,1004814,True,5621249/10,562124.9,0.0,10.783354600003804,707.4609375,between_stages,6.049677700008033,0.012499700009357184,0.39358639999409206,3.663499000002048,0.20371120001072995,1.7314303000021027,1004814,221524,188125,25190,0,0,0,0,0,1,1,188125,25190,213315,238505,145,6a2b43ff06f9d81401839edccad8532e652f97497a213697a1327f3b3d933456
732,40,Join-restricted MILP,11/10,4,optimal_numerical,True,matplotlib,compact,1000000,1004814,True,5621249/10,562124.9,0.0,10.82346330001019,708.35546875,between_stages,6.088372499987599,0.012156699987826869,0.4027397000027122,3.6782567000045674,0.2058610999956727,1.7445396999974037,1004814,221524,188125,25190,0,0,0,0,0,1,1,188125,25190,213315,238505,145,6a2b43ff06f9d81401839edccad8532e652f97497a213697a1327f3b3d933456
733,40,Global MILP baseline,11/10,4,optimal_numerical,True,matplotlib,compact,1000000,1004814,True,5621249/10,562124.9,0.0,28.986123399998178,944.484375,between_stages,24.12342990000616,0.020845899998676032,0.6143715999933193,21.41777460000594,0.23401230000308715,1.7807278000109363,1004814,221524,188125,25190,0,0,0,0,0,1,1,188125,188125,376250,564375,145,0c8d18fa60b3d2baa563035e50267f19c06fefabf70062e19986debd8f464ae9
734,40,Preprocessed global MILP,11/10,4,optimal_numerical,True,matplotlib,compact,1000000,1004814,True,5621249/10,562124.9,0.0,8.272199700004421,593.4921875,between_stages,3.547982799995225,1.7816200999950524,0.00438179999764543,0.02223089999461081,0.001371100006508641,1.7214279000036186,1004814,221524,188125,25190,19744,4848,182660,187526,4840,292,5132,5,5,1197,1795,2800537/5,4123015561832693dff7efe1356583f6c72c2301d73eb7880e63928cc77f546e
735,40,Join-restricted MILP,11/10,5,optimal_numerical,True,matplotlib,compact,1000000,1004814,True,5621249/10,562124.9,0.0,10.890253099991241,706.0234375,between_stages,6.160835699993186,0.013943199999630451,0.39221309999993537,3.7660451000119792,0.20968980000179727,1.7296793999994406,1004814,221524,188125,25190,0,0,0,0,0,1,1,188125,25190,213315,238505,145,6a2b43ff06f9d81401839edccad8532e652f97497a213697a1327f3b3d933456
736,40,Preprocessed global MILP,11/10,5,optimal_numerical,True,matplotlib,compact,1000000,1004814,True,5621249/10,562124.9,0.0,8.361852600006387,591.54296875,between_stages,3.569386500006658,1.7800358999957098,0.004426200001034886,0.025662600004579872,0.001462500003981404,1.7402262999967206,1004814,221524,188125,25190,19744,4848,182660,187526,4840,292,5132,5,5,1197,1795,2800537/5,4123015561832693dff7efe1356583f6c72c2301d73eb7880e63928cc77f546e
737,40,Global MILP baseline,11/10,5,optimal_numerical,True,matplotlib,compact,1000000,1004814,True,5621249/10,562124.9,0.0,28.89409080000769,951.5078125,between_stages,24.036461099996814,0.020510500005912036,0.6199958999932278,21.37224860000424,0.22171930001059081,1.7472276999906171,1004814,221524,188125,25190,0,0,0,0,0,1,1,188125,188125,376250,564375,145,0c8d18fa60b3d2baa563035e50267f19c06fefabf70062e19986debd8f464ae9
738,41,Preprocessed global MILP,11/10,0,optimal_numerical,True,pydantic,compact,1000000,366328,True,1937137/10,193713.7,0.0,2.7517284999921685,246.23828125,between_stages,0.9822775000066031,0.47146250000514556,0.003504299995256588,0.0134216999867931,0.0007691999926464632,0.48536150000290945,366328,72432,64637,10045,7821,1926,62396,64334,1922,143,2065,4,4,601,899,1927081/10,8226f0934ff9edaa856fc5212df2fd6c372db1b6599c2c7d7be9d49839994cf1
739,41,Join-restricted MILP,11/10,0,optimal_numerical,True,pydantic,compact,1000000,366328,True,1937137/10,193713.7,0.0,3.745399199993699,297.55078125,between_stages,2.0262813000008464,0.005404700001236051,0.12607009999919683,1.315116100013256,0.06106010000803508,0.5033966000046348,366328,72432,64637,10045,0,0,0,0,0,1,1,64637,10045,74682,84727,104,775ab1094f195856fcfa4e0788e38826a29517282b72d8f663df86a1dad78a9f
740,41,Global MILP baseline,11/10,0,optimal_numerical,True,pydantic,compact,1000000,366328,True,1937137/10,193713.7,0.0,7.578635800004122,399.21484375,between_stages,5.85797559999628,0.007864100000006147,0.2019877999991877,5.064099299997906,0.06717290000233334,0.5001539999939268,366328,72432,64637,10045,0,0,0,0,0,1,1,64637,64637,129274,193911,104,0ba1c2c2f4a9219819bd0ec44b47698105bdf9055355ef141f318b9265911b72
741,41,Global MILP baseline,11/10,1,optimal_numerical,True,pydantic,compact,1000000,366328,True,1937137/10,193713.7,0.0,7.549412399996072,398.7265625,between_stages,5.8444389999931445,0.008112299998174421,0.19855030000326224,5.056503600004362,0.06654280000657309,0.4977325999934692,366328,72432,64637,10045,0,0,0,0,0,1,1,64637,64637,129274,193911,104,0ba1c2c2f4a9219819bd0ec44b47698105bdf9055355ef141f318b9265911b72
742,41,Join-restricted MILP,11/10,1,optimal_numerical,True,pydantic,compact,1000000,366328,True,1937137/10,193713.7,0.0,3.8089212000049883,297.78515625,between_stages,2.065866899996763,0.005068099999334663,0.12678959999175277,1.337621400001808,0.05987309999181889,0.5219012999878032,366328,72432,64637,10045,0,0,0,0,0,1,1,64637,10045,74682,84727,104,775ab1094f195856fcfa4e0788e38826a29517282b72d8f663df86a1dad78a9f
743,41,Preprocessed global MILP,11/10,1,optimal_numerical,True,pydantic,compact,1000000,366328,True,1937137/10,193713.7,0.0,2.6794580000132555,244.36328125,between_stages,0.9733990999957314,0.4737390999944182,0.0028587999986484647,0.011945200007176027,0.000739200011594221,0.4753389999968931,366328,72432,64637,10045,7821,1926,62396,64334,1922,143,2065,4,4,601,899,1927081/10,8226f0934ff9edaa856fc5212df2fd6c372db1b6599c2c7d7be9d49839994cf1
744,41,Global MILP baseline,11/10,2,optimal_numerical,True,pydantic,compact,1000000,366328,True,1937137/10,193713.7,0.0,7.612259900008212,399.75390625,between_stages,5.874090900004376,0.02614980000362266,0.2044729999906849,5.0628526999935275,0.0660455000033835,0.4959847999998601,366328,72432,64637,10045,0,0,0,0,0,1,1,64637,64637,129274,193911,104,0ba1c2c2f4a9219819bd0ec44b47698105bdf9055355ef141f318b9265911b72
745,41,Preprocessed global MILP,11/10,2,optimal_numerical,True,pydantic,compact,1000000,366328,True,1937137/10,193713.7,0.0,2.7214852000033716,251.8203125,between_stages,0.9785900999995647,0.4696689999982482,0.0036078999983146787,0.012292100000195205,0.0007248999900184572,0.48540659999707714,366328,72432,64637,10045,7821,1926,62396,64334,1922,143,2065,4,4,601,899,1927081/10,8226f0934ff9edaa856fc5212df2fd6c372db1b6599c2c7d7be9d49839994cf1
746,41,Join-restricted MILP,11/10,2,optimal_numerical,True,pydantic,compact,1000000,366328,True,1937137/10,193713.7,0.0,3.8540511000028346,298.59765625,between_stages,2.0260073999961605,0.0051841999957105145,0.12750339999911375,1.3225557999976445,0.05976979999104515,0.4962757000030251,366328,72432,64637,10045,0,0,0,0,0,1,1,64637,10045,74682,84727,104,775ab1094f195856fcfa4e0788e38826a29517282b72d8f663df86a1dad78a9f
747,41,Join-restricted MILP,11/10,3,optimal_numerical,True,pydantic,compact,1000000,366328,True,1937137/10,193713.7,0.0,3.807569600001443,297.6953125,between_stages,2.0161517999949865,0.004744000005302951,0.12809800000104588,1.298437000004924,0.06119430001126602,0.50966630000039,366328,72432,64637,10045,0,0,0,0,0,1,1,64637,10045,74682,84727,104,775ab1094f195856fcfa4e0788e38826a29517282b72d8f663df86a1dad78a9f
748,41,Global MILP baseline,11/10,3,optimal_numerical,True,pydantic,compact,1000000,366328,True,1937137/10,193713.7,0.0,7.515536199993221,399.4921875,between_stages,5.796261399998912,0.007454499995219521,0.19922529999166727,5.018708999996306,0.06634810000832658,0.4886774000042351,366328,72432,64637,10045,0,0,0,0,0,1,1,64637,64637,129274,193911,104,0ba1c2c2f4a9219819bd0ec44b47698105bdf9055355ef141f318b9265911b72
749,41,Preprocessed global MILP,11/10,3,optimal_numerical,True,pydantic,compact,1000000,366328,True,1937137/10,193713.7,0.0,2.740494400000898,251.79296875,between_stages,0.974868699995568,0.47364380001090467,0.0029519999952754006,0.014074900012928993,0.0008295000006910414,0.47599050001008436,366328,72432,64637,10045,7821,1926,62396,64334,1922,143,2065,4,4,601,899,1927081/10,8226f0934ff9edaa856fc5212df2fd6c372db1b6599c2c7d7be9d49839994cf1
750,41,Join-restricted MILP,11/10,4,optimal_numerical,True,pydantic,compact,1000000,366328,True,1937137/10,193713.7,0.0,3.8619197999942116,298.6640625,between_stages,2.022640399998636,0.005436099992948584,0.12769600001047365,1.3198188999958802,0.06011259999650065,0.4946349999954691,366328,72432,64637,10045,0,0,0,0,0,1,1,64637,10045,74682,84727,104,775ab1094f195856fcfa4e0788e38826a29517282b72d8f663df86a1dad78a9f
751,41,Preprocessed global MILP,11/10,4,optimal_numerical,True,pydantic,compact,1000000,366328,True,1937137/10,193713.7,0.0,2.761721100003342,244.7890625,between_stages,0.9715292000037152,0.47389739999198355,0.002930200003902428,0.013034899995545857,0.0007226000016089529,0.4742250999988755,366328,72432,64637,10045,7821,1926,62396,64334,1922,143,2065,4,4,601,899,1927081/10,8226f0934ff9edaa856fc5212df2fd6c372db1b6599c2c7d7be9d49839994cf1
752,41,Global MILP baseline,11/10,4,optimal_numerical,True,pydantic,compact,1000000,366328,True,1937137/10,193713.7,0.0,7.601378199993633,399.62890625,between_stages,5.826619100000244,0.008003900002222508,0.19922789999691304,5.054763899999671,0.06585830000403803,0.4821189999929629,366328,72432,64637,10045,0,0,0,0,0,1,1,64637,64637,129274,193911,104,0ba1c2c2f4a9219819bd0ec44b47698105bdf9055355ef141f318b9265911b72
753,41,Preprocessed global MILP,11/10,5,optimal_numerical,True,pydantic,compact,1000000,366328,True,1937137/10,193713.7,0.0,2.687808699993184,246.8515625,between_stages,0.9796683000022313,0.47852039999270346,0.0032079999946290627,0.01223510000272654,0.0007086999976309016,0.47782569999981206,366328,72432,64637,10045,7821,1926,62396,64334,1922,143,2065,4,4,601,899,1927081/10,8226f0934ff9edaa856fc5212df2fd6c372db1b6599c2c7d7be9d49839994cf1
754,41,Global MILP baseline,11/10,5,optimal_numerical,True,pydantic,compact,1000000,366328,True,1937137/10,193713.7,0.0,7.649294400005601,399.30078125,between_stages,5.8658050000085495,0.007376299996394664,0.2007824000029359,5.06261490000179,0.06800879999354947,0.5104056999989552,366328,72432,64637,10045,0,0,0,0,0,1,1,64637,64637,129274,193911,104,0ba1c2c2f4a9219819bd0ec44b47698105bdf9055355ef141f318b9265911b72
755,41,Join-restricted MILP,11/10,5,optimal_numerical,True,pydantic,compact,1000000,366328,True,1937137/10,193713.7,0.0,3.781457999997656,297.9140625,between_stages,2.0699238999950467,0.005177399987587705,0.12668070000654552,1.3230920999922091,0.0600105000048643,0.5389709000010043,366328,72432,64637,10045,0,0,0,0,0,1,1,64637,10045,74682,84727,104,775ab1094f195856fcfa4e0788e38826a29517282b72d8f663df86a1dad78a9f
756,42,Global MILP baseline,11/10,0,optimal_numerical,True,aiohttp,compact,1000000,231531,True,1250127/10,125012.7,0.0,3.4981184000062058,265.48828125,between_stages,2.1571389000018826,0.0078027999988989905,0.12044549999700394,1.7827615999995032,0.038944800005992875,0.19406660000095144,231531,46482,41231,6397,0,0,0,0,0,1,1,41231,41231,82462,123693,54,849011366c8857934c885793058fb4286734f15fa0d1f5113e601155495ffe27
757,42,Join-restricted MILP,11/10,0,optimal_numerical,True,aiohttp,compact,1000000,231531,True,1250127/10,125012.7,0.0,2.297262200008845,214.421875,output_write,0.938293999992311,0.004002600006060675,0.07273970000096597,0.6291282000020146,0.03206250000221189,0.18969479999213945,231531,46482,41231,6397,0,0,0,0,0,1,1,41231,6397,47628,54025,54,c3cd94cea44857a595dc551e6d61ba53073ad1fc8218570e26f6adfc7bc74b95
758,42,Preprocessed global MILP,11/10,0,optimal_numerical,True,aiohttp,compact,1000000,231531,True,1250127/10,125012.7,0.0,1.742526399990311,181.62890625,between_stages,0.5898468999948818,0.26547840000421274,0.0022772000083932653,0.008692299990798347,0.0003895999980159104,0.3066270999988774,231531,46482,41231,6397,4900,1340,39722,41074,1337,77,1414,3,3,314,471,124482,405e55eae1c88c87f0050b2b0857d7805d2e3a0a0316940f2a5349ea2d8de80a
759,42,Global MILP baseline,11/10,1,optimal_numerical,True,aiohttp,compact,1000000,231531,True,1250127/10,125012.7,0.0,3.455344199988758,266.6015625,between_stages,2.150060799991479,0.005430000004707836,0.1214744999888353,1.7995118999970146,0.034542099994723685,0.17682929999136832,231531,46482,41231,6397,0,0,0,0,0,1,1,41231,41231,82462,123693,54,849011366c8857934c885793058fb4286734f15fa0d1f5113e601155495ffe27
760,42,Preprocessed global MILP,11/10,1,optimal_numerical,True,aiohttp,compact,1000000,231531,True,1250127/10,125012.7,0.0,1.7296734999981709,181.61328125,between_stages,0.550992699994822,0.2510803999903146,0.002427900006296113,0.008754800001042895,0.0003831999929388985,0.2792448999971384,231531,46482,41231,6397,4900,1340,39722,41074,1337,77,1414,3,3,314,471,124482,405e55eae1c88c87f0050b2b0857d7805d2e3a0a0316940f2a5349ea2d8de80a
761,42,Join-restricted MILP,11/10,1,optimal_numerical,True,aiohttp,compact,1000000,231531,True,1250127/10,125012.7,0.0,2.2273255000036443,214.32421875,between_stages,0.9109511999995448,0.003952200000640005,0.07288710000284482,0.6210025000036694,0.030970899999374524,0.17135980000603013,231531,46482,41231,6397,0,0,0,0,0,1,1,41231,6397,47628,54025,54,c3cd94cea44857a595dc551e6d61ba53073ad1fc8218570e26f6adfc7bc74b95
762,42,Join-restricted MILP,11/10,2,optimal_numerical,True,aiohttp,compact,1000000,231531,True,1250127/10,125012.7,0.0,2.236541699996451,215.61328125,between_stages,0.9174255999969319,0.003815999996731989,0.07565889999386854,0.6204259999940405,0.031875100001343526,0.17448010000225622,231531,46482,41231,6397,0,0,0,0,0,1,1,41231,6397,47628,54025,54,c3cd94cea44857a595dc551e6d61ba53073ad1fc8218570e26f6adfc7bc74b95
763,42,Global MILP baseline,11/10,2,optimal_numerical,True,aiohttp,compact,1000000,231531,True,1250127/10,125012.7,0.0,3.4531171999988146,264.00390625,between_stages,2.168192299999646,0.006552000006195158,0.1223420000023907,1.8173687999951653,0.03475799999432638,0.17437029999564402,231531,46482,41231,6397,0,0,0,0,0,1,1,41231,41231,82462,123693,54,849011366c8857934c885793058fb4286734f15fa0d1f5113e601155495ffe27
764,42,Preprocessed global MILP,11/10,2,optimal_numerical,True,aiohttp,compact,1000000,231531,True,1250127/10,125012.7,0.0,1.7073694999999134,182.12109375,between_stages,0.5551281999942148,0.2600994999957038,0.002275599996210076,0.0075160999986110255,0.0004172999906586483,0.27969530000700615,231531,46482,41231,6397,4900,1340,39722,41074,1337,77,1414,3,3,314,471,124482,405e55eae1c88c87f0050b2b0857d7805d2e3a0a0316940f2a5349ea2d8de80a
765,42,Join-restricted MILP,11/10,3,optimal_numerical,True,aiohttp,compact,1000000,231531,True,1250127/10,125012.7,0.0,2.227808900002856,215.01953125,between_stages,0.9178821000095922,0.0045698999892920256,0.07479450000391807,0.625662900012685,0.03195330000016838,0.1697308000002522,231531,46482,41231,6397,0,0,0,0,0,1,1,41231,6397,47628,54025,54,c3cd94cea44857a595dc551e6d61ba53073ad1fc8218570e26f6adfc7bc74b95
766,42,Preprocessed global MILP,11/10,3,optimal_numerical,True,aiohttp,compact,1000000,231531,True,1250127/10,125012.7,0.0,1.7194807999912882,183.71484375,between_stages,0.5532251999975415,0.25273269999888726,0.002658900004462339,0.009030100001837127,0.000599299994064495,0.2819032999977935,231531,46482,41231,6397,4900,1340,39722,41074,1337,77,1414,3,3,314,471,124482,405e55eae1c88c87f0050b2b0857d7805d2e3a0a0316940f2a5349ea2d8de80a
767,42,Global MILP baseline,11/10,3,optimal_numerical,True,aiohttp,compact,1000000,231531,True,1250127/10,125012.7,0.0,3.4600913999893237,265.45703125,between_stages,2.1264460000093095,0.00572939999983646,0.1183727000025101,1.7798389000090538,0.035644600007799454,0.17402939999010414,231531,46482,41231,6397,0,0,0,0,0,1,1,41231,41231,82462,123693,54,849011366c8857934c885793058fb4286734f15fa0d1f5113e601155495ffe27
768,42,Preprocessed global MILP,11/10,4,optimal_numerical,True,aiohttp,compact,1000000,231531,True,1250127/10,125012.7,0.0,1.750477099994896,186.234375,between_stages,0.5662585999962175,0.25776150000456255,0.0023713999980827793,0.008263700001407415,0.0007285000028787181,0.2905432999978075,231531,46482,41231,6397,4900,1340,39722,41074,1337,77,1414,3,3,314,471,124482,405e55eae1c88c87f0050b2b0857d7805d2e3a0a0316940f2a5349ea2d8de80a
769,42,Global MILP baseline,11/10,4,optimal_numerical,True,aiohttp,compact,1000000,231531,True,1250127/10,125012.7,0.0,3.4773056999983964,262.6875,output_write,2.1993041000096127,0.005479999992530793,0.11866089999966789,1.8203107000008458,0.03551899999729358,0.20669539998925757,231531,46482,41231,6397,0,0,0,0,0,1,1,41231,41231,82462,123693,54,849011366c8857934c885793058fb4286734f15fa0d1f5113e601155495ffe27
770,42,Join-restricted MILP,11/10,4,optimal_numerical,True,aiohttp,compact,1000000,231531,True,1250127/10,125012.7,0.0,2.226687900008983,214.453125,between_stages,0.9093427999905543,0.004324199995608069,0.07149860000936314,0.6200285999948392,0.03175790001114365,0.17101170000387356,231531,46482,41231,6397,0,0,0,0,0,1,1,41231,6397,47628,54025,54,c3cd94cea44857a595dc551e6d61ba53073ad1fc8218570e26f6adfc7bc74b95
771,42,Preprocessed global MILP,11/10,5,optimal_numerical,True,aiohttp,compact,1000000,231531,True,1250127/10,125012.7,0.0,1.6986914000008255,181.45703125,between_stages,0.540116999996826,0.248132099994109,0.002253700004075654,0.008482699995511211,0.0003721999964909628,0.27575549999892246,231531,46482,41231,6397,4900,1340,39722,41074,1337,77,1414,3,3,314,471,124482,405e55eae1c88c87f0050b2b0857d7805d2e3a0a0316940f2a5349ea2d8de80a
772,42,Join-restricted MILP,11/10,5,optimal_numerical,True,aiohttp,compact,1000000,231531,True,1250127/10,125012.7,0.0,2.209993399999803,213.5078125,between_stages,0.9292877999978373,0.003917499998351559,0.08164530000067316,0.6273744000063743,0.031162900006165728,0.17442579999624286,231531,46482,41231,6397,0,0,0,0,0,1,1,41231,6397,47628,54025,54,c3cd94cea44857a595dc551e6d61ba53073ad1fc8218570e26f6adfc7bc74b95
773,42,Global MILP baseline,11/10,5,optimal_numerical,True,aiohttp,compact,1000000,231531,True,1250127/10,125012.7,0.0,3.465394099999685,264.24609375,between_stages,2.1766817000025185,0.005259999990812503,0.12083299999358132,1.8244778999942355,0.03644120000535622,0.17721189999429043,231531,46482,41231,6397,0,0,0,0,0,1,1,41231,41231,82462,123693,54,849011366c8857934c885793058fb4286734f15fa0d1f5113e601155495ffe27
774,43,Global MILP baseline,11/10,0,limit_feasible,True,matplotlib,fielded,1000000,1011144,False,4411083/10,438367.9,0.00621253329397784,33.03480839999975,1020.05078125,between_stages,28.421634400001494,0.022821699996711686,0.6393270999978995,26.539649700003793,0.1955387000052724,0.9641051999933552,1011144,230852,204845,21803,0,0,0,0,0,1,1,204845,204845,409690,614535,76,d31c3fb1549e9ee0426e486b24ddafdad99afac35a74e81c1ae1ec82356c9254
775,43,Preprocessed global MILP,11/10,0,optimal_numerical,True,matplotlib,fielded,1000000,1011144,True,4383747/10,438374.7,0.0,7.237143200007267,562.40625,between_stages,2.5973762000066927,1.5536648999986937,0.0054390000004787,0.05133200000273064,0.0017259000014746562,0.9650942999869585,1011144,230852,204845,21803,15087,5829,197749,203882,5775,294,6069,8,7,1850,2737,4356697/10,c1c87c8fde8f7995f7c9659e766079fc658646a28e087935be60aa874f658a65
776,43,Join-restricted MILP,11/10,0,optimal_numerical,True,matplotlib,fielded,1000000,1011144,True,4383747/10,438374.7,0.0,16.67815779999364,726.6953125,between_stages,12.090084399998887,0.014530200001900084,0.3833388000057312,10.514670999997179,0.17726899999252055,0.9499875000037719,1011144,230852,204845,21803,0,0,0,0,0,1,1,204845,21803,226648,248451,76,0d244c5ced847a2988238dfc11a9347263243aec05f9da71bb59cc13cd798e1a
777,43,Join-restricted MILP,11/10,1,optimal_numerical,True,matplotlib,fielded,1000000,1011144,True,4383747/10,438374.7,0.0,16.86117699999886,726.97265625,between_stages,12.212095099996077,0.013432399995508604,0.3889241999859223,10.60348979999253,0.17722409999987576,0.9794899999978952,1011144,230852,204845,21803,0,0,0,0,0,1,1,204845,21803,226648,248451,76,0d244c5ced847a2988238dfc11a9347263243aec05f9da71bb59cc13cd798e1a
778,43,Global MILP baseline,11/10,1,limit_feasible,True,matplotlib,fielded,1000000,1011144,False,4411083/10,438367.9,0.00621253329397784,33.17864739999641,1019.11328125,between_stages,28.49306290000095,0.022798500009230338,0.6458137000008719,26.512554599990835,0.19833500000822823,1.0517190000100527,1011144,230852,204845,21803,0,0,0,0,0,1,1,204845,204845,409690,614535,76,d31c3fb1549e9ee0426e486b24ddafdad99afac35a74e81c1ae1ec82356c9254
779,43,Preprocessed global MILP,11/10,1,optimal_numerical,True,matplotlib,fielded,1000000,1011144,True,4383747/10,438374.7,0.0,7.239887299991096,563.96484375,between_stages,2.5936158999975305,1.5536135000002105,0.005369200007407926,0.04951650000293739,0.0018152999982703477,0.9634077999944566,1011144,230852,204845,21803,15087,5829,197749,203882,5775,294,6069,8,7,1850,2737,4356697/10,c1c87c8fde8f7995f7c9659e766079fc658646a28e087935be60aa874f658a65
780,43,Join-restricted MILP,11/10,2,optimal_numerical,True,matplotlib,fielded,1000000,1011144,True,4383747/10,438374.7,0.0,16.783292299995082,728.4453125,between_stages,12.137857399997301,0.015253699995810166,0.3915435999952024,10.535341900002095,0.17568650000612251,0.9707347999938065,1011144,230852,204845,21803,0,0,0,0,0,1,1,204845,21803,226648,248451,76,0d244c5ced847a2988238dfc11a9347263243aec05f9da71bb59cc13cd798e1a
781,43,Preprocessed global MILP,11/10,2,optimal_numerical,True,matplotlib,fielded,1000000,1011144,True,4383747/10,438374.7,0.0,7.134915299990098,566.390625,between_stages,2.5625510000099894,1.555457700000261,0.005393300001742318,0.050719099992420524,0.0018749000009847805,0.9281147000001511,1011144,230852,204845,21803,15087,5829,197749,203882,5775,294,6069,8,7,1850,2737,4356697/10,c1c87c8fde8f7995f7c9659e766079fc658646a28e087935be60aa874f658a65
782,43,Global MILP baseline,11/10,2,limit_feasible,True,matplotlib,fielded,1000000,1011144,False,4411083/10,438367.9,0.00621253329397784,33.01685719999659,1020.109375,between_stages,28.399512500007404,0.02257610000378918,0.6391869000071893,26.477372200009995,0.2045252999960212,0.9948857999988832,1011144,230852,204845,21803,0,0,0,0,0,1,1,204845,204845,409690,614535,76,d31c3fb1549e9ee0426e486b24ddafdad99afac35a74e81c1ae1ec82356c9254
783,43,Preprocessed global MILP,11/10,3,optimal_numerical,True,matplotlib,fielded,1000000,1011144,True,4383747/10,438374.7,0.0,7.133502000011504,560.4609375,between_stages,2.5451752999942983,1.538838799999212,0.006009699995047413,0.04882429999997839,0.0017816000035963953,0.9295054999965942,1011144,230852,204845,21803,15087,5829,197749,203882,5775,294,6069,8,7,1850,2737,4356697/10,c1c87c8fde8f7995f7c9659e766079fc658646a28e087935be60aa874f658a65
784,43,Global MILP baseline,11/10,3,limit_feasible,True,matplotlib,fielded,1000000,1011144,False,4411083/10,438367.9,0.00621253329397784,33.07601109999814,1019.76953125,between_stages,28.39900299999863,0.02215369998884853,0.6463777000026312,26.509209399999236,0.19781139999395236,0.9628414999897359,1011144,230852,204845,21803,0,0,0,0,0,1,1,204845,204845,409690,614535,76,d31c3fb1549e9ee0426e486b24ddafdad99afac35a74e81c1ae1ec82356c9254
785,43,Join-restricted MILP,11/10,3,optimal_numerical,True,matplotlib,fielded,1000000,1011144,True,4383747/10,438374.7,0.0,16.599740300007397,728.1171875,between_stages,12.077955800006748,0.013637099997140467,0.3852264000015566,10.504123100006836,0.1796438000019407,0.9458582000079332,1011144,230852,204845,21803,0,0,0,0,0,1,1,204845,21803,226648,248451,76,0d244c5ced847a2988238dfc11a9347263243aec05f9da71bb59cc13cd798e1a
786,43,Preprocessed global MILP,11/10,4,optimal_numerical,True,matplotlib,fielded,1000000,1011144,True,4383747/10,438374.7,0.0,7.252324399989448,561.625,between_stages,2.590431400007219,1.5564089000108652,0.0056764000037219375,0.050553599998238496,0.0018220000056317076,0.9550256999937119,1011144,230852,204845,21803,15087,5829,197749,203882,5775,294,6069,8,7,1850,2737,4356697/10,c1c87c8fde8f7995f7c9659e766079fc658646a28e087935be60aa874f658a65
787,43,Join-restricted MILP,11/10,4,optimal_numerical,True,matplotlib,fielded,1000000,1011144,True,4383747/10,438374.7,0.0,16.756307200004812,726.91015625,between_stages,12.137003899988486,0.013950099993962795,0.38796419999562204,10.54323550000845,0.1796217999944929,0.9620798999967519,1011144,230852,204845,21803,0,0,0,0,0,1,1,204845,21803,226648,248451,76,0d244c5ced847a2988238dfc11a9347263243aec05f9da71bb59cc13cd798e1a
788,43,Global MILP baseline,11/10,4,limit_feasible,True,matplotlib,fielded,1000000,1011144,False,4411083/10,438367.9,0.00621253329397784,33.021696800002246,1019.4765625,between_stages,28.371496099993237,0.022157700004754588,0.6421182999911252,26.4739711000002,0.1973396999965189,0.9751098999986425,1011144,230852,204845,21803,0,0,0,0,0,1,1,204845,204845,409690,614535,76,d31c3fb1549e9ee0426e486b24ddafdad99afac35a74e81c1ae1ec82356c9254
789,43,Global MILP baseline,11/10,5,limit_feasible,True,matplotlib,fielded,1000000,1011144,False,4411083/10,438367.9,0.00621253329397784,33.059054500001366,1018.76953125,between_stages,28.451275400002487,0.023403399987728335,0.6462162999960128,26.579990000012913,0.19984580000163987,0.9422762000031071,1011144,230852,204845,21803,0,0,0,0,0,1,1,204845,204845,409690,614535,76,d31c3fb1549e9ee0426e486b24ddafdad99afac35a74e81c1ae1ec82356c9254
790,43,Join-restricted MILP,11/10,5,optimal_numerical,True,matplotlib,fielded,1000000,1011144,True,4383747/10,438374.7,0.0,16.835912999988068,726.78125,between_stages,12.162663499999326,0.01370409999799449,0.3890006000001449,10.55162470000505,0.1774788000038825,0.981210199999623,1011144,230852,204845,21803,0,0,0,0,0,1,1,204845,21803,226648,248451,76,0d244c5ced847a2988238dfc11a9347263243aec05f9da71bb59cc13cd798e1a
791,43,Preprocessed global MILP,11/10,5,optimal_numerical,True,matplotlib,fielded,1000000,1011144,True,4383747/10,438374.7,0.0,7.154515800008085,563.33984375,between_stages,2.54511089999869,1.547392899999977,0.005323299992596731,0.05067399999825284,0.0017145000019809231,0.9201399000012316,1011144,230852,204845,21803,15087,5829,197749,203882,5775,294,6069,8,7,1850,2737,4356697/10,c1c87c8fde8f7995f7c9659e766079fc658646a28e087935be60aa874f658a65
792,44,Join-restricted MILP,11/10,0,optimal_numerical,True,pydantic,fielded,1000000,668703,True,1275108/5,255021.6,0.0,10.951544399998966,489.65625,between_stages,7.967578900002991,0.008246299999882467,0.23612750000029337,7.0009258999925805,0.11354879999998957,0.5817079999978887,668703,126352,118557,15146,0,0,0,0,0,1,1,118557,15146,133703,148849,104,24dd85ad9e29a9ac9738232f064dd19e726431e0491de8e459663ee4f0c71bda
793,44,Global MILP baseline,11/10,0,limit_feasible,True,pydantic,fielded,1000000,668703,False,1275108/5,254968.4,0.0002086097805049127,30.85976700000174,781.8828125,between_stages,27.852622799997334,0.01225660000636708,0.3826801999966847,26.722392900002887,0.12316470000951085,0.5796451000060188,668703,126352,118557,15146,0,0,0,0,0,1,1,118557,118557,237114,355671,104,e661344c121715bb2266e23cd770b3dc1968841b7d5032d7fa61abf51b44d5b5
794,44,Preprocessed global MILP,11/10,0,optimal_numerical,True,pydantic,fielded,1000000,668703,True,1275108/5,255021.59999999998,1.1412300156823462e-16,4.4322075999953086,369.890625,between_stages,1.5247747999965213,0.9272205000015674,0.004615400001057424,0.03405809999094345,0.0015427000034833327,0.5447092999966117,668703,126352,118557,15146,10418,4065,113498,117822,4017,223,4240,6,5,1398,2061,1264924/5,d73cfb33df45c46e11af52242bd376bafc137cc8fd3df7d10f8cfe9f08552514
795,44,Join-restricted MILP,11/10,1,optimal_numerical,True,pydantic,fielded,1000000,668703,True,1275108/5,255021.6,0.0,10.910958100008429,489.69921875,between_stages,7.971143200004008,0.009440199995879084,0.24265480000758544,6.983598599996185,0.11388620000798255,0.5964101999998093,668703,126352,118557,15146,0,0,0,0,0,1,1,118557,15146,133703,148849,104,24dd85ad9e29a9ac9738232f064dd19e726431e0491de8e459663ee4f0c71bda
796,44,Preprocessed global MILP,11/10,1,optimal_numerical,True,pydantic,fielded,1000000,668703,True,1275108/5,255021.59999999998,1.1412300156823462e-16,4.488705800002208,370.43359375,between_stages,1.5473725000047125,0.9282000000093831,0.00505749999138061,0.034401999990222976,0.0014587000041501597,0.5650817999994615,668703,126352,118557,15146,10418,4065,113498,117822,4017,223,4240,6,5,1398,2061,1264924/5,d73cfb33df45c46e11af52242bd376bafc137cc8fd3df7d10f8cfe9f08552514
797,44,Global MILP baseline,11/10,1,limit_feasible,True,pydantic,fielded,1000000,668703,False,1275108/5,254968.4,0.0002086097805049127,30.91246069999761,759.9921875,between_stages,27.902842900002724,0.014008199999807402,0.386995199994999,26.75579799999832,0.12417310000455473,0.5912944000010611,668703,126352,118557,15146,0,0,0,0,0,1,1,118557,118557,237114,355671,104,e661344c121715bb2266e23cd770b3dc1968841b7d5032d7fa61abf51b44d5b5
798,44,Preprocessed global MILP,11/10,2,optimal_numerical,True,pydantic,fielded,1000000,668703,True,1275108/5,255021.59999999998,1.1412300156823462e-16,4.453463400001056,369.96484375,between_stages,1.5310749000054784,0.9286769000027562,0.004506899989792146,0.034029699992970563,0.0015281000087270513,0.5484882999880938,668703,126352,118557,15146,10418,4065,113498,117822,4017,223,4240,6,5,1398,2061,1264924/5,d73cfb33df45c46e11af52242bd376bafc137cc8fd3df7d10f8cfe9f08552514
799,44,Global MILP baseline,11/10,2,limit_feasible,True,pydantic,fielded,1000000,668703,False,1275108/5,254968.4,0.0002086097805049127,30.85720549999678,762.01953125,between_stages,27.888955999995233,0.012489400003687479,0.3799774999934016,26.75726470000518,0.12568470000405796,0.5793063000019174,668703,126352,118557,15146,0,0,0,0,0,1,1,118557,118557,237114,355671,104,e661344c121715bb2266e23cd770b3dc1968841b7d5032d7fa61abf51b44d5b5
800,44,Join-restricted MILP,11/10,2,optimal_numerical,True,pydantic,fielded,1000000,668703,True,1275108/5,255021.6,0.0,10.993823299999349,494.28125,between_stages,8.07477619999554,0.00848230000701733,0.2402293000050122,7.070429800005513,0.11445209999510553,0.614253199993982,668703,126352,118557,15146,0,0,0,0,0,1,1,118557,15146,133703,148849,104,24dd85ad9e29a9ac9738232f064dd19e726431e0491de8e459663ee4f0c71bda
801,44,Preprocessed global MILP,11/10,3,optimal_numerical,True,pydantic,fielded,1000000,668703,True,1275108/5,255021.59999999998,1.1412300156823462e-16,4.485647500012419,372.1484375,between_stages,1.548428399997647,0.9372062999900663,0.004960499994922429,0.03193550001014955,0.001415799997630529,0.560667800004012,668703,126352,118557,15146,10418,4065,113498,117822,4017,223,4240,6,5,1398,2061,1264924/5,d73cfb33df45c46e11af52242bd376bafc137cc8fd3df7d10f8cfe9f08552514
802,44,Join-restricted MILP,11/10,3,optimal_numerical,True,pydantic,fielded,1000000,668703,True,1275108/5,255021.6,0.0,10.946860399999423,494.1484375,between_stages,7.98969770000258,0.008652300006360747,0.238374799999292,7.03619479999179,0.1152940000029048,0.5630881000106456,668703,126352,118557,15146,0,0,0,0,0,1,1,118557,15146,133703,148849,104,24dd85ad9e29a9ac9738232f064dd19e726431e0491de8e459663ee4f0c71bda
803,44,Global MILP baseline,11/10,3,limit_feasible,True,pydantic,fielded,1000000,668703,False,1275108/5,254968.4,0.0002086097805049127,30.775493799999822,761.609375,between_stages,27.868528000006336,0.013532500001019798,0.39957979999599047,26.711347500007832,0.12853739999991376,0.5837384999904316,668703,126352,118557,15146,0,0,0,0,0,1,1,118557,118557,237114,355671,104,e661344c121715bb2266e23cd770b3dc1968841b7d5032d7fa61abf51b44d5b5
804,44,Global MILP baseline,11/10,4,limit_feasible,True,pydantic,fielded,1000000,668703,False,1275108/5,254968.4,0.0002086097805049127,30.867963099997723,759.8203125,between_stages,27.874759500002256,0.013821500004269183,0.38030970000545494,26.725649100000737,0.12534700000833254,0.5973392999876523,668703,126352,118557,15146,0,0,0,0,0,1,1,118557,118557,237114,355671,104,e661344c121715bb2266e23cd770b3dc1968841b7d5032d7fa61abf51b44d5b5
805,44,Join-restricted MILP,11/10,4,optimal_numerical,True,pydantic,fielded,1000000,668703,True,1275108/5,255021.6,0.0,11.12603990000207,491.21484375,between_stages,8.11411809999845,0.010022600006777793,0.24197109999659006,7.126899200011394,0.11581590000423603,0.5925462000013795,668703,126352,118557,15146,0,0,0,0,0,1,1,118557,15146,133703,148849,104,24dd85ad9e29a9ac9738232f064dd19e726431e0491de8e459663ee4f0c71bda
806,44,Preprocessed global MILP,11/10,4,optimal_numerical,True,pydantic,fielded,1000000,668703,True,1275108/5,255021.59999999998,1.1412300156823462e-16,4.5384914000023855,371.89453125,between_stages,1.5787114999984624,0.9482031999941682,0.004612400007317774,0.03536049999820534,0.001439499988919124,0.5762646999937715,668703,126352,118557,15146,10418,4065,113498,117822,4017,223,4240,6,5,1398,2061,1264924/5,d73cfb33df45c46e11af52242bd376bafc137cc8fd3df7d10f8cfe9f08552514
807,44,Global MILP baseline,11/10,5,limit_feasible,True,pydantic,fielded,1000000,668703,False,1275108/5,254968.4,0.0002086097805049127,30.91041949999635,786.20703125,between_stages,27.884174499995424,0.013193499995395541,0.38867909999680705,26.746888699999545,0.12599059999047313,0.5765551999938907,668703,126352,118557,15146,0,0,0,0,0,1,1,118557,118557,237114,355671,104,e661344c121715bb2266e23cd770b3dc1968841b7d5032d7fa61abf51b44d5b5
808,44,Preprocessed global MILP,11/10,5,optimal_numerical,True,pydantic,fielded,1000000,668703,True,1275108/5,255021.59999999998,1.1412300156823462e-16,4.514804899998126,370.24609375,between_stages,1.5544512000051327,0.9421336999948835,0.004755899994052015,0.03571630000078585,0.0014314000000013039,0.5576122000056785,668703,126352,118557,15146,10418,4065,113498,117822,4017,223,4240,6,5,1398,2061,1264924/5,d73cfb33df45c46e11af52242bd376bafc137cc8fd3df7d10f8cfe9f08552514
809,44,Join-restricted MILP,11/10,5,optimal_numerical,True,pydantic,fielded,1000000,668703,True,1275108/5,255021.6,0.0,11.053645799998776,490.94140625,between_stages,8.053813799997442,0.008472699992125854,0.23884350000298582,7.066872800001875,0.11316009999427479,0.5990146000112873,668703,126352,118557,15146,0,0,0,0,0,1,1,118557,15146,133703,148849,104,24dd85ad9e29a9ac9738232f064dd19e726431e0491de8e459663ee4f0c71bda
810,45,Join-restricted MILP,11/10,0,optimal_numerical,True,aiohttp,fielded,1000000,426119,True,830788/5,166157.6,0.0,6.326683599996613,344.61328125,between_stages,4.416417500004172,0.005816500008222647,0.14113580000412185,3.858375399999204,0.05905450000136625,0.33384530000330415,426119,81997,76746,10321,0,0,0,0,0,1,1,76746,10321,87067,97388,54,43dde71b4cee31fc9f4fe0ac070b068be8d6b2a80795bc10ac913121a8188740
811,45,Preprocessed global MILP,11/10,0,optimal_numerical,True,aiohttp,fielded,1000000,426119,True,830788/5,166157.6,0.0,2.7615709000092465,262.11328125,between_stages,0.8218425000086427,0.4763182000024244,0.00330989999929443,0.02123040000151377,0.0009642999939387664,0.31104729999788105,426119,81997,76746,10321,6764,3179,72957,76323,3151,126,3277,7,5,801,1179,824897/5,76d5a80f281b3810024c7d359ec8d118d785497abe4ced50429ce2bd556f0344
812,45,Global MILP baseline,11/10,0,optimal_numerical,True,aiohttp,fielded,1000000,426119,True,830788/5,166157.6,0.0,13.48882980000053,477.53515625,between_stages,11.528476199993747,0.009309400003985502,0.23126000000047497,10.87011239999265,0.06686079999781214,0.3311935999954585,426119,81997,76746,10321,0,0,0,0,0,1,1,76746,76746,153492,230238,54,06eec9b341ffeffa015754cc94008cb241b040ac61ac98966491e8b19b611f79
813,45,Preprocessed global MILP,11/10,1,optimal_numerical,True,aiohttp,fielded,1000000,426119,True,830788/5,166157.6,0.0,2.712943799997447,261.94140625,between_stages,0.8216082999861101,0.4711531999928411,0.0032540999964112416,0.021122200007084757,0.000826000003144145,0.31672839999373537,426119,81997,76746,10321,6764,3179,72957,76323,3151,126,3277,7,5,801,1179,824897/5,76d5a80f281b3810024c7d359ec8d118d785497abe4ced50429ce2bd556f0344
814,45,Global MILP baseline,11/10,1,optimal_numerical,True,aiohttp,fielded,1000000,426119,True,830788/5,166157.6,0.0,13.437642499993672,478.859375,between_stages,11.474595100007718,0.008683299995027483,0.2334641999914311,10.809462799996254,0.0677500999881886,0.3338290999963647,426119,81997,76746,10321,0,0,0,0,0,1,1,76746,76746,153492,230238,54,06eec9b341ffeffa015754cc94008cb241b040ac61ac98966491e8b19b611f79
815,45,Join-restricted MILP,11/10,1,optimal_numerical,True,aiohttp,fielded,1000000,426119,True,830788/5,166157.6,0.0,6.354998999988311,345.0,between_stages,4.436019300002954,0.006185900012496859,0.14181339999777265,3.868879300003755,0.05989950000366662,0.3422041000012541,426119,81997,76746,10321,0,0,0,0,0,1,1,76746,10321,87067,97388,54,43dde71b4cee31fc9f4fe0ac070b068be8d6b2a80795bc10ac913121a8188740
816,45,Preprocessed global MILP,11/10,2,optimal_numerical,True,aiohttp,fielded,1000000,426119,True,830788/5,166157.6,0.0,2.707496999995783,261.9453125,between_stages,0.8306502000050386,0.47720740000659134,0.006099599995650351,0.022784299988416024,0.0008718000026419759,0.3116580000059912,426119,81997,76746,10321,6764,3179,72957,76323,3151,126,3277,7,5,801,1179,824897/5,76d5a80f281b3810024c7d359ec8d118d785497abe4ced50429ce2bd556f0344
817,45,Join-restricted MILP,11/10,2,optimal_numerical,True,aiohttp,fielded,1000000,426119,True,830788/5,166157.6,0.0,6.355099699998391,344.3046875,between_stages,4.407099699994433,0.00644060000195168,0.14323599998897407,3.8537045999983093,0.0607529999979306,0.32426850000047125,426119,81997,76746,10321,0,0,0,0,0,1,1,76746,10321,87067,97388,54,43dde71b4cee31fc9f4fe0ac070b068be8d6b2a80795bc10ac913121a8188740
818,45,Global MILP baseline,11/10,2,optimal_numerical,True,aiohttp,fielded,1000000,426119,True,830788/5,166157.6,0.0,13.402326099996571,478.9140625,between_stages,11.478331899998011,0.00869550000061281,0.2317683000001125,10.818504900002154,0.0660102999972878,0.33276330000080634,426119,81997,76746,10321,0,0,0,0,0,1,1,76746,76746,153492,230238,54,06eec9b341ffeffa015754cc94008cb241b040ac61ac98966491e8b19b611f79
819,45,Global MILP baseline,11/10,3,optimal_numerical,True,aiohttp,fielded,1000000,426119,True,830788/5,166157.6,0.0,13.425113900011638,477.46484375,between_stages,11.486920199997257,0.008845000003930181,0.2313721000100486,10.8323848,0.06713419999869075,0.3276536000048509,426119,81997,76746,10321,0,0,0,0,0,1,1,76746,76746,153492,230238,54,06eec9b341ffeffa015754cc94008cb241b040ac61ac98966491e8b19b611f79
820,45,Join-restricted MILP,11/10,3,optimal_numerical,True,aiohttp,fielded,1000000,426119,True,830788/5,166157.6,0.0,6.25275739999779,343.87890625,between_stages,4.3648988000059035,0.006117700002505444,0.14022929999919143,3.815968000009889,0.06077999999979511,0.32492259998980444,426119,81997,76746,10321,0,0,0,0,0,1,1,76746,10321,87067,97388,54,43dde71b4cee31fc9f4fe0ac070b068be8d6b2a80795bc10ac913121a8188740
821,45,Preprocessed global MILP,11/10,3,optimal_numerical,True,aiohttp,fielded,1000000,426119,True,830788/5,166157.6,0.0,2.760531299994909,262.796875,between_stages,0.8217026000056649,0.46939969999948516,0.0031384000030811876,0.02141670000855811,0.0008993000083137304,0.31808519999322016,426119,81997,76746,10321,6764,3179,72957,76323,3151,126,3277,7,5,801,1179,824897/5,76d5a80f281b3810024c7d359ec8d118d785497abe4ced50429ce2bd556f0344
822,45,Global MILP baseline,11/10,4,optimal_numerical,True,aiohttp,fielded,1000000,426119,True,830788/5,166157.6,0.0,13.461728199996287,476.90625,between_stages,11.537596199996187,0.009282099999836646,0.23726840000017546,10.880911700005527,0.06591720000142232,0.32442079999600537,426119,81997,76746,10321,0,0,0,0,0,1,1,76746,76746,153492,230238,54,06eec9b341ffeffa015754cc94008cb241b040ac61ac98966491e8b19b611f79
823,45,Preprocessed global MILP,11/10,4,optimal_numerical,True,aiohttp,fielded,1000000,426119,True,830788/5,166157.6,0.0,2.7140920999954687,259.453125,between_stages,0.816052000009222,0.4702936999965459,0.0034153000015066937,0.022352100000716746,0.0008422999962931499,0.3096598999982234,426119,81997,76746,10321,6764,3179,72957,76323,3151,126,3277,7,5,801,1179,824897/5,76d5a80f281b3810024c7d359ec8d118d785497abe4ced50429ce2bd556f0344
824,45,Join-restricted MILP,11/10,4,optimal_numerical,True,aiohttp,fielded,1000000,426119,True,830788/5,166157.6,0.0,6.405465500007267,344.57421875,between_stages,4.427118200008408,0.005629200008115731,0.141121499997098,3.880690500009223,0.059735500006354414,0.32302270000218414,426119,81997,76746,10321,0,0,0,0,0,1,1,76746,10321,87067,97388,54,43dde71b4cee31fc9f4fe0ac070b068be8d6b2a80795bc10ac913121a8188740
825,45,Join-restricted MILP,11/10,5,optimal_numerical,True,aiohttp,fielded,1000000,426119,True,830788/5,166157.6,0.0,6.297431299986783,344.5390625,between_stages,4.392026799992891,0.006136100011644885,0.13935179999680258,3.836257500006468,0.05968990000837948,0.3337857000005897,426119,81997,76746,10321,0,0,0,0,0,1,1,76746,10321,87067,97388,54,43dde71b4cee31fc9f4fe0ac070b068be8d6b2a80795bc10ac913121a8188740
826,45,Global MILP baseline,11/10,5,optimal_numerical,True,aiohttp,fielded,1000000,426119,True,830788/5,166157.6,0.0,13.368206499988446,479.35546875,between_stages,11.490803900000174,0.009230899988324381,0.23296870000194758,10.843574099999387,0.06631989999732468,0.3197215999971377,426119,81997,76746,10321,0,0,0,0,0,1,1,76746,76746,153492,230238,54,06eec9b341ffeffa015754cc94008cb241b040ac61ac98966491e8b19b611f79
827,45,Preprocessed global MILP,11/10,5,optimal_numerical,True,aiohttp,fielded,1000000,426119,True,830788/5,166157.6,0.0,2.733821600006195,266.15234375,between_stages,0.8389975000027334,0.47459369999705814,0.003618400005507283,0.023990999994566664,0.0008647000067867339,0.32476519999909215,426119,81997,76746,10321,6764,3179,72957,76323,3151,126,3277,7,5,801,1179,824897/5,76d5a80f281b3810024c7d359ec8d118d785497abe4ced50429ce2bd556f0344
828,46,Preprocessed global MILP,11/10,0,optimal_numerical,True,jsonschema,fielded,1000000,167196,True,622909/10,62290.9,0.0,1.2025404000014532,143.81640625,between_stages,0.2759869000001345,0.14737729998887517,0.002370699992752634,0.014381199987838045,0.0004391000111354515,0.10635519999777898,167196,31931,29576,3473,2464,854,28480,29405,841,52,893,7,6,326,481,309012/5,faad436adfacb4a7a74b77e2b7ea2293f7a2ce56ed59c798e37f086b69b11631
829,46,Global MILP baseline,11/10,0,optimal_numerical,True,jsonschema,fielded,1000000,167196,True,622909/10,62290.9,0.0,3.4050583000062034,223.38671875,between_stages,2.503107500000624,0.0044800000032410026,0.08464820000517648,2.2662669999990612,0.023752599998260848,0.1134104000084335,167196,31931,29576,3473,0,0,0,0,0,1,1,29576,29576,59152,88728,36,3e12ac2ef1d1bf1b0d8b50f7eacf8245f9cf8a95cfaeff7fff19769a1a9cd32b
830,46,Join-restricted MILP,11/10,0,optimal_numerical,True,jsonschema,fielded,1000000,167196,True,622909/10,62290.9,0.0,1.7056175999896368,175.93359375,between_stages,0.8145764000073541,0.0035180000122636557,0.04936150000139605,0.6184133999922778,0.02137380000203848,0.11289469999610446,167196,31931,29576,3473,0,0,0,0,0,1,1,29576,3473,33049,36522,36,49a85b6ae41c4c1e32a6fee903fae7f051617a05b68ba986abad43a9e3b3d89c
831,46,Preprocessed global MILP,11/10,1,optimal_numerical,True,jsonschema,fielded,1000000,167196,True,622909/10,62290.9,0.0,1.1762176000047475,144.94921875,between_stages,0.27754450000065845,0.1504968000081135,0.0024234000011347234,0.015205100004095584,0.0004588000010699034,0.10380959999747574,167196,31931,29576,3473,2464,854,28480,29405,841,52,893,7,6,326,481,309012/5,faad436adfacb4a7a74b77e2b7ea2293f7a2ce56ed59c798e37f086b69b11631
832,46,Join-restricted MILP,11/10,1,optimal_numerical,True,jsonschema,fielded,1000000,167196,True,622909/10,62290.9,0.0,1.733638499994413,172.41015625,between_stages,0.8247440999984974,0.003120099994703196,0.050336899992544204,0.6249108000047272,0.02137659999425523,0.11605599999893457,167196,31931,29576,3473,0,0,0,0,0,1,1,29576,3473,33049,36522,36,49a85b6ae41c4c1e32a6fee903fae7f051617a05b68ba986abad43a9e3b3d89c
833,46,Global MILP baseline,11/10,1,optimal_numerical,True,jsonschema,fielded,1000000,167196,True,622909/10,62290.9,0.0,3.4068421999982093,223.28515625,external_check,2.491505199999665,0.004501999996136874,0.08623040000384208,2.2509379999974044,0.02405890000227373,0.11497640000015963,167196,31931,29576,3473,0,0,0,0,0,1,1,29576,29576,59152,88728,36,3e12ac2ef1d1bf1b0d8b50f7eacf8245f9cf8a95cfaeff7fff19769a1a9cd32b
834,46,Global MILP baseline,11/10,2,optimal_numerical,True,jsonschema,fielded,1000000,167196,True,622909/10,62290.9,0.0,3.4190871000027983,222.9609375,output_write,2.469347700010985,0.0041181999986292794,0.08618220000062138,2.2184425000014016,0.024165099996025674,0.12590210000053048,167196,31931,29576,3473,0,0,0,0,0,1,1,29576,29576,59152,88728,36,3e12ac2ef1d1bf1b0d8b50f7eacf8245f9cf8a95cfaeff7fff19769a1a9cd32b
835,46,Join-restricted MILP,11/10,2,optimal_numerical,True,jsonschema,fielded,1000000,167196,True,622909/10,62290.9,0.0,1.7304835000104504,174.3125,external_check,0.8085193000006257,0.0028554000018630177,0.04952659999253228,0.6137139000056777,0.020653800005675294,0.11361100000794977,167196,31931,29576,3473,0,0,0,0,0,1,1,29576,3473,33049,36522,36,49a85b6ae41c4c1e32a6fee903fae7f051617a05b68ba986abad43a9e3b3d89c
836,46,Preprocessed global MILP,11/10,2,optimal_numerical,True,jsonschema,fielded,1000000,167196,True,622909/10,62290.9,0.0,1.1754536999942502,143.5546875,between_stages,0.2806696999905398,0.1477267999871401,0.0026485999987926334,0.01598669998929836,0.00041290000081062317,0.10886050001136027,167196,31931,29576,3473,2464,854,28480,29405,841,52,893,7,6,326,481,309012/5,faad436adfacb4a7a74b77e2b7ea2293f7a2ce56ed59c798e37f086b69b11631
837,46,Global MILP baseline,11/10,3,optimal_numerical,True,jsonschema,fielded,1000000,167196,True,622909/10,62290.9,0.0,3.3932262000016635,223.0546875,between_stages,2.4694928000099026,0.004506800003582612,0.0863588000065647,2.2277008999953978,0.024502500004018657,0.11551619999227114,167196,31931,29576,3473,0,0,0,0,0,1,1,29576,29576,59152,88728,36,3e12ac2ef1d1bf1b0d8b50f7eacf8245f9cf8a95cfaeff7fff19769a1a9cd32b
838,46,Preprocessed global MILP,11/10,3,optimal_numerical,True,jsonschema,fielded,1000000,167196,True,622909/10,62290.9,0.0,1.1996494999912102,143.56640625,output_write,0.2954593000031309,0.149746299997787,0.0046138000034261495,0.017423800003598444,0.0005327999970177189,0.11796879999747034,167196,31931,29576,3473,2464,854,28480,29405,841,52,893,7,6,326,481,309012/5,faad436adfacb4a7a74b77e2b7ea2293f7a2ce56ed59c798e37f086b69b11631
839,46,Join-restricted MILP,11/10,3,optimal_numerical,True,jsonschema,fielded,1000000,167196,True,622909/10,62290.9,0.0,1.763163199997507,174.15234375,between_stages,0.8144692999921972,0.0029023999959463254,0.04971410000871401,0.6175259000010556,0.020561900004395284,0.11200310000276659,167196,31931,29576,3473,0,0,0,0,0,1,1,29576,3473,33049,36522,36,49a85b6ae41c4c1e32a6fee903fae7f051617a05b68ba986abad43a9e3b3d89c
840,46,Join-restricted MILP,11/10,4,optimal_numerical,True,jsonschema,fielded,1000000,167196,True,622909/10,62290.9,0.0,1.7312587999913376,174.3515625,between_stages,0.8222966000030283,0.002987599989864975,0.04988310000044294,0.6160999999992782,0.020443200002773665,0.12418060000345577,167196,31931,29576,3473,0,0,0,0,0,1,1,29576,3473,33049,36522,36,49a85b6ae41c4c1e32a6fee903fae7f051617a05b68ba986abad43a9e3b3d89c
841,46,Global MILP baseline,11/10,4,optimal_numerical,True,jsonschema,fielded,1000000,167196,True,622909/10,62290.9,0.0,3.398531799990451,222.1875,between_stages,2.464654600000358,0.004582399997161701,0.08707209999556653,2.2222820999886608,0.02421160000085365,0.11544330000469927,167196,31931,29576,3473,0,0,0,0,0,1,1,29576,29576,59152,88728,36,3e12ac2ef1d1bf1b0d8b50f7eacf8245f9cf8a95cfaeff7fff19769a1a9cd32b
842,46,Preprocessed global MILP,11/10,4,optimal_numerical,True,jsonschema,fielded,1000000,167196,True,622909/10,62290.9,0.0,1.191869600006612,145.1328125,between_stages,0.28233559998625424,0.15102099999785423,0.002136600000085309,0.016160400002263486,0.0004091000009793788,0.10718859999906272,167196,31931,29576,3473,2464,854,28480,29405,841,52,893,7,6,326,481,309012/5,faad436adfacb4a7a74b77e2b7ea2293f7a2ce56ed59c798e37f086b69b11631
843,46,Join-restricted MILP,11/10,5,optimal_numerical,True,jsonschema,fielded,1000000,167196,True,622909/10,62290.9,0.0,1.700105199997779,173.12109375,output_write,0.8076833999948576,0.00427960000524763,0.04912019999756012,0.6097813999949722,0.02145490000839345,0.11385690000315662,167196,31931,29576,3473,0,0,0,0,0,1,1,29576,3473,33049,36522,36,49a85b6ae41c4c1e32a6fee903fae7f051617a05b68ba986abad43a9e3b3d89c
844,46,Preprocessed global MILP,11/10,5,optimal_numerical,True,jsonschema,fielded,1000000,167196,True,622909/10,62290.9,0.0,1.1911522999871522,143.44921875,output_write,0.28643100000044797,0.15384239998820703,0.002682399994228035,0.01563249999890104,0.0007265000022016466,0.10755680000875145,167196,31931,29576,3473,2464,854,28480,29405,841,52,893,7,6,326,481,309012/5,faad436adfacb4a7a74b77e2b7ea2293f7a2ce56ed59c798e37f086b69b11631
845,46,Global MILP baseline,11/10,5,optimal_numerical,True,jsonschema,fielded,1000000,167196,True,622909/10,62290.9,0.0,3.3892622999992454,222.734375,between_stages,2.487952600000426,0.004428100000950508,0.08569900000293273,2.246789099997841,0.023612999997567385,0.11691559999599122,167196,31931,29576,3473,0,0,0,0,0,1,1,29576,29576,59152,88728,36,3e12ac2ef1d1bf1b0d8b50f7eacf8245f9cf8a95cfaeff7fff19769a1a9cd32b
846,47,Preprocessed global MILP,5/4,0,optimal_numerical,True,matplotlib,compact,1000000,1004814,True,2260523/4,565130.75,0.0,8.255501899999217,592.33203125,between_stages,3.482340899994597,1.7632058999879519,0.005237899997155182,0.023073899996234104,0.0015610999980708584,1.67203060000611,1004814,221524,188125,25190,19744,4848,182660,187526,4840,292,5132,5,5,1197,1795,563069,574d3074cd28624469650924047e8f6809fa0e4a21004fc5cd006f71cf5fac30
847,47,Join-restricted MILP,5/4,0,optimal_numerical,True,matplotlib,compact,1000000,1004814,True,2260523/4,565130.75,0.0,10.974762799989549,709.703125,between_stages,6.264310400001705,0.014975699989008717,0.3906896999978926,3.8936877000087406,0.20209199999226257,1.7191728000034345,1004814,221524,188125,25190,0,0,0,0,0,1,1,188125,25190,213315,238505,145,6a2b43ff06f9d81401839edccad8532e652f97497a213697a1327f3b3d933456
848,47,Global MILP baseline,5/4,0,optimal_numerical,True,matplotlib,compact,1000000,1004814,True,2260523/4,565130.75,0.0,21.23614369999268,936.95703125,between_stages,16.548474100010935,0.021115800002007745,0.6151091000065207,13.930051000003004,0.22178700000222307,1.70397740000044,1004814,221524,188125,25190,0,0,0,0,0,1,1,188125,188125,376250,564375,145,0c8d18fa60b3d2baa563035e50267f19c06fefabf70062e19986debd8f464ae9
849,47,Global MILP baseline,5/4,1,optimal_numerical,True,matplotlib,compact,1000000,1004814,True,2260523/4,565130.75,0.0,21.170316300005652,936.84765625,between_stages,16.434005699993577,0.019752199994400144,0.615763000008883,13.80765399998927,0.22096600000804756,1.7144482000003336,1004814,221524,188125,25190,0,0,0,0,0,1,1,188125,188125,376250,564375,145,0c8d18fa60b3d2baa563035e50267f19c06fefabf70062e19986debd8f464ae9
850,47,Join-restricted MILP,5/4,1,optimal_numerical,True,matplotlib,compact,1000000,1004814,True,2260523/4,565130.75,0.0,10.982630400001653,707.42578125,between_stages,6.229154200002085,0.013047400003415532,0.3950978000066243,3.828814299995429,0.2054885999968974,1.7426291000010679,1004814,221524,188125,25190,0,0,0,0,0,1,1,188125,25190,213315,238505,145,6a2b43ff06f9d81401839edccad8532e652f97497a213697a1327f3b3d933456
851,47,Preprocessed global MILP,5/4,1,optimal_numerical,True,matplotlib,compact,1000000,1004814,True,2260523/4,565130.75,0.0,8.157854400007636,585.6328125,between_stages,3.4844066000077873,1.7633031000004848,0.004342500003986061,0.02304619998903945,0.001352900013444014,1.675449899994419,1004814,221524,188125,25190,19744,4848,182660,187526,4840,292,5132,5,5,1197,1795,563069,574d3074cd28624469650924047e8f6809fa0e4a21004fc5cd006f71cf5fac30
852,47,Global MILP baseline,5/4,2,optimal_numerical,True,matplotlib,compact,1000000,1004814,True,2260523/4,565130.75,0.0,21.329080700001214,936.98046875,between_stages,16.62915449999855,0.020943900002748705,0.614788300008513,13.996597399993334,0.2218359000107739,1.7191100000054576,1004814,221524,188125,25190,0,0,0,0,0,1,1,188125,188125,376250,564375,145,0c8d18fa60b3d2baa563035e50267f19c06fefabf70062e19986debd8f464ae9
853,47,Preprocessed global MILP,5/4,2,optimal_numerical,True,matplotlib,compact,1000000,1004814,True,2260523/4,565130.75,0.0,8.26674130000174,592.16015625,between_stages,3.5029669999930775,1.7501860999909695,0.004215799999656156,0.021670199988875538,0.0013921000063419342,1.7092466000030981,1004814,221524,188125,25190,19744,4848,182660,187526,4840,292,5132,5,5,1197,1795,563069,574d3074cd28624469650924047e8f6809fa0e4a21004fc5cd006f71cf5fac30
854,47,Join-restricted MILP,5/4,2,optimal_numerical,True,matplotlib,compact,1000000,1004814,True,2260523/4,565130.75,0.0,11.028179699991597,708.71875,between_stages,6.374731100004283,0.01237359999504406,0.4167419000004884,3.8991075999947498,0.21174430000246502,1.790006999988691,1004814,221524,188125,25190,0,0,0,0,0,1,1,188125,25190,213315,238505,145,6a2b43ff06f9d81401839edccad8532e652f97497a213697a1327f3b3d933456
855,47,Join-restricted MILP,5/4,3,optimal_numerical,True,matplotlib,compact,1000000,1004814,True,2260523/4,565130.75,0.0,12.342709000004106,706.57421875,between_stages,6.480609899997944,0.012867199999163859,0.41865920000418555,3.9407032999879448,0.2108179999922868,1.8517341999977361,1004814,221524,188125,25190,0,0,0,0,0,1,1,188125,25190,213315,238505,145,6a2b43ff06f9d81401839edccad8532e652f97497a213697a1327f3b3d933456
856,47,Global MILP baseline,5/4,3,optimal_numerical,True,matplotlib,compact,1000000,1004814,True,2260523/4,565130.75,0.0,21.424431799998274,936.40625,between_stages,16.534582100008265,0.020341499999631196,0.6197036999947159,13.8774424999865,0.22229219999280758,1.7366734000097495,1004814,221524,188125,25190,0,0,0,0,0,1,1,188125,188125,376250,564375,145,0c8d18fa60b3d2baa563035e50267f19c06fefabf70062e19986debd8f464ae9
857,47,Preprocessed global MILP,5/4,3,optimal_numerical,True,matplotlib,compact,1000000,1004814,True,2260523/4,565130.75,0.0,8.313283600000432,610.46484375,between_stages,3.525065800000448,1.7780089999869233,0.004552099999273196,0.024997599990456365,0.001396699997712858,1.6979091000102926,1004814,221524,188125,25190,19744,4848,182660,187526,4840,292,5132,5,5,1197,1795,563069,574d3074cd28624469650924047e8f6809fa0e4a21004fc5cd006f71cf5fac30
858,47,Join-restricted MILP,5/4,4,optimal_numerical,True,matplotlib,compact,1000000,1004814,True,2260523/4,565130.75,0.0,11.24234849998902,709.0625,between_stages,6.3729102999932365,0.012853399995947257,0.4001566999941133,3.9164373999956297,0.20759350000298582,1.790437199990265,1004814,221524,188125,25190,0,0,0,0,0,1,1,188125,25190,213315,238505,145,6a2b43ff06f9d81401839edccad8532e652f97497a213697a1327f3b3d933456
859,47,Preprocessed global MILP,5/4,4,optimal_numerical,True,matplotlib,compact,1000000,1004814,True,2260523/4,565130.75,0.0,8.315227099999902,582.52734375,between_stages,3.540206700010458,1.7888263000058942,0.004958299992722459,0.023171300010289997,0.0016299999988405034,1.7042222000018228,1004814,221524,188125,25190,19744,4848,182660,187526,4840,292,5132,5,5,1197,1795,563069,574d3074cd28624469650924047e8f6809fa0e4a21004fc5cd006f71cf5fac30
860,47,Global MILP baseline,5/4,4,optimal_numerical,True,matplotlib,compact,1000000,1004814,True,2260523/4,565130.75,0.0,21.38645700000052,936.921875,between_stages,16.589573799996288,0.021153400011826307,0.6229072000132874,13.922452099999646,0.22461740000289865,1.7427450999966823,1004814,221524,188125,25190,0,0,0,0,0,1,1,188125,188125,376250,564375,145,0c8d18fa60b3d2baa563035e50267f19c06fefabf70062e19986debd8f464ae9
861,47,Preprocessed global MILP,5/4,5,optimal_numerical,True,matplotlib,compact,1000000,1004814,True,2260523/4,565130.75,0.0,8.341602800006513,586.80078125,between_stages,3.569620099995518,1.7997515000024578,0.0043077000009361655,0.023740400007227436,0.002080500009469688,1.718955799995456,1004814,221524,188125,25190,19744,4848,182660,187526,4840,292,5132,5,5,1197,1795,563069,574d3074cd28624469650924047e8f6809fa0e4a21004fc5cd006f71cf5fac30
862,47,Global MILP baseline,5/4,5,optimal_numerical,True,matplotlib,compact,1000000,1004814,True,2260523/4,565130.75,0.0,21.51863590000721,936.46484375,between_stages,16.731029300004593,0.020516000004136004,0.6322681000019656,14.055159899988212,0.22511210000084247,1.7416934999928344,1004814,221524,188125,25190,0,0,0,0,0,1,1,188125,188125,376250,564375,145,0c8d18fa60b3d2baa563035e50267f19c06fefabf70062e19986debd8f464ae9
863,47,Join-restricted MILP,5/4,5,optimal_numerical,True,matplotlib,compact,1000000,1004814,True,2260523/4,565130.75,0.0,11.088717100006761,706.44140625,between_stages,6.319691800003056,0.013824599998770282,0.4142290000017965,3.894079599995166,0.20643229999404866,1.745515600006911,1004814,221524,188125,25190,0,0,0,0,0,1,1,188125,25190,213315,238505,145,6a2b43ff06f9d81401839edccad8532e652f97497a213697a1327f3b3d933456
864,48,Global MILP baseline,5/4,0,optimal_numerical,True,pydantic,compact,1000000,366328,True,779635/4,194908.75,0.0,7.709832599997753,398.28515625,between_stages,5.960863600004814,0.00833039999997709,0.20738490000076126,5.164597499999218,0.0674457999994047,0.49622980000276584,366328,72432,64637,10045,0,0,0,0,0,1,1,64637,64637,129274,193911,104,0ba1c2c2f4a9219819bd0ec44b47698105bdf9055355ef141f318b9265911b72
865,48,Join-restricted MILP,5/4,0,optimal_numerical,True,pydantic,compact,1000000,366328,True,779635/4,194908.75,0.0,3.788929999995162,298.69921875,between_stages,2.0743759000033606,0.005076300003565848,0.12756850000005215,1.3708646000013687,0.06033739999111276,0.4955692000075942,366328,72432,64637,10045,0,0,0,0,0,1,1,64637,10045,74682,84727,104,775ab1094f195856fcfa4e0788e38826a29517282b72d8f663df86a1dad78a9f
866,48,Preprocessed global MILP,5/4,0,optimal_numerical,True,pydantic,compact,1000000,366328,True,779635/4,194908.75,0.0,2.7071712000033585,245.015625,between_stages,0.980987399991136,0.4749069000099553,0.0029516999929910526,0.012035799998557195,0.000763899995945394,0.4830787999962922,366328,72432,64637,10045,7821,1926,62396,64334,1922,143,2065,4,4,601,899,775525/4,6c0a4205ed277a1bc899d6fedf830fdb6edecc28cd8eeb1121695faa5e389e4d
867,48,Global MILP baseline,5/4,1,optimal_numerical,True,pydantic,compact,1000000,366328,True,779635/4,194908.75,0.0,7.689529800001765,399.3046875,between_stages,5.921856500004651,0.00780730000406038,0.20550250000087544,5.137107200003811,0.06631989999732468,0.48818229998869356,366328,72432,64637,10045,0,0,0,0,0,1,1,64637,64637,129274,193911,104,0ba1c2c2f4a9219819bd0ec44b47698105bdf9055355ef141f318b9265911b72
868,48,Preprocessed global MILP,5/4,1,optimal_numerical,True,pydantic,compact,1000000,366328,True,779635/4,194908.75,0.0,2.7158066000120016,245.28125,between_stages,0.9923872999934247,0.4802251999935834,0.0037717000086558983,0.01312099999631755,0.0007184999994933605,0.4871616000018548,366328,72432,64637,10045,7821,1926,62396,64334,1922,143,2065,4,4,601,899,775525/4,6c0a4205ed277a1bc899d6fedf830fdb6edecc28cd8eeb1121695faa5e389e4d
869,48,Join-restricted MILP,5/4,1,optimal_numerical,True,pydantic,compact,1000000,366328,True,779635/4,194908.75,0.0,3.883045700000366,298.9296875,between_stages,2.0945101999968756,0.00540940000792034,0.1265449000056833,1.353648999996949,0.06122830000822432,0.5327641000039876,366328,72432,64637,10045,0,0,0,0,0,1,1,64637,10045,74682,84727,104,775ab1094f195856fcfa4e0788e38826a29517282b72d8f663df86a1dad78a9f
870,48,Join-restricted MILP,5/4,2,optimal_numerical,True,pydantic,compact,1000000,366328,True,779635/4,194908.75,0.0,3.8282204999995884,298.5859375,between_stages,2.110039900013362,0.005533300005481578,0.12926400000287686,1.3553828000003705,0.061243699994520284,0.5443495999934385,366328,72432,64637,10045,0,0,0,0,0,1,1,64637,10045,74682,84727,104,775ab1094f195856fcfa4e0788e38826a29517282b72d8f663df86a1dad78a9f
871,48,Global MILP baseline,5/4,2,optimal_numerical,True,pydantic,compact,1000000,366328,True,779635/4,194908.75,0.0,7.534929800007376,398.734375,between_stages,5.842948299992713,0.00720430001092609,0.20223650000116322,5.068145299999742,0.06611530001100618,0.4801595000026282,366328,72432,64637,10045,0,0,0,0,0,1,1,64637,64637,129274,193911,104,0ba1c2c2f4a9219819bd0ec44b47698105bdf9055355ef141f318b9265911b72
872,48,Preprocessed global MILP,5/4,2,optimal_numerical,True,pydantic,compact,1000000,366328,True,779635/4,194908.75,0.0,2.6925076999905286,245.14453125,between_stages,0.9577424000017345,0.4672781999979634,0.0028033999988110736,0.011311700000078417,0.0006825000018579885,0.46871650000684895,366328,72432,64637,10045,7821,1926,62396,64334,1922,143,2065,4,4,601,899,775525/4,6c0a4205ed277a1bc899d6fedf830fdb6edecc28cd8eeb1121695faa5e389e4d
873,48,Join-restricted MILP,5/4,3,optimal_numerical,True,pydantic,compact,1000000,366328,True,779635/4,194908.75,0.0,3.759553199997754,299.4375,between_stages,2.025214799999958,0.005657700006850064,0.12557740000193007,1.3290312999888556,0.06094489998940844,0.48998840000422206,366328,72432,64637,10045,0,0,0,0,0,1,1,64637,10045,74682,84727,104,775ab1094f195856fcfa4e0788e38826a29517282b72d8f663df86a1dad78a9f
874,48,Preprocessed global MILP,5/4,3,optimal_numerical,True,pydantic,compact,1000000,366328,True,779635/4,194908.75,0.0,2.664128799995524,245.74609375,between_stages,0.9547801000007894,0.4642867000075057,0.003126299998257309,0.012676399986958131,0.0007115000043995678,0.46667350000643637,366328,72432,64637,10045,7821,1926,62396,64334,1922,143,2065,4,4,601,899,775525/4,6c0a4205ed277a1bc899d6fedf830fdb6edecc28cd8eeb1121695faa5e389e4d
875,48,Global MILP baseline,5/4,3,optimal_numerical,True,pydantic,compact,1000000,366328,True,779635/4,194908.75,0.0,7.516609800004517,398.55859375,between_stages,5.800961400003871,0.007618299991008826,0.1983404999919003,5.03355009999359,0.06757040000229608,0.47661909999442287,366328,72432,64637,10045,0,0,0,0,0,1,1,64637,64637,129274,193911,104,0ba1c2c2f4a9219819bd0ec44b47698105bdf9055355ef141f318b9265911b72
876,48,Preprocessed global MILP,5/4,4,optimal_numerical,True,pydantic,compact,1000000,366328,True,779635/4,194908.75,0.0,2.689103900003829,249.01171875,between_stages,0.9653469000040786,0.470625599991763,0.0037795999960508198,0.013129600003594533,0.0007113000028766692,0.46945079999568406,366328,72432,64637,10045,7821,1926,62396,64334,1922,143,2065,4,4,601,899,775525/4,6c0a4205ed277a1bc899d6fedf830fdb6edecc28cd8eeb1121695faa5e389e4d
877,48,Global MILP baseline,5/4,4,optimal_numerical,True,pydantic,compact,1000000,366328,True,779635/4,194908.75,0.0,7.61143930000253,399.0,between_stages,5.842253299997537,0.007539500002167188,0.19996009999886155,5.07241750000685,0.0646547000069404,0.47885800000221934,366328,72432,64637,10045,0,0,0,0,0,1,1,64637,64637,129274,193911,104,0ba1c2c2f4a9219819bd0ec44b47698105bdf9055355ef141f318b9265911b72
878,48,Join-restricted MILP,5/4,4,optimal_numerical,True,pydantic,compact,1000000,366328,True,779635/4,194908.75,0.0,3.885300299996743,300.84375,between_stages,2.1083416000037687,0.00519670000358019,0.12546629999997094,1.3421712999988813,0.05859289999352768,0.5631458999996539,366328,72432,64637,10045,0,0,0,0,0,1,1,64637,10045,74682,84727,104,775ab1094f195856fcfa4e0788e38826a29517282b72d8f663df86a1dad78a9f
879,48,Preprocessed global MILP,5/4,5,optimal_numerical,True,pydantic,compact,1000000,366328,True,779635/4,194908.75,0.0,2.6928959999931976,251.8359375,between_stages,0.9695119999960298,0.47157209999568295,0.0028880000027129427,0.012354899998172186,0.000741399999242276,0.47474020000663586,366328,72432,64637,10045,7821,1926,62396,64334,1922,143,2065,4,4,601,899,775525/4,6c0a4205ed277a1bc899d6fedf830fdb6edecc28cd8eeb1121695faa5e389e4d
880,48,Join-restricted MILP,5/4,5,optimal_numerical,True,pydantic,compact,1000000,366328,True,779635/4,194908.75,0.0,3.819985000009183,297.74609375,between_stages,2.056328799997573,0.005489700008183718,0.1294812000123784,1.3583556999947177,0.059776800000690855,0.4892893000069307,366328,72432,64637,10045,0,0,0,0,0,1,1,64637,10045,74682,84727,104,775ab1094f195856fcfa4e0788e38826a29517282b72d8f663df86a1dad78a9f
881,48,Global MILP baseline,5/4,5,optimal_numerical,True,pydantic,compact,1000000,366328,True,779635/4,194908.75,0.0,7.620576500004972,398.3046875,between_stages,5.85670219999156,0.007921600001282059,0.19942790000641253,5.053055399999721,0.06585450000420678,0.5139626000018325,366328,72432,64637,10045,0,0,0,0,0,1,1,64637,64637,129274,193911,104,0ba1c2c2f4a9219819bd0ec44b47698105bdf9055355ef141f318b9265911b72
882,49,Global MILP baseline,5/4,0,optimal_numerical,True,aiohttp,compact,1000000,231531,True,503037/4,125759.25,0.0,3.468219999995199,264.078125,output_write,2.131655100005446,0.005559600002015941,0.11840819999633823,1.7679427999973996,0.035115299993776716,0.19262560000061058,231531,46482,41231,6397,0,0,0,0,0,1,1,41231,41231,82462,123693,54,849011366c8857934c885793058fb4286734f15fa0d1f5113e601155495ffe27
883,49,Preprocessed global MILP,5/4,0,optimal_numerical,True,aiohttp,compact,1000000,231531,True,503037/4,125759.25,0.0,1.7351686000038171,186.125,between_stages,0.5507835000025807,0.2441594999982044,0.0022144999966258183,0.008852800005115569,0.0003799999976763502,0.288683899998432,231531,46482,41231,6397,4900,1340,39722,41074,1337,77,1414,3,3,314,471,125217,9dfefa849e7b2def72679708cf39f09c28c47cfc8b92b9e60e5e53c928c44c70
884,49,Join-restricted MILP,5/4,0,optimal_numerical,True,aiohttp,compact,1000000,231531,True,503037/4,125759.25,0.0,2.2108200999937253,214.10546875,between_stages,0.944644099989091,0.003845799990813248,0.07400940000661649,0.6528976000117837,0.03244979999726638,0.17080890000215732,231531,46482,41231,6397,0,0,0,0,0,1,1,41231,6397,47628,54025,54,c3cd94cea44857a595dc551e6d61ba53073ad1fc8218570e26f6adfc7bc74b95
885,49,Join-restricted MILP,5/4,1,optimal_numerical,True,aiohttp,compact,1000000,231531,True,503037/4,125759.25,0.0,2.219307099992875,214.01171875,between_stages,0.9143226000014693,0.004431499997735955,0.07331469999917317,0.6260445000079926,0.031483400001889095,0.16846020000230055,231531,46482,41231,6397,0,0,0,0,0,1,1,41231,6397,47628,54025,54,c3cd94cea44857a595dc551e6d61ba53073ad1fc8218570e26f6adfc7bc74b95
886,49,Global MILP baseline,5/4,1,optimal_numerical,True,aiohttp,compact,1000000,231531,True,503037/4,125759.25,0.0,3.414201099993079,267.2265625,between_stages,2.1246449000027496,0.005676600005244836,0.11918360000709072,1.7821515999967232,0.03533709999464918,0.16966559999855235,231531,46482,41231,6397,0,0,0,0,0,1,1,41231,41231,82462,123693,54,849011366c8857934c885793058fb4286734f15fa0d1f5113e601155495ffe27
887,49,Preprocessed global MILP,5/4,1,optimal_numerical,True,aiohttp,compact,1000000,231531,True,503037/4,125759.25,0.0,1.769750200008275,184.45703125,between_stages,0.5648981999984244,0.24709710000024643,0.0028578999917954206,0.009275100004742853,0.00041280000004917383,0.30003909999504685,231531,46482,41231,6397,4900,1340,39722,41074,1337,77,1414,3,3,314,471,125217,9dfefa849e7b2def72679708cf39f09c28c47cfc8b92b9e60e5e53c928c44c70
888,49,Join-restricted MILP,5/4,2,optimal_numerical,True,aiohttp,compact,1000000,231531,True,503037/4,125759.25,0.0,2.265113300003577,214.703125,between_stages,0.9441026999993483,0.004047299997182563,0.07224700000369921,0.6462833000114188,0.03135679999832064,0.1797591999929864,231531,46482,41231,6397,0,0,0,0,0,1,1,41231,6397,47628,54025,54,c3cd94cea44857a595dc551e6d61ba53073ad1fc8218570e26f6adfc7bc74b95
889,49,Preprocessed global MILP,5/4,2,optimal_numerical,True,aiohttp,compact,1000000,231531,True,503037/4,125759.25,0.0,1.7049102000019047,183.515625,between_stages,0.5375442999938969,0.2475988999940455,0.0026566000015009195,0.008223400000133552,0.00044319999869912863,0.27350540000770707,231531,46482,41231,6397,4900,1340,39722,41074,1337,77,1414,3,3,314,471,125217,9dfefa849e7b2def72679708cf39f09c28c47cfc8b92b9e60e5e53c928c44c70
890,49,Global MILP baseline,5/4,2,optimal_numerical,True,aiohttp,compact,1000000,231531,True,503037/4,125759.25,0.0,3.4170229000010295,266.66015625,output_write,2.1509758999891346,0.005253600000287406,0.11851519999618176,1.808923100004904,0.0345989999914309,0.1713346000033198,231531,46482,41231,6397,0,0,0,0,0,1,1,41231,41231,82462,123693,54,849011366c8857934c885793058fb4286734f15fa0d1f5113e601155495ffe27
891,49,Preprocessed global MILP,5/4,3,optimal_numerical,True,aiohttp,compact,1000000,231531,True,503037/4,125759.25,0.0,1.7164145999995526,185.46875,between_stages,0.535834900001646,0.24641880000126548,0.0022176999918883666,0.010242600008496083,0.00046120000479277223,0.2708726000128081,231531,46482,41231,6397,4900,1340,39722,41074,1337,77,1414,3,3,314,471,125217,9dfefa849e7b2def72679708cf39f09c28c47cfc8b92b9e60e5e53c928c44c70
892,49,Global MILP baseline,5/4,3,optimal_numerical,True,aiohttp,compact,1000000,231531,True,503037/4,125759.25,0.0,3.408899599991855,264.8671875,between_stages,2.135088699986227,0.005732799996621907,0.11896649999835063,1.7918659999995725,0.035066800002823584,0.17100159999972675,231531,46482,41231,6397,0,0,0,0,0,1,1,41231,41231,82462,123693,54,849011366c8857934c885793058fb4286734f15fa0d1f5113e601155495ffe27
893,49,Join-restricted MILP,5/4,3,optimal_numerical,True,aiohttp,compact,1000000,231531,True,503037/4,125759.25,0.0,2.22053569999116,213.625,between_stages,0.9193260000029113,0.003631700004916638,0.07185100000060629,0.6322668999928283,0.032065700012026355,0.169054000012693,231531,46482,41231,6397,0,0,0,0,0,1,1,41231,6397,47628,54025,54,c3cd94cea44857a595dc551e6d61ba53073ad1fc8218570e26f6adfc7bc74b95
894,49,Preprocessed global MILP,5/4,4,optimal_numerical,True,aiohttp,compact,1000000,231531,True,503037/4,125759.25,0.0,1.722366800007876,181.60546875,between_stages,0.5725621000019601,0.25333770000725053,0.002773600004729815,0.0077455999999074265,0.00040979999175760895,0.3006642000109423,231531,46482,41231,6397,4900,1340,39722,41074,1337,77,1414,3,3,314,471,125217,9dfefa849e7b2def72679708cf39f09c28c47cfc8b92b9e60e5e53c928c44c70
895,49,Join-restricted MILP,5/4,4,optimal_numerical,True,aiohttp,compact,1000000,231531,True,503037/4,125759.25,0.0,2.1951584000053117,214.16796875,between_stages,0.9201605999987805,0.0038456999900517985,0.07488270000612829,0.6274253000010503,0.031181899990770034,0.17273620000923984,231531,46482,41231,6397,0,0,0,0,0,1,1,41231,6397,47628,54025,54,c3cd94cea44857a595dc551e6d61ba53073ad1fc8218570e26f6adfc7bc74b95
896,49,Global MILP baseline,5/4,4,optimal_numerical,True,aiohttp,compact,1000000,231531,True,503037/4,125759.25,0.0,3.4052914999920176,266.0703125,between_stages,2.113497800004552,0.00533160001214128,0.11868740001227707,1.7700386000069557,0.03542420000303537,0.17228780000004917,231531,46482,41231,6397,0,0,0,0,0,1,1,41231,41231,82462,123693,54,849011366c8857934c885793058fb4286734f15fa0d1f5113e601155495ffe27
897,49,Global MILP baseline,5/4,5,optimal_numerical,True,aiohttp,compact,1000000,231531,True,503037/4,125759.25,0.0,3.421533400003682,266.3515625,output_write,2.1485918999969726,0.005522399995243177,0.12055569999211002,1.7985259999986738,0.03475179999077227,0.17700070000137202,231531,46482,41231,6397,0,0,0,0,0,1,1,41231,41231,82462,123693,54,849011366c8857934c885793058fb4286734f15fa0d1f5113e601155495ffe27
898,49,Join-restricted MILP,5/4,5,optimal_numerical,True,aiohttp,compact,1000000,231531,True,503037/4,125759.25,0.0,2.1882459000044037,213.30859375,external_check,0.9210088999971049,0.0037278999952832237,0.07348560000536963,0.6304495000076713,0.030676500013214536,0.17181870000786148,231531,46482,41231,6397,0,0,0,0,0,1,1,41231,6397,47628,54025,54,c3cd94cea44857a595dc551e6d61ba53073ad1fc8218570e26f6adfc7bc74b95
899,49,Preprocessed global MILP,5/4,5,optimal_numerical,True,aiohttp,compact,1000000,231531,True,503037/4,125759.25,0.0,1.7089115000126185,182.3984375,between_stages,0.5364723999955459,0.25138429999060463,0.0023308999952860177,0.00744499999564141,0.00040210000588558614,0.26979649999702815,231531,46482,41231,6397,4900,1340,39722,41074,1337,77,1414,3,3,314,471,125217,9dfefa849e7b2def72679708cf39f09c28c47cfc8b92b9e60e5e53c928c44c70
900,50,Join-restricted MILP,5/4,0,optimal_numerical,True,matplotlib,fielded,1000000,1011144,True,1762767/4,440691.75,0.0,16.306069500002195,725.03515625,between_stages,11.750512600003276,0.014037799992365763,0.3814144999923883,10.196588699996937,0.17684289999306202,0.9352020000078483,1011144,230852,204845,21803,0,0,0,0,0,1,1,204845,21803,226648,248451,76,0d244c5ced847a2988238dfc11a9347263243aec05f9da71bb59cc13cd798e1a
901,50,Global MILP baseline,5/4,0,limit_feasible,True,matplotlib,fielded,1000000,1011144,False,1775575/4,440609.25,0.007399293186714163,33.66170009999769,1019.96875,between_stages,29.102279000013368,0.02167149999877438,0.633569500001613,27.266452700001537,0.19341939999139868,0.9280625999963377,1011144,230852,204845,21803,0,0,0,0,0,1,1,204845,204845,409690,614535,76,d31c3fb1549e9ee0426e486b24ddafdad99afac35a74e81c1ae1ec82356c9254
902,50,Preprocessed global MILP,5/4,0,optimal_numerical,True,matplotlib,fielded,1000000,1011144,True,1762767/4,440691.75,0.0,7.072594800003571,560.6796875,between_stages,2.5324262000067392,1.5315386000002036,0.005592599991359748,0.05178719999094028,0.0017332999996142462,0.920898299998953,1011144,230852,204845,21803,15087,5829,197749,203882,5775,294,6069,8,7,1850,2737,1751731/4,6d47ae2cf644d8873dd899f876ae861b8eacd42c87ac6299fd2b2f2e4775c09c
903,50,Join-restricted MILP,5/4,1,optimal_numerical,True,matplotlib,fielded,1000000,1011144,True,1762767/4,440691.75,0.0,16.29485000000568,725.93359375,between_stages,11.74201699999685,0.01419230000465177,0.38397369999438524,10.192806799997925,0.17460810000193305,0.9288877999933902,1011144,230852,204845,21803,0,0,0,0,0,1,1,204845,21803,226648,248451,76,0d244c5ced847a2988238dfc11a9347263243aec05f9da71bb59cc13cd798e1a
904,50,Preprocessed global MILP,5/4,1,optimal_numerical,True,matplotlib,fielded,1000000,1011144,True,1762767/4,440691.75,0.0,7.210340500008897,564.859375,between_stages,2.5835895000054734,1.5397495000070194,0.006075799989048392,0.05054490000475198,0.001781899991328828,0.9657026999921072,1011144,230852,204845,21803,15087,5829,197749,203882,5775,294,6069,8,7,1850,2737,1751731/4,6d47ae2cf644d8873dd899f876ae861b8eacd42c87ac6299fd2b2f2e4775c09c
905,50,Global MILP baseline,5/4,1,limit_feasible,True,matplotlib,fielded,1000000,1011144,False,1775575/4,440609.25,0.007399293186714163,33.78296340000816,1019.84375,between_stages,29.16808519999904,0.02310260001104325,0.6422744000010425,27.304466900008265,0.19410570000763983,0.9393350000027567,1011144,230852,204845,21803,0,0,0,0,0,1,1,204845,204845,409690,614535,76,d31c3fb1549e9ee0426e486b24ddafdad99afac35a74e81c1ae1ec82356c9254
906,50,Preprocessed global MILP,5/4,2,optimal_numerical,True,matplotlib,fielded,1000000,1011144,True,1762767/4,440691.75,0.0,7.081570499998634,560.83984375,between_stages,2.544343999994453,1.5378783000051044,0.005558000004384667,0.05799210000259336,0.0017186999903060496,0.9212555999984033,1011144,230852,204845,21803,15087,5829,197749,203882,5775,294,6069,8,7,1850,2737,1751731/4,6d47ae2cf644d8873dd899f876ae861b8eacd42c87ac6299fd2b2f2e4775c09c
907,50,Global MILP baseline,5/4,2,limit_feasible,True,matplotlib,fielded,1000000,1011144,False,1775575/4,440609.25,0.007399293186714163,32.829345300007844,1019.05859375,between_stages,28.300864199991338,0.020898999995552003,0.638514899997972,26.436433700000634,0.19935130000521895,0.9436770000029355,1011144,230852,204845,21803,0,0,0,0,0,1,1,204845,204845,409690,614535,76,d31c3fb1549e9ee0426e486b24ddafdad99afac35a74e81c1ae1ec82356c9254
908,50,Join-restricted MILP,5/4,2,optimal_numerical,True,matplotlib,fielded,1000000,1011144,True,1762767/4,440691.75,0.0,16.57748100000026,727.5703125,between_stages,11.92557740000484,0.013802900008158758,0.39423879999958444,10.308246300002793,0.17804480000631884,0.9814995999913663,1011144,230852,204845,21803,0,0,0,0,0,1,1,204845,21803,226648,248451,76,0d244c5ced847a2988238dfc11a9347263243aec05f9da71bb59cc13cd798e1a
909,50,Preprocessed global MILP,5/4,3,optimal_numerical,True,matplotlib,fielded,1000000,1011144,True,1762767/4,440691.75,0.0,7.181655200009118,570.765625,between_stages,2.5699789999925997,1.543837600009283,0.0052288000006228685,0.05367870000191033,0.001750499999616295,0.944991199998185,1011144,230852,204845,21803,15087,5829,197749,203882,5775,294,6069,8,7,1850,2737,1751731/4,6d47ae2cf644d8873dd899f876ae861b8eacd42c87ac6299fd2b2f2e4775c09c
910,50,Join-restricted MILP,5/4,3,optimal_numerical,True,matplotlib,fielded,1000000,1011144,True,1762767/4,440691.75,0.0,16.417822299990803,725.984375,between_stages,11.82598730000609,0.013411200008704327,0.39124050000100397,10.249623800002155,0.1774195000034524,0.9436423000006471,1011144,230852,204845,21803,0,0,0,0,0,1,1,204845,21803,226648,248451,76,0d244c5ced847a2988238dfc11a9347263243aec05f9da71bb59cc13cd798e1a
911,50,Global MILP baseline,5/4,3,limit_feasible,True,matplotlib,fielded,1000000,1011144,False,1775575/4,440609.25,0.007399293186714163,32.82861470000353,1019.3984375,between_stages,28.258555799999158,0.02220330000272952,0.6463636999978917,26.390733599997475,0.19601739999779966,0.9434728999913204,1011144,230852,204845,21803,0,0,0,0,0,1,1,204845,204845,409690,614535,76,d31c3fb1549e9ee0426e486b24ddafdad99afac35a74e81c1ae1ec82356c9254
912,50,Global MILP baseline,5/4,4,limit_feasible,True,matplotlib,fielded,1000000,1011144,False,1775575/4,440609.25,0.007399293186714163,33.1211486000102,1020.484375,between_stages,28.48749479999242,0.021465199999511242,0.6501955999992788,26.54709130000265,0.2039956000080565,1.0041834000003291,1011144,230852,204845,21803,0,0,0,0,0,1,1,204845,204845,409690,614535,76,d31c3fb1549e9ee0426e486b24ddafdad99afac35a74e81c1ae1ec82356c9254
913,50,Join-restricted MILP,5/4,4,optimal_numerical,True,matplotlib,fielded,1000000,1011144,True,1762767/4,440691.75,0.0,16.979656099996646,726.84765625,between_stages,12.238346300000558,0.014141000006929971,0.4053353000053903,10.588408800002071,0.18585959999472834,0.9940578000096139,1011144,230852,204845,21803,0,0,0,0,0,1,1,204845,21803,226648,248451,76,0d244c5ced847a2988238dfc11a9347263243aec05f9da71bb59cc13cd798e1a
914,50,Preprocessed global MILP,5/4,4,optimal_numerical,True,matplotlib,fielded,1000000,1011144,True,1762767/4,440691.75,0.0,7.403895099996589,564.5234375,between_stages,2.646761099997093,1.6016872999898624,0.006060200001229532,0.05302690000098664,0.0018522000027587637,0.963799499993911,1011144,230852,204845,21803,15087,5829,197749,203882,5775,294,6069,8,7,1850,2737,1751731/4,6d47ae2cf644d8873dd899f876ae861b8eacd42c87ac6299fd2b2f2e4775c09c
915,50,Global MILP baseline,5/4,5,limit_feasible,True,matplotlib,fielded,1000000,1011144,False,1775575/4,440601.5,0.007416752319671092,33.26607850000437,1019.25390625,between_stages,28.444575100002112,0.024755599995842203,0.675580600000103,26.48434890000499,0.2040089999936754,0.9949053000018466,1011144,230852,204845,21803,0,0,0,0,0,1,1,204845,204845,409690,614535,76,d31c3fb1549e9ee0426e486b24ddafdad99afac35a74e81c1ae1ec82356c9254
916,50,Preprocessed global MILP,5/4,5,optimal_numerical,True,matplotlib,fielded,1000000,1011144,True,1762767/4,440691.75,0.0,7.536358199999086,564.52734375,between_stages,2.679213900002651,1.5981385999912163,0.005573300004471093,0.053779199995915405,0.001778100006049499,0.9981635000003735,1011144,230852,204845,21803,15087,5829,197749,203882,5775,294,6069,8,7,1850,2737,1751731/4,6d47ae2cf644d8873dd899f876ae861b8eacd42c87ac6299fd2b2f2e4775c09c
917,50,Join-restricted MILP,5/4,5,optimal_numerical,True,matplotlib,fielded,1000000,1011144,True,1762767/4,440691.75,0.0,16.951026299997466,726.96484375,between_stages,12.23506580000685,0.014051700010895729,0.4036400000040885,10.603144500011695,0.1793928999977652,0.9827409999998054,1011144,230852,204845,21803,0,0,0,0,0,1,1,204845,21803,226648,248451,76,0d244c5ced847a2988238dfc11a9347263243aec05f9da71bb59cc13cd798e1a
918,51,Join-restricted MILP,5/4,0,optimal_numerical,True,pydantic,fielded,1000000,668703,True,513249/2,256624.5,0.0,11.293059599993285,490.03125,between_stages,8.27431730000535,0.008974500000476837,0.2440892000013264,7.278168199991342,0.12117300000682008,0.5951969000016106,668703,126352,118557,15146,0,0,0,0,0,1,1,118557,15146,133703,148849,104,24dd85ad9e29a9ac9738232f064dd19e726431e0491de8e459663ee4f0c71bda
919,51,Preprocessed global MILP,5/4,0,optimal_numerical,True,pydantic,fielded,1000000,668703,True,513249/2,256624.5,0.0,4.6740609999978915,371.890625,between_stages,1.6454307999956654,1.0056964999967022,0.005332200002158061,0.03647130000172183,0.001512999995611608,0.5833431999926688,668703,126352,118557,15146,10418,4065,113498,117822,4017,223,4240,6,5,1398,2061,509095/2,950b29120085d82de8f3e1ac1150c56e5aec916dad6c60a9aa43acf2dd746cfc
920,51,Global MILP baseline,5/4,0,limit_feasible,True,pydantic,fielded,1000000,668703,False,513249/2,256564.0,0.00023575301656700743,31.426545299997088,836.4140625,between_stages,28.411443100005272,0.013997500005643815,0.39540339999075513,27.255624800003716,0.1271648000110872,0.5861637999914819,668703,126352,118557,15146,0,0,0,0,0,1,1,118557,118557,237114,355671,104,e661344c121715bb2266e23cd770b3dc1968841b7d5032d7fa61abf51b44d5b5
921,51,Preprocessed global MILP,5/4,1,optimal_numerical,True,pydantic,fielded,1000000,668703,True,513249/2,256624.5,0.0,4.5822287000046344,369.34375,between_stages,1.5789386999967974,0.9477573000040138,0.005012199995690025,0.035575599991716444,0.0014645999908680096,0.5751709000032861,668703,126352,118557,15146,10418,4065,113498,117822,4017,223,4240,6,5,1398,2061,509095/2,950b29120085d82de8f3e1ac1150c56e5aec916dad6c60a9aa43acf2dd746cfc
922,51,Global MILP baseline,5/4,1,limit_feasible,True,pydantic,fielded,1000000,668703,False,513249/2,256564.0,0.00023575301656700743,31.435026899998775,840.9375,between_stages,28.383975000004284,0.01381740000215359,0.39180100000521634,27.222778900002595,0.12647780000406783,0.5970720000041183,668703,126352,118557,15146,0,0,0,0,0,1,1,118557,118557,237114,355671,104,e661344c121715bb2266e23cd770b3dc1968841b7d5032d7fa61abf51b44d5b5
923,51,Join-restricted MILP,5/4,1,optimal_numerical,True,pydantic,fielded,1000000,668703,True,513249/2,256624.5,0.0,11.315535000001546,489.953125,between_stages,8.278683500000625,0.008580599998822436,0.2479485000076238,7.2751496999990195,0.11558650000370108,0.6041314999893075,668703,126352,118557,15146,0,0,0,0,0,1,1,118557,15146,133703,148849,104,24dd85ad9e29a9ac9738232f064dd19e726431e0491de8e459663ee4f0c71bda
924,51,Preprocessed global MILP,5/4,2,optimal_numerical,True,pydantic,fielded,1000000,668703,True,513249/2,256624.5,0.0,4.564834699995117,367.4921875,between_stages,1.5960420000046724,0.9700429000076838,0.004704699997091666,0.03638890000001993,0.001529599991044961,0.5703517999936594,668703,126352,118557,15146,10418,4065,113498,117822,4017,223,4240,6,5,1398,2061,509095/2,950b29120085d82de8f3e1ac1150c56e5aec916dad6c60a9aa43acf2dd746cfc
925,51,Join-restricted MILP,5/4,2,optimal_numerical,True,pydantic,fielded,1000000,668703,True,513249/2,256624.5,0.0,11.273736000002827,490.82421875,between_stages,8.242450499994447,0.008890600001905113,0.243774200003827,7.270409399992786,0.11559270000725519,0.5762095999962185,668703,126352,118557,15146,0,0,0,0,0,1,1,118557,15146,133703,148849,104,24dd85ad9e29a9ac9738232f064dd19e726431e0491de8e459663ee4f0c71bda
926,51,Global MILP baseline,5/4,2,limit_feasible,True,pydantic,fielded,1000000,668703,False,513249/2,256564.0,0.00023575301656700743,30.986669300007634,830.23046875,between_stages,27.930678600008832,0.013080400007311255,0.3992846000037389,26.75306859999546,0.1256567999953404,0.605782900005579,668703,126352,118557,15146,0,0,0,0,0,1,1,118557,118557,237114,355671,104,e661344c121715bb2266e23cd770b3dc1968841b7d5032d7fa61abf51b44d5b5
927,51,Global MILP baseline,5/4,3,limit_feasible,True,pydantic,fielded,1000000,668703,False,513249/2,256564.0,0.00023575301656700743,31.13770310000109,839.62109375,between_stages,28.179039499998908,0.013267499991343357,0.4034092999936547,27.015402299992274,0.13571519999823067,0.5788095000025351,668703,126352,118557,15146,0,0,0,0,0,1,1,118557,118557,237114,355671,104,e661344c121715bb2266e23cd770b3dc1968841b7d5032d7fa61abf51b44d5b5
928,51,Join-restricted MILP,5/4,3,optimal_numerical,True,pydantic,fielded,1000000,668703,True,513249/2,256624.5,0.0,11.258476400005748,489.7578125,between_stages,8.225386599995545,0.008546900004148483,0.24920530000235885,7.224174700008007,0.11447460000636056,0.6024058000039076,668703,126352,118557,15146,0,0,0,0,0,1,1,118557,15146,133703,148849,104,24dd85ad9e29a9ac9738232f064dd19e726431e0491de8e459663ee4f0c71bda
929,51,Preprocessed global MILP,5/4,3,optimal_numerical,True,pydantic,fielded,1000000,668703,True,513249/2,256624.5,0.0,4.568303499996546,367.671875,between_stages,1.6051717000082135,0.9634619999997085,0.0043544999934965745,0.03571199999714736,0.0014700000028824434,0.5873255999904359,668703,126352,118557,15146,10418,4065,113498,117822,4017,223,4240,6,5,1398,2061,509095/2,950b29120085d82de8f3e1ac1150c56e5aec916dad6c60a9aa43acf2dd746cfc
930,51,Global MILP baseline,5/4,4,limit_feasible,True,pydantic,fielded,1000000,668703,False,513249/2,256564.0,0.00023575301656700743,31.244734799998696,844.4609375,between_stages,28.24322160000156,0.014802800011239015,0.4061478000076022,27.062645099998917,0.12650049998774193,0.596892100002151,668703,126352,118557,15146,0,0,0,0,0,1,1,118557,118557,237114,355671,104,e661344c121715bb2266e23cd770b3dc1968841b7d5032d7fa61abf51b44d5b5
931,51,Preprocessed global MILP,5/4,4,optimal_numerical,True,pydantic,fielded,1000000,668703,True,513249/2,256624.5,0.0,4.493435800002771,372.18359375,between_stages,1.5588181000057375,0.9441905999992741,0.004819099995074794,0.03480900000431575,0.0016264000005321577,0.559783000004245,668703,126352,118557,15146,10418,4065,113498,117822,4017,223,4240,6,5,1398,2061,509095/2,950b29120085d82de8f3e1ac1150c56e5aec916dad6c60a9aa43acf2dd746cfc
932,51,Join-restricted MILP,5/4,4,optimal_numerical,True,pydantic,fielded,1000000,668703,True,513249/2,256624.5,0.0,11.2116468000022,490.859375,between_stages,8.219840600009775,0.008418800003710203,0.24527410000155214,7.212104200007161,0.12021030001051258,0.6068868000002112,668703,126352,118557,15146,0,0,0,0,0,1,1,118557,15146,133703,148849,104,24dd85ad9e29a9ac9738232f064dd19e726431e0491de8e459663ee4f0c71bda
933,51,Join-restricted MILP,5/4,5,optimal_numerical,True,pydantic,fielded,1000000,668703,True,513249/2,256624.5,0.0,11.555294300007517,490.46484375,between_stages,8.463856200003647,0.011807899994892068,0.2532214999955613,7.430492700004834,0.12013569999544416,0.6210387000028277,668703,126352,118557,15146,0,0,0,0,0,1,1,118557,15146,133703,148849,104,24dd85ad9e29a9ac9738232f064dd19e726431e0491de8e459663ee4f0c71bda
934,51,Global MILP baseline,5/4,5,limit_feasible,True,pydantic,fielded,1000000,668703,False,513249/2,256564.0,0.00023575301656700743,31.3038446999999,813.49609375,between_stages,28.224831200001063,0.013603499988676049,0.4038275000057183,27.049970799998846,0.12743290000071283,0.5972414999996545,668703,126352,118557,15146,0,0,0,0,0,1,1,118557,118557,237114,355671,104,e661344c121715bb2266e23cd770b3dc1968841b7d5032d7fa61abf51b44d5b5
935,51,Preprocessed global MILP,5/4,5,optimal_numerical,True,pydantic,fielded,1000000,668703,True,513249/2,256624.5,0.0,4.685872000001837,367.0546875,between_stages,1.6205856999877142,0.9678311000025133,0.005247700013569556,0.03657760001078714,0.001487100002123043,0.5956726000003982,668703,126352,118557,15146,10418,4065,113498,117822,4017,223,4240,6,5,1398,2061,509095/2,950b29120085d82de8f3e1ac1150c56e5aec916dad6c60a9aa43acf2dd746cfc
936,52,Preprocessed global MILP,5/4,0,optimal_numerical,True,aiohttp,fielded,1000000,426119,True,334393/2,167196.5,0.0,2.8492925000027753,259.85546875,between_stages,0.8661921000020811,0.4964064999949187,0.0031716000084998086,0.023988299988559447,0.0008431000023847446,0.33144110000284854,426119,81997,76746,10321,6764,3179,72957,76323,3151,126,3277,7,5,801,1179,165994,259201c5e718c9cb46bda4ad735b3a6389f97c7034c321992e3360e7273a71dc
937,52,Global MILP baseline,5/4,0,optimal_numerical,True,aiohttp,fielded,1000000,426119,True,334393/2,167196.5,0.0,13.023007299998426,476.3828125,between_stages,11.081306099993526,0.009214100005920045,0.24188479999429546,10.42211889999453,0.06669720000354573,0.3219304999947781,426119,81997,76746,10321,0,0,0,0,0,1,1,76746,76746,153492,230238,54,06eec9b341ffeffa015754cc94008cb241b040ac61ac98966491e8b19b611f79
938,52,Join-restricted MILP,5/4,0,optimal_numerical,True,aiohttp,fielded,1000000,426119,True,334393/2,167196.5,0.0,6.470941400009906,345.5625,between_stages,4.536244400005671,0.006237399997189641,0.1409477999986848,3.9888444999960484,0.06074669999361504,0.3225508000032278,426119,81997,76746,10321,0,0,0,0,0,1,1,76746,10321,87067,97388,54,43dde71b4cee31fc9f4fe0ac070b068be8d6b2a80795bc10ac913121a8188740
939,52,Preprocessed global MILP,5/4,1,optimal_numerical,True,aiohttp,fielded,1000000,426119,True,334393/2,167196.5,0.0,2.725893399998313,260.34765625,between_stages,0.815974199998891,0.4669796999951359,0.0030509999924106523,0.021466999998665415,0.0008428000001003966,0.31495770000037737,426119,81997,76746,10321,6764,3179,72957,76323,3151,126,3277,7,5,801,1179,165994,259201c5e718c9cb46bda4ad735b3a6389f97c7034c321992e3360e7273a71dc
940,52,Join-restricted MILP,5/4,1,optimal_numerical,True,aiohttp,fielded,1000000,426119,True,334393/2,167196.5,0.0,6.445651899994118,344.6640625,between_stages,4.505482099993969,0.0057027000002563,0.14370649999182206,3.953141299993149,0.059072100004414096,0.3264067999989493,426119,81997,76746,10321,0,0,0,0,0,1,1,76746,10321,87067,97388,54,43dde71b4cee31fc9f4fe0ac070b068be8d6b2a80795bc10ac913121a8188740
941,52,Global MILP baseline,5/4,1,optimal_numerical,True,aiohttp,fielded,1000000,426119,True,334393/2,167196.5,0.0,12.515216200001305,473.87890625,between_stages,10.650141300007817,0.010906399998930283,0.23350899999786634,9.994546799993259,0.06620060000568628,0.3249826999963261,426119,81997,76746,10321,0,0,0,0,0,1,1,76746,76746,153492,230238,54,06eec9b341ffeffa015754cc94008cb241b040ac61ac98966491e8b19b611f79
942,52,Global MILP baseline,5/4,2,optimal_numerical,True,aiohttp,fielded,1000000,426119,True,334393/2,167196.5,0.0,12.509032899994054,475.0546875,between_stages,10.63796629999706,0.008935999998357147,0.23301050000009127,9.973809600007371,0.06739540000853594,0.3317047000018647,426119,81997,76746,10321,0,0,0,0,0,1,1,76746,76746,153492,230238,54,06eec9b341ffeffa015754cc94008cb241b040ac61ac98966491e8b19b611f79
943,52,Join-restricted MILP,5/4,2,optimal_numerical,True,aiohttp,fielded,1000000,426119,True,334393/2,167196.5,0.0,6.510760699995444,344.3125,between_stages,4.587321099999826,0.006384499996784143,0.14069249999010935,4.0132875999988755,0.06105030000617262,0.3492273000010755,426119,81997,76746,10321,0,0,0,0,0,1,1,76746,10321,87067,97388,54,43dde71b4cee31fc9f4fe0ac070b068be8d6b2a80795bc10ac913121a8188740
944,52,Preprocessed global MILP,5/4,2,optimal_numerical,True,aiohttp,fielded,1000000,426119,True,334393/2,167196.5,0.0,2.691338300006464,260.45703125,between_stages,0.821747800000594,0.47493280000344384,0.003922000003512949,0.021252499995171092,0.0008454999915556982,0.3112464000005275,426119,81997,76746,10321,6764,3179,72957,76323,3151,126,3277,7,5,801,1179,165994,259201c5e718c9cb46bda4ad735b3a6389f97c7034c321992e3360e7273a71dc
945,52,Global MILP baseline,5/4,3,optimal_numerical,True,aiohttp,fielded,1000000,426119,True,334393/2,167196.5,0.0,12.583143299998483,474.53515625,between_stages,10.642461199997342,0.009841999999480322,0.23306450000382029,9.994521400003578,0.0661571999953594,0.31931099999928847,426119,81997,76746,10321,0,0,0,0,0,1,1,76746,76746,153492,230238,54,06eec9b341ffeffa015754cc94008cb241b040ac61ac98966491e8b19b611f79
946,52,Preprocessed global MILP,5/4,3,optimal_numerical,True,aiohttp,fielded,1000000,426119,True,334393/2,167196.5,0.0,2.7067536000104155,263.0,between_stages,0.8316297999990638,0.47739240000373684,0.003972599995904602,0.022935300003155135,0.0009606000094208866,0.3168525000073714,426119,81997,76746,10321,6764,3179,72957,76323,3151,126,3277,7,5,801,1179,165994,259201c5e718c9cb46bda4ad735b3a6389f97c7034c321992e3360e7273a71dc
947,52,Join-restricted MILP,5/4,3,optimal_numerical,True,aiohttp,fielded,1000000,426119,True,334393/2,167196.5,0.0,6.48501830000896,344.01953125,between_stages,4.545943400007673,0.006501099996967241,0.14073009999992792,4.001561000011861,0.06008779999683611,0.32003389998862986,426119,81997,76746,10321,0,0,0,0,0,1,1,76746,10321,87067,97388,54,43dde71b4cee31fc9f4fe0ac070b068be8d6b2a80795bc10ac913121a8188740
948,52,Join-restricted MILP,5/4,4,optimal_numerical,True,aiohttp,fielded,1000000,426119,True,334393/2,167196.5,0.0,6.438900999986799,345.3828125,between_stages,4.541825199994491,0.005764000001363456,0.14059589999669697,3.9922891999885906,0.06016680000175256,0.32630950000020675,426119,81997,76746,10321,0,0,0,0,0,1,1,76746,10321,87067,97388,54,43dde71b4cee31fc9f4fe0ac070b068be8d6b2a80795bc10ac913121a8188740
949,52,Global MILP baseline,5/4,4,optimal_numerical,True,aiohttp,fielded,1000000,426119,True,334393/2,167196.5,0.0,12.54625230000238,475.1953125,between_stages,10.64200969999365,0.008509899998898618,0.23046940000494942,9.98951310000848,0.06649480000487529,0.3271193999971729,426119,81997,76746,10321,0,0,0,0,0,1,1,76746,76746,153492,230238,54,06eec9b341ffeffa015754cc94008cb241b040ac61ac98966491e8b19b611f79
950,52,Preprocessed global MILP,5/4,4,optimal_numerical,True,aiohttp,fielded,1000000,426119,True,334393/2,167196.5,0.0,2.7295847999921534,260.390625,between_stages,0.8413711000030162,0.47408200000063516,0.0031952999997884035,0.020957700005965307,0.0008311999990837649,0.3330487999919569,426119,81997,76746,10321,6764,3179,72957,76323,3151,126,3277,7,5,801,1179,165994,259201c5e718c9cb46bda4ad735b3a6389f97c7034c321992e3360e7273a71dc
951,52,Join-restricted MILP,5/4,5,optimal_numerical,True,aiohttp,fielded,1000000,426119,True,334393/2,167196.5,0.0,6.495676699996693,344.46484375,between_stages,4.588888800004497,0.005743900008383207,0.14130550000118092,4.015115799993509,0.06443569999828469,0.3457237999973586,426119,81997,76746,10321,0,0,0,0,0,1,1,76746,10321,87067,97388,54,43dde71b4cee31fc9f4fe0ac070b068be8d6b2a80795bc10ac913121a8188740
952,52,Preprocessed global MILP,5/4,5,optimal_numerical,True,aiohttp,fielded,1000000,426119,True,334393/2,167196.5,0.0,2.8453518999886,259.80859375,between_stages,0.8771820999972988,0.5001022000069497,0.004724200000055134,0.02320290000352543,0.0009279000078095123,0.33813499999814667,426119,81997,76746,10321,6764,3179,72957,76323,3151,126,3277,7,5,801,1179,165994,259201c5e718c9cb46bda4ad735b3a6389f97c7034c321992e3360e7273a71dc
953,52,Global MILP baseline,5/4,5,optimal_numerical,True,aiohttp,fielded,1000000,426119,True,334393/2,167196.5,0.0,13.297732899998664,473.7109375,between_stages,11.239765399994212,0.012546999991172925,0.24271609999414068,10.55098650000582,0.06771029999072198,0.3452783999964595,426119,81997,76746,10321,0,0,0,0,0,1,1,76746,76746,153492,230238,54,06eec9b341ffeffa015754cc94008cb241b040ac61ac98966491e8b19b611f79
954,53,Preprocessed global MILP,5/4,0,optimal_numerical,True,jsonschema,fielded,1000000,167196,True,250681/4,62670.25,0.0,1.211139799997909,146.50390625,between_stages,0.29527599998982623,0.15720889999647625,0.0024974999978439882,0.0152109000046039,0.00046290000318549573,0.1140917000011541,167196,31931,29576,3473,2464,854,28480,29405,841,52,893,7,6,326,481,62172,2d5a5fc201d9dc55385fbe6f0c5a4c9444e9ccc12411e7e043693e7daa4927e9
955,53,Join-restricted MILP,5/4,0,optimal_numerical,True,jsonschema,fielded,1000000,167196,True,250681/4,62670.25,0.0,1.8158350000012433,175.3828125,between_stages,0.9018097999942256,0.004409300003317185,0.05536049998772796,0.6588194999931147,0.021987500003888272,0.15115740000328515,167196,31931,29576,3473,0,0,0,0,0,1,1,29576,3473,33049,36522,36,49a85b6ae41c4c1e32a6fee903fae7f051617a05b68ba986abad43a9e3b3d89c
956,53,Global MILP baseline,5/4,0,optimal_numerical,True,jsonschema,fielded,1000000,167196,True,250681/4,62670.25,0.0,3.5925962000037543,231.60546875,between_stages,2.673974099991028,0.005049500003224239,0.09172270000271965,2.413568700008909,0.026820700004464015,0.12507049999840092,167196,31931,29576,3473,0,0,0,0,0,1,1,29576,29576,59152,88728,36,3e12ac2ef1d1bf1b0d8b50f7eacf8245f9cf8a95cfaeff7fff19769a1a9cd32b
957,53,Global MILP baseline,5/4,1,optimal_numerical,True,jsonschema,fielded,1000000,167196,True,250681/4,62670.25,0.0,3.5650048999959836,232.93359375,output_write,2.6468378999998095,0.004658499994548038,0.09244039999612141,2.3908664000045974,0.025386799999978393,0.1213770000031218,167196,31931,29576,3473,0,0,0,0,0,1,1,29576,29576,59152,88728,36,3e12ac2ef1d1bf1b0d8b50f7eacf8245f9cf8a95cfaeff7fff19769a1a9cd32b
958,53,Join-restricted MILP,5/4,1,optimal_numerical,True,jsonschema,fielded,1000000,167196,True,250681/4,62670.25,0.0,1.8078436999931,177.12109375,between_stages,0.876293599998462,0.003730199998244643,0.057190100007574074,0.6611754000041401,0.02201489999424666,0.12102609999419656,167196,31931,29576,3473,0,0,0,0,0,1,1,29576,3473,33049,36522,36,49a85b6ae41c4c1e32a6fee903fae7f051617a05b68ba986abad43a9e3b3d89c
959,53,Preprocessed global MILP,5/4,1,optimal_numerical,True,jsonschema,fielded,1000000,167196,True,250681/4,62670.25,0.0,1.2122942999994848,143.82421875,between_stages,0.30467650000355206,0.15702650000457652,0.0021828000026289374,0.014284399992902763,0.000460899987956509,0.1258498000097461,167196,31931,29576,3473,2464,854,28480,29405,841,52,893,7,6,326,481,62172,2d5a5fc201d9dc55385fbe6f0c5a4c9444e9ccc12411e7e043693e7daa4927e9
960,53,Global MILP baseline,5/4,2,optimal_numerical,True,jsonschema,fielded,1000000,167196,True,250681/4,62670.25,0.0,3.6323161000036635,232.4140625,between_stages,2.649418799992418,0.004230899998219684,0.09222730000328738,2.392270099997404,0.026037400006316602,0.12245999999868218,167196,31931,29576,3473,0,0,0,0,0,1,1,29576,29576,59152,88728,36,3e12ac2ef1d1bf1b0d8b50f7eacf8245f9cf8a95cfaeff7fff19769a1a9cd32b
961,53,Preprocessed global MILP,5/4,2,optimal_numerical,True,jsonschema,fielded,1000000,167196,True,250681/4,62670.25,0.0,1.243959300001734,145.8359375,between_stages,0.29759659999399446,0.1567732999974396,0.0027139000012539327,0.01470559999870602,0.00042660000326577574,0.11764109999057837,167196,31931,29576,3473,2464,854,28480,29405,841,52,893,7,6,326,481,62172,2d5a5fc201d9dc55385fbe6f0c5a4c9444e9ccc12411e7e043693e7daa4927e9
962,53,Join-restricted MILP,5/4,2,optimal_numerical,True,jsonschema,fielded,1000000,167196,True,250681/4,62670.25,0.0,1.7763992999971379,175.875,between_stages,0.8667999999888707,0.003374499996425584,0.05382730001292657,0.6570065999985673,0.02251359999354463,0.12071000000287313,167196,31931,29576,3473,0,0,0,0,0,1,1,29576,3473,33049,36522,36,49a85b6ae41c4c1e32a6fee903fae7f051617a05b68ba986abad43a9e3b3d89c
963,53,Join-restricted MILP,5/4,3,optimal_numerical,True,jsonschema,fielded,1000000,167196,True,250681/4,62670.25,0.0,1.805832999991253,175.1640625,between_stages,0.8690536000067368,0.003263799997512251,0.05516499999794178,0.6583500999986427,0.02176770000369288,0.11974789999658242,167196,31931,29576,3473,0,0,0,0,0,1,1,29576,3473,33049,36522,36,49a85b6ae41c4c1e32a6fee903fae7f051617a05b68ba986abad43a9e3b3d89c
964,53,Global MILP baseline,5/4,3,optimal_numerical,True,jsonschema,fielded,1000000,167196,True,250681/4,62670.25,0.0,3.5738946000055876,232.1640625,between_stages,2.659886599998572,0.0045854999916628,0.09187800000654534,2.407960299999104,0.02572459999646526,0.11829819998820312,167196,31931,29576,3473,0,0,0,0,0,1,1,29576,29576,59152,88728,36,3e12ac2ef1d1bf1b0d8b50f7eacf8245f9cf8a95cfaeff7fff19769a1a9cd32b
965,53,Preprocessed global MILP,5/4,3,optimal_numerical,True,jsonschema,fielded,1000000,167196,True,250681/4,62670.25,0.0,1.2077089000085834,144.6171875,between_stages,0.29865179999615066,0.15699459999450482,0.0027772000030381605,0.015705300000263378,0.0005260000034468248,0.11778729999787174,167196,31931,29576,3473,2464,854,28480,29405,841,52,893,7,6,326,481,62172,2d5a5fc201d9dc55385fbe6f0c5a4c9444e9ccc12411e7e043693e7daa4927e9
966,53,Join-restricted MILP,5/4,4,optimal_numerical,True,jsonschema,fielded,1000000,167196,True,250681/4,62670.25,0.0,1.8035046000004513,174.171875,between_stages,0.8822049000009429,0.003519399993820116,0.05259029999433551,0.6569268999883207,0.02393819999997504,0.13622529999702238,167196,31931,29576,3473,0,0,0,0,0,1,1,29576,3473,33049,36522,36,49a85b6ae41c4c1e32a6fee903fae7f051617a05b68ba986abad43a9e3b3d89c
967,53,Preprocessed global MILP,5/4,4,optimal_numerical,True,jsonschema,fielded,1000000,167196,True,250681/4,62670.25,0.0,1.2389824999991106,143.4765625,output_write,0.29693150000821333,0.15396250000048894,0.005363099990063347,0.014100900007179007,0.000446999998530373,0.1169584000017494,167196,31931,29576,3473,2464,854,28480,29405,841,52,893,7,6,326,481,62172,2d5a5fc201d9dc55385fbe6f0c5a4c9444e9ccc12411e7e043693e7daa4927e9
968,53,Global MILP baseline,5/4,4,optimal_numerical,True,jsonschema,fielded,1000000,167196,True,250681/4,62670.25,0.0,3.5671005999902263,229.7109375,between_stages,2.6410150000010617,0.0045768999989377335,0.09198189999733586,2.385910299999523,0.024916399997891858,0.12208399998780806,167196,31931,29576,3473,0,0,0,0,0,1,1,29576,29576,59152,88728,36,3e12ac2ef1d1bf1b0d8b50f7eacf8245f9cf8a95cfaeff7fff19769a1a9cd32b
969,53,Preprocessed global MILP,5/4,5,optimal_numerical,True,jsonschema,fielded,1000000,167196,True,250681/4,62670.25,0.0,1.2103822999924887,145.6875,between_stages,0.29635309999866877,0.15485140000237152,0.0029900000081397593,0.015021300001535565,0.0005080999981146306,0.11841229999845382,167196,31931,29576,3473,2464,854,28480,29405,841,52,893,7,6,326,481,62172,2d5a5fc201d9dc55385fbe6f0c5a4c9444e9ccc12411e7e043693e7daa4927e9
970,53,Global MILP baseline,5/4,5,optimal_numerical,True,jsonschema,fielded,1000000,167196,True,250681/4,62670.25,0.0,3.5840683999995235,230.140625,between_stages,2.6668076000059955,0.004778600006829947,0.09175340000365395,2.41321379999863,0.025444400002015755,0.12057179999828804,167196,31931,29576,3473,0,0,0,0,0,1,1,29576,29576,59152,88728,36,3e12ac2ef1d1bf1b0d8b50f7eacf8245f9cf8a95cfaeff7fff19769a1a9cd32b
971,53,Join-restricted MILP,5/4,5,optimal_numerical,True,jsonschema,fielded,1000000,167196,True,250681/4,62670.25,0.0,1.837436500005424,175.359375,between_stages,0.8714414999994915,0.0032180000125663355,0.05687259999103844,0.6589939999976195,0.02218420000281185,0.12112659998820163,167196,31931,29576,3473,0,0,0,0,0,1,1,29576,3473,33049,36522,36,49a85b6ae41c4c1e32a6fee903fae7f051617a05b68ba986abad43a9e3b3d89c
972,54,Global MILP baseline,3/2,0,optimal_numerical,True,matplotlib,compact,1000000,1004814,True,1140281/2,570140.5,0.0,28.96780859999126,978.140625,between_stages,23.985212999992655,0.02206050000677351,0.6537845999991987,21.18501010000182,0.23347380000632256,1.8318565000081435,1004814,221524,188125,25190,0,0,0,0,0,1,1,188125,188125,376250,564375,145,0c8d18fa60b3d2baa563035e50267f19c06fefabf70062e19986debd8f464ae9
973,54,Join-restricted MILP,3/2,0,optimal_numerical,True,matplotlib,compact,1000000,1004814,True,1140281/2,570140.5,0.0,11.621744199990644,709.33203125,between_stages,6.72858150000684,0.014569899998605251,0.43125660000077914,4.314909100008663,0.20389229999273084,1.7134923999983585,1004814,221524,188125,25190,0,0,0,0,0,1,1,188125,25190,213315,238505,145,6a2b43ff06f9d81401839edccad8532e652f97497a213697a1327f3b3d933456
974,54,Preprocessed global MILP,3/2,0,optimal_numerical,True,matplotlib,compact,1000000,1004814,True,1140281/2,570140.5,0.0,8.223725999996532,584.671875,between_stages,3.521136299998034,1.7824978999997256,0.004750000007334165,0.022324499994283542,0.001396999999997206,1.6928250000055414,1004814,221524,188125,25190,19744,4848,182660,187526,4840,292,5132,5,5,1197,1795,568005,9997af28e753ff0ce562d4d85d532931e1f3259070bc54751304531a6da02e3a
975,54,Global MILP baseline,3/2,1,optimal_numerical,True,matplotlib,compact,1000000,1004814,True,1140281/2,570140.5,0.0,27.292781399999512,977.21875,between_stages,22.581734999999753,0.020707300005597062,0.617891799993231,19.950973799990606,0.22154199999931734,1.7142776000109734,1004814,221524,188125,25190,0,0,0,0,0,1,1,188125,188125,376250,564375,145,0c8d18fa60b3d2baa563035e50267f19c06fefabf70062e19986debd8f464ae9
976,54,Preprocessed global MILP,3/2,1,optimal_numerical,True,matplotlib,compact,1000000,1004814,True,1140281/2,570140.5,0.0,8.275325199996587,589.6640625,between_stages,3.5217638999893097,1.7605174999916926,0.004455200003576465,0.022379599991836585,0.0013953000016044825,1.7154732000053627,1004814,221524,188125,25190,19744,4848,182660,187526,4840,292,5132,5,5,1197,1795,568005,9997af28e753ff0ce562d4d85d532931e1f3259070bc54751304531a6da02e3a
977,54,Join-restricted MILP,3/2,1,optimal_numerical,True,matplotlib,compact,1000000,1004814,True,1140281/2,570140.5,0.0,11.371937700008857,708.1953125,between_stages,6.663471499996376,0.015245300004607998,0.39384280001104344,4.301871099989512,0.2033452000032412,1.7046069000061834,1004814,221524,188125,25190,0,0,0,0,0,1,1,188125,25190,213315,238505,145,6a2b43ff06f9d81401839edccad8532e652f97497a213697a1327f3b3d933456
978,54,Join-restricted MILP,3/2,2,optimal_numerical,True,matplotlib,compact,1000000,1004814,True,1140281/2,570140.5,0.0,11.48195190000115,708.09375,between_stages,6.709891099992092,0.013451399994664825,0.3942479999968782,4.3262969000061275,0.20460140000795946,1.7267565000074683,1004814,221524,188125,25190,0,0,0,0,0,1,1,188125,25190,213315,238505,145,6a2b43ff06f9d81401839edccad8532e652f97497a213697a1327f3b3d933456
979,54,Global MILP baseline,3/2,2,optimal_numerical,True,matplotlib,compact,1000000,1004814,True,1140281/2,570140.5,0.0,27.31217390000529,978.19921875,between_stages,22.603198700002395,0.020788699999684468,0.6174685000005411,19.97107379999943,0.2213255999959074,1.7156851000036113,1004814,221524,188125,25190,0,0,0,0,0,1,1,188125,188125,376250,564375,145,0c8d18fa60b3d2baa563035e50267f19c06fefabf70062e19986debd8f464ae9
980,54,Preprocessed global MILP,3/2,2,optimal_numerical,True,matplotlib,compact,1000000,1004814,True,1140281/2,570140.5,0.0,8.358937500001048,584.20703125,between_stages,3.563168199994834,1.7900599999993574,0.004843999995500781,0.023496000008890405,0.0013552000018535182,1.7256648000038695,1004814,221524,188125,25190,19744,4848,182660,187526,4840,292,5132,5,5,1197,1795,568005,9997af28e753ff0ce562d4d85d532931e1f3259070bc54751304531a6da02e3a
981,54,Join-restricted MILP,3/2,3,optimal_numerical,True,matplotlib,compact,1000000,1004814,True,1140281/2,570140.5,0.0,11.442695500008995,707.3671875,between_stages,6.685805700006313,0.013735500004258938,0.3925179000070784,4.3185407999990275,0.2034364999999525,1.7139448999951128,1004814,221524,188125,25190,0,0,0,0,0,1,1,188125,25190,213315,238505,145,6a2b43ff06f9d81401839edccad8532e652f97497a213697a1327f3b3d933456
982,54,Preprocessed global MILP,3/2,3,optimal_numerical,True,matplotlib,compact,1000000,1004814,True,1140281/2,570140.5,0.0,8.225421299997834,590.11328125,between_stages,3.487819700007094,1.7582662000058917,0.004808300000149757,0.023850099998526275,0.0013777999993180856,1.6831051000044681,1004814,221524,188125,25190,19744,4848,182660,187526,4840,292,5132,5,5,1197,1795,568005,9997af28e753ff0ce562d4d85d532931e1f3259070bc54751304531a6da02e3a
983,54,Global MILP baseline,3/2,3,optimal_numerical,True,matplotlib,compact,1000000,1004814,True,1140281/2,570140.5,0.0,27.307565100010834,982.0,between_stages,22.54471229999035,0.021498500005691312,0.6185620000032941,19.886496899998747,0.21984629999496974,1.742718400011654,1004814,221524,188125,25190,0,0,0,0,0,1,1,188125,188125,376250,564375,145,0c8d18fa60b3d2baa563035e50267f19c06fefabf70062e19986debd8f464ae9
984,54,Preprocessed global MILP,3/2,4,optimal_numerical,True,matplotlib,compact,1000000,1004814,True,1140281/2,570140.5,0.0,8.245804399994086,613.57421875,between_stages,3.4933389999932842,1.7484148999938043,0.004304699992644601,0.023269299999810755,0.0015131999971345067,1.6990755000006175,1004814,221524,188125,25190,19744,4848,182660,187526,4840,292,5132,5,5,1197,1795,568005,9997af28e753ff0ce562d4d85d532931e1f3259070bc54751304531a6da02e3a
985,54,Global MILP baseline,3/2,4,optimal_numerical,True,matplotlib,compact,1000000,1004814,True,1140281/2,570140.5,0.0,27.642177600006107,976.49609375,between_stages,22.84856869999203,0.028597500000614673,0.6282608000037726,20.15873310000461,0.22379970000474714,1.7473357999988366,1004814,221524,188125,25190,0,0,0,0,0,1,1,188125,188125,376250,564375,145,0c8d18fa60b3d2baa563035e50267f19c06fefabf70062e19986debd8f464ae9
986,54,Join-restricted MILP,3/2,4,optimal_numerical,True,matplotlib,compact,1000000,1004814,True,1140281/2,570140.5,0.0,11.499873000007938,707.9921875,between_stages,6.710331499998574,0.01331229999777861,0.39784549998876173,4.312866399995983,0.20556889999716077,1.7334205999941332,1004814,221524,188125,25190,0,0,0,0,0,1,1,188125,25190,213315,238505,145,6a2b43ff06f9d81401839edccad8532e652f97497a213697a1327f3b3d933456
987,54,Preprocessed global MILP,3/2,5,optimal_numerical,True,matplotlib,compact,1000000,1004814,True,1140281/2,570140.5,0.0,8.322340200000326,586.07421875,between_stages,3.531978799990611,1.7710900999954902,0.004377599994768389,0.02323669999896083,0.0013885000080335885,1.7144079999998212,1004814,221524,188125,25190,19744,4848,182660,187526,4840,292,5132,5,5,1197,1795,568005,9997af28e753ff0ce562d4d85d532931e1f3259070bc54751304531a6da02e3a
988,54,Join-restricted MILP,3/2,5,optimal_numerical,True,matplotlib,compact,1000000,1004814,True,1140281/2,570140.5,0.0,11.439160299996729,707.82421875,between_stages,6.706280600003083,0.01304040000832174,0.3968363000021782,4.3076546999946,0.20550149999326095,1.7376612000080058,1004814,221524,188125,25190,0,0,0,0,0,1,1,188125,25190,213315,238505,145,6a2b43ff06f9d81401839edccad8532e652f97497a213697a1327f3b3d933456
989,54,Global MILP baseline,3/2,5,optimal_numerical,True,matplotlib,compact,1000000,1004814,True,1140281/2,570140.5,0.0,27.56517210000311,983.0234375,between_stages,22.788099299999885,0.02082410000730306,0.6277895999955945,20.15409240000008,0.222983400002704,1.7062999000045238,1004814,221524,188125,25190,0,0,0,0,0,1,1,188125,188125,376250,564375,145,0c8d18fa60b3d2baa563035e50267f19c06fefabf70062e19986debd8f464ae9
990,55,Global MILP baseline,3/2,0,optimal_numerical,True,pydantic,compact,1000000,366328,True,393801/2,196900.5,0.0,7.891244200000074,401.34765625,between_stages,6.084730200003833,0.008426499989582226,0.2045976000081282,5.299831900003483,0.0673469000030309,0.4884443999908399,366328,72432,64637,10045,0,0,0,0,0,1,1,64637,64637,129274,193911,104,0ba1c2c2f4a9219819bd0ec44b47698105bdf9055355ef141f318b9265911b72
991,55,Preprocessed global MILP,3/2,0,optimal_numerical,True,pydantic,compact,1000000,366328,True,393801/2,196900.5,0.0,2.703631399999722,247.97265625,between_stages,0.976367700000992,0.4743763000005856,0.002949000001535751,0.012495999995735474,0.0007610999891767278,0.4787594999943394,366328,72432,64637,10045,7821,1926,62396,64334,1922,143,2065,4,4,601,899,391673/2,a9ebc1a6ba4cda963f3677726568cae0ac613f9625e4bc619c330b5c0857b077
992,55,Join-restricted MILP,3/2,0,optimal_numerical,True,pydantic,compact,1000000,366328,True,393801/2,196900.5,0.0,3.9317412999953376,299.52734375,between_stages,2.1155958000017563,0.005116599990287796,0.12807820001034997,1.3951662999897962,0.06082930001139175,0.5107752999902004,366328,72432,64637,10045,0,0,0,0,0,1,1,64637,10045,74682,84727,104,775ab1094f195856fcfa4e0788e38826a29517282b72d8f663df86a1dad78a9f
993,55,Join-restricted MILP,3/2,1,optimal_numerical,True,pydantic,compact,1000000,366328,True,393801/2,196900.5,0.0,3.990062200013199,298.31640625,between_stages,2.13025019998895,0.00524339999537915,0.1278405000048224,1.3490787000046112,0.05989259999478236,0.5725880999962101,366328,72432,64637,10045,0,0,0,0,0,1,1,64637,10045,74682,84727,104,775ab1094f195856fcfa4e0788e38826a29517282b72d8f663df86a1dad78a9f
994,55,Global MILP baseline,3/2,1,optimal_numerical,True,pydantic,compact,1000000,366328,True,393801/2,196900.5,0.0,7.800723899999866,399.28125,between_stages,6.082517399991048,0.008817199995974079,0.20188639999832958,5.294490100000985,0.0665218000067398,0.4945028999936767,366328,72432,64637,10045,0,0,0,0,0,1,1,64637,64637,129274,193911,104,0ba1c2c2f4a9219819bd0ec44b47698105bdf9055355ef141f318b9265911b72
995,55,Preprocessed global MILP,3/2,1,optimal_numerical,True,pydantic,compact,1000000,366328,True,393801/2,196900.5,0.0,2.719089600010193,251.57421875,between_stages,1.0016170000017155,0.47117920000164304,0.003113900005700998,0.013454399988404475,0.0007334999972954392,0.505555199997616,366328,72432,64637,10045,7821,1926,62396,64334,1922,143,2065,4,4,601,899,391673/2,a9ebc1a6ba4cda963f3677726568cae0ac613f9625e4bc619c330b5c0857b077
996,55,Join-restricted MILP,3/2,2,optimal_numerical,True,pydantic,compact,1000000,366328,True,393801/2,196900.5,0.0,3.963929999998072,298.25390625,between_stages,2.154233599998406,0.005680399990524165,0.13030830000934657,1.3515437999885762,0.05959779999102466,0.5909728999977233,366328,72432,64637,10045,0,0,0,0,0,1,1,64637,10045,74682,84727,104,775ab1094f195856fcfa4e0788e38826a29517282b72d8f663df86a1dad78a9f
997,55,Preprocessed global MILP,3/2,2,optimal_numerical,True,pydantic,compact,1000000,366328,True,393801/2,196900.5,0.0,2.6940735000098357,244.11328125,between_stages,0.9833397999900626,0.4732728999952087,0.0028215000056661665,0.012833999993745238,0.0007273000082932413,0.4861118999979226,366328,72432,64637,10045,7821,1926,62396,64334,1922,143,2065,4,4,601,899,391673/2,a9ebc1a6ba4cda963f3677726568cae0ac613f9625e4bc619c330b5c0857b077
998,55,Global MILP baseline,3/2,2,optimal_numerical,True,pydantic,compact,1000000,366328,True,393801/2,196900.5,0.0,7.821953699996811,399.53515625,between_stages,6.079314399990835,0.0074647000001277775,0.2046905000024708,5.301190199999837,0.06748399999924004,0.4808900999923935,366328,72432,64637,10045,0,0,0,0,0,1,1,64637,64637,129274,193911,104,0ba1c2c2f4a9219819bd0ec44b47698105bdf9055355ef141f318b9265911b72
999,55,Preprocessed global MILP,3/2,3,optimal_numerical,True,pydantic,compact,1000000,366328,True,393801/2,196900.5,0.0,2.694648899996537,245.2421875,between_stages,0.9916230999951949,0.47571859999152366,0.0030721999937668443,0.012153000003308989,0.0007105999975465238,0.4924347000051057,366328,72432,64637,10045,7821,1926,62396,64334,1922,143,2065,4,4,601,899,391673/2,a9ebc1a6ba4cda963f3677726568cae0ac613f9625e4bc619c330b5c0857b077
1000,55,Global MILP baseline,3/2,3,optimal_numerical,True,pydantic,compact,1000000,366328,True,393801/2,196900.5,0.0,7.8581506999908015,400.48828125,between_stages,6.103472100003273,0.007743599999230355,0.20253609999781474,5.314488599993638,0.06630310000036843,0.49614429999201093,366328,72432,64637,10045,0,0,0,0,0,1,1,64637,64637,129274,193911,104,0ba1c2c2f4a9219819bd0ec44b47698105bdf9055355ef141f318b9265911b72
1001,55,Join-restricted MILP,3/2,3,optimal_numerical,True,pydantic,compact,1000000,366328,True,393801/2,196900.5,0.0,3.8004622000007657,297.5546875,between_stages,2.090942199996789,0.005151300007128157,0.12875489999714773,1.3851446000044234,0.0602764999930514,0.4967469999974128,366328,72432,64637,10045,0,0,0,0,0,1,1,64637,10045,74682,84727,104,775ab1094f195856fcfa4e0788e38826a29517282b72d8f663df86a1dad78a9f
1002,55,Preprocessed global MILP,3/2,4,optimal_numerical,True,pydantic,compact,1000000,366328,True,393801/2,196900.5,0.0,2.684497199996258,249.26171875,between_stages,0.9816271000017878,0.47384239999519195,0.0034716000081971288,0.013648300009663217,0.0007598000083817169,0.48269790000631474,366328,72432,64637,10045,7821,1926,62396,64334,1922,143,2065,4,4,601,899,391673/2,a9ebc1a6ba4cda963f3677726568cae0ac613f9625e4bc619c330b5c0857b077
1003,55,Join-restricted MILP,3/2,4,optimal_numerical,True,pydantic,compact,1000000,366328,True,393801/2,196900.5,0.0,3.815539600007469,298.46484375,between_stages,2.061126600005082,0.004968599998392165,0.128828999993857,1.3639071000070544,0.06151769999996759,0.486974100000225,366328,72432,64637,10045,0,0,0,0,0,1,1,64637,10045,74682,84727,104,775ab1094f195856fcfa4e0788e38826a29517282b72d8f663df86a1dad78a9f
1004,55,Global MILP baseline,3/2,4,optimal_numerical,True,pydantic,compact,1000000,366328,True,393801/2,196900.5,0.0,7.794394600001397,399.53515625,between_stages,6.020857399998931,0.007988099998328835,0.20366050000302494,5.236429399999906,0.06625029999122489,0.4898183000041172,366328,72432,64637,10045,0,0,0,0,0,1,1,64637,64637,129274,193911,104,0ba1c2c2f4a9219819bd0ec44b47698105bdf9055355ef141f318b9265911b72
1005,55,Global MILP baseline,3/2,5,optimal_numerical,True,pydantic,compact,1000000,366328,True,393801/2,196900.5,0.0,7.732552100002067,400.66015625,between_stages,6.041429399992921,0.00766730000032112,0.20011869999871124,5.262487999993027,0.06665500000235625,0.4877351000031922,366328,72432,64637,10045,0,0,0,0,0,1,1,64637,64637,129274,193911,104,0ba1c2c2f4a9219819bd0ec44b47698105bdf9055355ef141f318b9265911b72
1006,55,Join-restricted MILP,3/2,5,optimal_numerical,True,pydantic,compact,1000000,366328,True,393801/2,196900.5,0.0,3.8834063000103924,300.3515625,between_stages,2.1137066000082996,0.004950600006850436,0.1267370999994455,1.3537802999926498,0.05994840001221746,0.5535584000026574,366328,72432,64637,10045,0,0,0,0,0,1,1,64637,10045,74682,84727,104,775ab1094f195856fcfa4e0788e38826a29517282b72d8f663df86a1dad78a9f
1007,55,Preprocessed global MILP,3/2,5,optimal_numerical,True,pydantic,compact,1000000,366328,True,393801/2,196900.5,0.0,2.738831599999685,250.78515625,between_stages,0.973815100005595,0.46602229999552947,0.003340600000228733,0.0129053999989992,0.0007292000082088634,0.4830628999916371,366328,72432,64637,10045,7821,1926,62396,64334,1922,143,2065,4,4,601,899,391673/2,a9ebc1a6ba4cda963f3677726568cae0ac613f9625e4bc619c330b5c0857b077
1008,56,Join-restricted MILP,3/2,0,optimal_numerical,True,aiohttp,compact,1000000,231531,True,254007/2,127003.5,0.0,2.3245618999935687,216.8359375,between_stages,0.9985177999915322,0.004046699992613867,0.07178630000271369,0.7038656999939121,0.03167459998803679,0.1759258999954909,231531,46482,41231,6397,0,0,0,0,0,1,1,41231,6397,47628,54025,54,c3cd94cea44857a595dc551e6d61ba53073ad1fc8218570e26f6adfc7bc74b95
1009,56,Global MILP baseline,3/2,0,optimal_numerical,True,aiohttp,compact,1000000,231531,True,254007/2,127003.5,0.0,3.475949600004242,269.03125,between_stages,2.1943844000052195,0.0054050999897299334,0.12139559999923222,1.8455334000027506,0.03576739999698475,0.17436760000418872,231531,46482,41231,6397,0,0,0,0,0,1,1,41231,41231,82462,123693,54,849011366c8857934c885793058fb4286734f15fa0d1f5113e601155495ffe27
1010,56,Preprocessed global MILP,3/2,0,optimal_numerical,True,aiohttp,compact,1000000,231531,True,254007/2,127003.5,0.0,1.7313782999990508,181.7109375,between_stages,0.5425543999881484,0.25103280000621453,0.004970299996784888,0.008871099998941645,0.00044720000005327165,0.2717558000003919,231531,46482,41231,6397,4900,1340,39722,41074,1337,77,1414,3,3,314,471,126442,5f8add029bd3a56b91b18780b6eb7fdb2bfcf46a00da1b1a1ac5404e079ebade
1011,56,Join-restricted MILP,3/2,1,optimal_numerical,True,aiohttp,compact,1000000,231531,True,254007/2,127003.5,0.0,2.2534501000045566,216.31640625,between_stages,0.9894372999988263,0.003969400000642054,0.07344180000654887,0.6976269000006141,0.03181919999769889,0.1724495999951614,231531,46482,41231,6397,0,0,0,0,0,1,1,41231,6397,47628,54025,54,c3cd94cea44857a595dc551e6d61ba53073ad1fc8218570e26f6adfc7bc74b95
1012,56,Preprocessed global MILP,3/2,1,optimal_numerical,True,aiohttp,compact,1000000,231531,True,254007/2,127003.5,0.0,1.7255746999871917,183.90234375,between_stages,0.5400386999972397,0.2479970999993384,0.002294900012202561,0.007583300000987947,0.0003989999968325719,0.27572970000619534,231531,46482,41231,6397,4900,1340,39722,41074,1337,77,1414,3,3,314,471,126442,5f8add029bd3a56b91b18780b6eb7fdb2bfcf46a00da1b1a1ac5404e079ebade
1013,56,Global MILP baseline,3/2,1,optimal_numerical,True,aiohttp,compact,1000000,231531,True,254007/2,127003.5,0.0,3.489106200009701,265.0390625,between_stages,2.185620000003837,0.00541009999869857,0.11892960000841413,1.835949599990272,0.03559569999924861,0.17720140000164974,231531,46482,41231,6397,0,0,0,0,0,1,1,41231,41231,82462,123693,54,849011366c8857934c885793058fb4286734f15fa0d1f5113e601155495ffe27
1014,56,Preprocessed global MILP,3/2,2,optimal_numerical,True,aiohttp,compact,1000000,231531,True,254007/2,127003.5,0.0,1.7064690999977756,184.63671875,between_stages,0.5342416999919806,0.24811919999774545,0.0022004999918863177,0.007317800002056174,0.0003887000057147816,0.2701490999897942,231531,46482,41231,6397,4900,1340,39722,41074,1337,77,1414,3,3,314,471,126442,5f8add029bd3a56b91b18780b6eb7fdb2bfcf46a00da1b1a1ac5404e079ebade
1015,56,Global MILP baseline,3/2,2,optimal_numerical,True,aiohttp,compact,1000000,231531,True,254007/2,127003.5,0.0,3.4640111999906367,266.5,between_stages,2.1835763999988558,0.005681499998900108,0.1179446000023745,1.838314699998591,0.035903700001654215,0.1737316000071587,231531,46482,41231,6397,0,0,0,0,0,1,1,41231,41231,82462,123693,54,849011366c8857934c885793058fb4286734f15fa0d1f5113e601155495ffe27
1016,56,Join-restricted MILP,3/2,2,optimal_numerical,True,aiohttp,compact,1000000,231531,True,254007/2,127003.5,0.0,2.2697004999936325,217.34375,between_stages,0.978549399995245,0.004136899995501153,0.0740010000008624,0.6899340999952983,0.031404299996211194,0.1687709999969229,231531,46482,41231,6397,0,0,0,0,0,1,1,41231,6397,47628,54025,54,c3cd94cea44857a595dc551e6d61ba53073ad1fc8218570e26f6adfc7bc74b95
1017,56,Preprocessed global MILP,3/2,3,optimal_numerical,True,aiohttp,compact,1000000,231531,True,254007/2,127003.5,0.0,1.7338157999911346,181.96484375,between_stages,0.5450856999959797,0.25020549999317154,0.0028385000041453168,0.007770600001094863,0.0003882000019075349,0.27539640000031795,231531,46482,41231,6397,4900,1340,39722,41074,1337,77,1414,3,3,314,471,126442,5f8add029bd3a56b91b18780b6eb7fdb2bfcf46a00da1b1a1ac5404e079ebade
1018,56,Join-restricted MILP,3/2,3,optimal_numerical,True,aiohttp,compact,1000000,231531,True,254007/2,127003.5,0.0,2.2519836999999825,216.43359375,between_stages,0.9816501000022981,0.004002999994554557,0.07239939999999478,0.6915222000097856,0.03180369999608956,0.17090719999396242,231531,46482,41231,6397,0,0,0,0,0,1,1,41231,6397,47628,54025,54,c3cd94cea44857a595dc551e6d61ba53073ad1fc8218570e26f6adfc7bc74b95
1019,56,Global MILP baseline,3/2,3,optimal_numerical,True,aiohttp,compact,1000000,231531,True,254007/2,127003.5,0.0,3.518986399998539,268.0546875,output_write,2.1842126000119606,0.008407600005739368,0.11903239999082871,1.8330252000014298,0.03591669999877922,0.17551620000449475,231531,46482,41231,6397,0,0,0,0,0,1,1,41231,41231,82462,123693,54,849011366c8857934c885793058fb4286734f15fa0d1f5113e601155495ffe27
1020,56,Global MILP baseline,3/2,4,optimal_numerical,True,aiohttp,compact,1000000,231531,True,254007/2,127003.5,0.0,3.4723254999989877,267.9296875,output_write,2.171618499996839,0.005631000007269904,0.1197083000006387,1.8245061000052374,0.03472009999677539,0.17501289999927394,231531,46482,41231,6397,0,0,0,0,0,1,1,41231,41231,82462,123693,54,849011366c8857934c885793058fb4286734f15fa0d1f5113e601155495ffe27
1021,56,Join-restricted MILP,3/2,4,optimal_numerical,True,aiohttp,compact,1000000,231531,True,254007/2,127003.5,0.0,2.301504799994291,216.6953125,between_stages,0.988772800003062,0.004122999991523102,0.07308639999246225,0.6921828000049572,0.031776799994986504,0.17712950000714045,231531,46482,41231,6397,0,0,0,0,0,1,1,41231,6397,47628,54025,54,c3cd94cea44857a595dc551e6d61ba53073ad1fc8218570e26f6adfc7bc74b95
1022,56,Preprocessed global MILP,3/2,4,optimal_numerical,True,aiohttp,compact,1000000,231531,True,254007/2,127003.5,0.0,1.6841874000092503,181.7578125,output_write,0.5375843999936478,0.24747140001272783,0.003458199993474409,0.009775500002433546,0.0003978000022470951,0.2712520999921253,231531,46482,41231,6397,4900,1340,39722,41074,1337,77,1414,3,3,314,471,126442,5f8add029bd3a56b91b18780b6eb7fdb2bfcf46a00da1b1a1ac5404e079ebade
1023,56,Global MILP baseline,3/2,5,optimal_numerical,True,aiohttp,compact,1000000,231531,True,254007/2,127003.5,0.0,3.481765099990298,267.84765625,between_stages,2.194323700008681,0.005455000005895272,0.12016920000314713,1.847392800002126,0.037205300002824515,0.17137179999554064,231531,46482,41231,6397,0,0,0,0,0,1,1,41231,41231,82462,123693,54,849011366c8857934c885793058fb4286734f15fa0d1f5113e601155495ffe27
1024,56,Preprocessed global MILP,3/2,5,optimal_numerical,True,aiohttp,compact,1000000,231531,True,254007/2,127003.5,0.0,1.6934307999908924,182.69921875,between_stages,0.5405250000039814,0.2512960000021849,0.0021154999994905666,0.007243700005346909,0.0003873000096064061,0.2742645999969682,231531,46482,41231,6397,4900,1340,39722,41074,1337,77,1414,3,3,314,471,126442,5f8add029bd3a56b91b18780b6eb7fdb2bfcf46a00da1b1a1ac5404e079ebade
1025,56,Join-restricted MILP,3/2,5,optimal_numerical,True,aiohttp,compact,1000000,231531,True,254007/2,127003.5,0.0,2.2945707999897422,216.82421875,between_stages,1.0101246999984141,0.0036417000083019957,0.0736241999984486,0.7134383000084199,0.032240500004263595,0.1769786000077147,231531,46482,41231,6397,0,0,0,0,0,1,1,41231,6397,47628,54025,54,c3cd94cea44857a595dc551e6d61ba53073ad1fc8218570e26f6adfc7bc74b95
1026,57,Join-restricted MILP,3/2,0,optimal_numerical,True,matplotlib,fielded,1000000,1011144,True,889107/2,444553.5,0.0,17.65005339999334,734.1953125,between_stages,13.076885899994522,0.014721100000315346,0.3927196000004187,11.490416400003596,0.17792349999945145,0.948550899993279,1011144,230852,204845,21803,0,0,0,0,0,1,1,204845,21803,226648,248451,76,0d244c5ced847a2988238dfc11a9347263243aec05f9da71bb59cc13cd798e1a
1027,57,Preprocessed global MILP,3/2,0,optimal_numerical,True,matplotlib,fielded,1000000,1011144,True,889107/2,444553.5,0.0,7.191800899992813,561.7734375,between_stages,2.550065400006133,1.5423448999936227,0.005673499996191822,0.058670900005381554,0.001785500004189089,0.9193423999968218,1011144,230852,204845,21803,15087,5829,197749,203882,5775,294,6069,8,7,1850,2737,883409/2,49fa7f9d0c95c8c4a162d3f755f7a96c92ab9b3ede3467f8c2bab000076ae79a
1028,57,Global MILP baseline,3/2,0,limit_feasible,True,matplotlib,fielded,1000000,1011144,False,448503,444409.5,0.009127029250640463,32.95511140000599,1018.890625,between_stages,28.38201800000388,0.02239240000199061,0.6381184000056237,26.50459929999488,0.1965700000000652,0.9605181999941124,1011144,230852,204845,21803,0,0,0,0,0,1,1,204845,204845,409690,614535,76,d31c3fb1549e9ee0426e486b24ddafdad99afac35a74e81c1ae1ec82356c9254
1029,57,Preprocessed global MILP,3/2,1,optimal_numerical,True,matplotlib,fielded,1000000,1011144,True,889107/2,444553.5,0.0,7.186695700002019,560.0859375,between_stages,2.603385399997933,1.5536602000065614,0.007384199998341501,0.058452800003578886,0.0018568999948911369,0.9614523999916855,1011144,230852,204845,21803,15087,5829,197749,203882,5775,294,6069,8,7,1850,2737,883409/2,49fa7f9d0c95c8c4a162d3f755f7a96c92ab9b3ede3467f8c2bab000076ae79a
1030,57,Global MILP baseline,3/2,1,limit_feasible,True,matplotlib,fielded,1000000,1011144,False,448503,444416.5,0.009111421774213327,33.05962099999306,1020.37109375,between_stages,28.46429449999414,0.02221720000670757,0.6447350999951595,26.554851900000358,0.19986910000443459,0.9826210000028368,1011144,230852,204845,21803,0,0,0,0,0,1,1,204845,204845,409690,614535,76,d31c3fb1549e9ee0426e486b24ddafdad99afac35a74e81c1ae1ec82356c9254
1031,57,Join-restricted MILP,3/2,1,optimal_numerical,True,matplotlib,fielded,1000000,1011144,True,889107/2,444553.5,0.0,17.627491599996574,729.51953125,between_stages,13.031615599989891,0.013544499990530312,0.38640780000423547,11.450671300000977,0.17997109999123495,0.9519752000051085,1011144,230852,204845,21803,0,0,0,0,0,1,1,204845,21803,226648,248451,76,0d244c5ced847a2988238dfc11a9347263243aec05f9da71bb59cc13cd798e1a
1032,57,Preprocessed global MILP,3/2,2,optimal_numerical,True,matplotlib,fielded,1000000,1011144,True,889107/2,444553.5,0.0,7.094974899999215,563.8359375,between_stages,2.555338299993309,1.5557761999953073,0.00567820000287611,0.05906220000179019,0.0017769999976735562,0.9129171000095084,1011144,230852,204845,21803,15087,5829,197749,203882,5775,294,6069,8,7,1850,2737,883409/2,49fa7f9d0c95c8c4a162d3f755f7a96c92ab9b3ede3467f8c2bab000076ae79a
1033,57,Join-restricted MILP,3/2,2,optimal_numerical,True,matplotlib,fielded,1000000,1011144,True,889107/2,444553.5,0.0,17.582611300007557,732.22265625,between_stages,12.966954999996233,0.014076499996008351,0.3946273000037763,11.38108320000174,0.1755574999988312,0.9472149000066565,1011144,230852,204845,21803,0,0,0,0,0,1,1,204845,21803,226648,248451,76,0d244c5ced847a2988238dfc11a9347263243aec05f9da71bb59cc13cd798e1a
1034,57,Global MILP baseline,3/2,2,limit_feasible,True,matplotlib,fielded,1000000,1011144,False,448503,444409.5,0.009127029250640463,32.86845049999829,1021.05078125,between_stages,28.273689100009506,0.021776199995656498,0.653066700004274,26.394402799996897,0.19593430000531953,0.9481401000084588,1011144,230852,204845,21803,0,0,0,0,0,1,1,204845,204845,409690,614535,76,d31c3fb1549e9ee0426e486b24ddafdad99afac35a74e81c1ae1ec82356c9254
1035,57,Global MILP baseline,3/2,3,limit_feasible,True,matplotlib,fielded,1000000,1011144,False,448503,444416.5,0.009111421774213327,32.846584199985955,1019.5234375,between_stages,28.280639500007965,0.022601300006499514,0.6360826000018278,26.422614600000088,0.19529440000769682,0.9447593999939272,1011144,230852,204845,21803,0,0,0,0,0,1,1,204845,204845,409690,614535,76,d31c3fb1549e9ee0426e486b24ddafdad99afac35a74e81c1ae1ec82356c9254
1036,57,Join-restricted MILP,3/2,3,optimal_numerical,True,matplotlib,fielded,1000000,1011144,True,889107/2,444553.5,0.0,17.653278400001,727.77734375,between_stages,13.01046019999194,0.01345370001217816,0.3874703000037698,11.397923900003661,0.17642659999546595,0.9863654999935534,1011144,230852,204845,21803,0,0,0,0,0,1,1,204845,21803,226648,248451,76,0d244c5ced847a2988238dfc11a9347263243aec05f9da71bb59cc13cd798e1a
1037,57,Preprocessed global MILP,3/2,3,optimal_numerical,True,matplotlib,fielded,1000000,1011144,True,889107/2,444553.5,0.0,7.037335399989388,563.94140625,between_stages,2.531719599995995,1.5406884999974864,0.005347400001483038,0.057766099998843856,0.0018524000042816624,0.9059463000012329,1011144,230852,204845,21803,15087,5829,197749,203882,5775,294,6069,8,7,1850,2737,883409/2,49fa7f9d0c95c8c4a162d3f755f7a96c92ab9b3ede3467f8c2bab000076ae79a
1038,57,Global MILP baseline,3/2,4,limit_feasible,True,matplotlib,fielded,1000000,1011144,False,448503,444409.5,0.009127029250640463,32.87956020000274,1021.97265625,between_stages,28.294317599997157,0.02276059999712743,0.6394979000033345,26.410638300003484,0.19626690000586677,0.963489000001573,1011144,230852,204845,21803,0,0,0,0,0,1,1,204845,204845,409690,614535,76,d31c3fb1549e9ee0426e486b24ddafdad99afac35a74e81c1ae1ec82356c9254
1039,57,Preprocessed global MILP,3/2,4,optimal_numerical,True,matplotlib,fielded,1000000,1011144,True,889107/2,444553.5,0.0,7.130397200002335,563.8203125,between_stages,2.577995400002692,1.5477608000073815,0.006393799994839355,0.05754579999484122,0.0020441000087885186,0.943343899998581,1011144,230852,204845,21803,15087,5829,197749,203882,5775,294,6069,8,7,1850,2737,883409/2,49fa7f9d0c95c8c4a162d3f755f7a96c92ab9b3ede3467f8c2bab000076ae79a
1040,57,Join-restricted MILP,3/2,4,optimal_numerical,True,matplotlib,fielded,1000000,1011144,True,889107/2,444553.5,0.0,17.60192210000241,731.71484375,between_stages,13.015474300002097,0.014144000000669621,0.38984720000007655,11.4278226000024,0.17640739999478683,0.9585322000057204,1011144,230852,204845,21803,0,0,0,0,0,1,1,204845,21803,226648,248451,76,0d244c5ced847a2988238dfc11a9347263243aec05f9da71bb59cc13cd798e1a
1041,57,Join-restricted MILP,3/2,5,optimal_numerical,True,matplotlib,fielded,1000000,1011144,True,889107/2,444553.5,0.0,17.48852959999931,725.91796875,between_stages,12.93097509999643,0.013629699999000877,0.38245039999310393,11.377177100002882,0.17689109999628272,0.9333725000033155,1011144,230852,204845,21803,0,0,0,0,0,1,1,204845,21803,226648,248451,76,0d244c5ced847a2988238dfc11a9347263243aec05f9da71bb59cc13cd798e1a
1042,57,Global MILP baseline,3/2,5,limit_feasible,True,matplotlib,fielded,1000000,1011144,False,448503,444409.5,0.009127029250640463,33.05588299999363,1018.921875,between_stages,28.42338349999045,0.02329299999109935,0.6394446000049356,26.51187149999896,0.19782109999505337,0.9912508000124944,1011144,230852,204845,21803,0,0,0,0,0,1,1,204845,204845,409690,614535,76,d31c3fb1549e9ee0426e486b24ddafdad99afac35a74e81c1ae1ec82356c9254
1043,57,Preprocessed global MILP,3/2,5,optimal_numerical,True,matplotlib,fielded,1000000,1011144,True,889107/2,444553.5,0.0,7.194273699991754,565.55078125,between_stages,2.574541500012856,1.536312000011094,0.0053044999949634075,0.05651860000216402,0.001723699999274686,0.9538345000037225,1011144,230852,204845,21803,15087,5829,197749,203882,5775,294,6069,8,7,1850,2737,883409/2,49fa7f9d0c95c8c4a162d3f755f7a96c92ab9b3ede3467f8c2bab000076ae79a
1044,58,Preprocessed global MILP,3/2,0,optimal_numerical,True,pydantic,fielded,1000000,668703,True,259296,259296.0,0.0,4.553083699996932,369.6328125,between_stages,1.5602948000014294,0.9241178999945987,0.004305700000259094,0.038146699997014366,0.0014168000052450225,0.5790455999958795,668703,126352,118557,15146,10418,4065,113498,117822,4017,223,4240,6,5,1398,2061,257152,16df876b236c75e5a8b942f798f935b49d1bfe00e596568acb3c6e9a89aff7b5
1045,58,Global MILP baseline,3/2,0,limit_feasible,True,pydantic,fielded,1000000,668703,False,259296,259244.0,0.00020054300876218685,30.702507699999842,790.2578125,between_stages,27.79768589999003,0.012377200007904321,0.3886383999924874,26.6747280999989,0.12418410000100266,0.5661843999987468,668703,126352,118557,15146,0,0,0,0,0,1,1,118557,118557,237114,355671,104,e661344c121715bb2266e23cd770b3dc1968841b7d5032d7fa61abf51b44d5b5
1046,58,Join-restricted MILP,3/2,0,optimal_numerical,True,pydantic,fielded,1000000,668703,True,259296,259296.0,0.0,11.811830099992221,494.08203125,between_stages,8.872933299993747,0.008347800001502037,0.23830769999767654,7.919027099997038,0.11249130000942387,0.5674679000076139,668703,126352,118557,15146,0,0,0,0,0,1,1,118557,15146,133703,148849,104,24dd85ad9e29a9ac9738232f064dd19e726431e0491de8e459663ee4f0c71bda
1047,58,Preprocessed global MILP,3/2,1,optimal_numerical,True,pydantic,fielded,1000000,668703,True,259296,259296.0,0.0,4.461568400001852,374.35546875,between_stages,1.560901200005901,0.9448097999993479,0.004328800001530908,0.03962229999888223,0.0014915999927325174,0.5576280999957817,668703,126352,118557,15146,10418,4065,113498,117822,4017,223,4240,6,5,1398,2061,257152,16df876b236c75e5a8b942f798f935b49d1bfe00e596568acb3c6e9a89aff7b5
1048,58,Join-restricted MILP,3/2,1,optimal_numerical,True,pydantic,fielded,1000000,668703,True,259296,259296.0,0.0,11.808099599991692,493.69140625,between_stages,8.932765500008827,0.008897400010027923,0.23906930000521243,7.9771823000046425,0.11241450000670739,0.5684592999896267,668703,126352,118557,15146,0,0,0,0,0,1,1,118557,15146,133703,148849,104,24dd85ad9e29a9ac9738232f064dd19e726431e0491de8e459663ee4f0c71bda
1049,58,Global MILP baseline,3/2,1,limit_feasible,True,pydantic,fielded,1000000,668703,False,259296,259244.0,0.00020054300876218685,30.81593869999051,784.38671875,between_stages,27.853999900005874,0.013293500000145286,0.38960100000258535,26.695331900002202,0.12632339999254327,0.5971648999984609,668703,126352,118557,15146,0,0,0,0,0,1,1,118557,118557,237114,355671,104,e661344c121715bb2266e23cd770b3dc1968841b7d5032d7fa61abf51b44d5b5
1050,58,Global MILP baseline,3/2,2,limit_feasible,True,pydantic,fielded,1000000,668703,False,259296,259244.0,0.00020054300876218685,30.821312800006126,759.01171875,between_stages,27.869300899998052,0.013353999995160848,0.40088549999927636,26.69423330000427,0.1315098999912152,0.597100800005137,668703,126352,118557,15146,0,0,0,0,0,1,1,118557,118557,237114,355671,104,e661344c121715bb2266e23cd770b3dc1968841b7d5032d7fa61abf51b44d5b5
1051,58,Join-restricted MILP,3/2,2,optimal_numerical,True,pydantic,fielded,1000000,668703,True,259296,259296.0,0.0,12.787317299997085,494.6328125,between_stages,9.095466899991152,0.008554500003810972,0.24201130001165438,8.11179429999902,0.1147975000058068,0.591608599992469,668703,126352,118557,15146,0,0,0,0,0,1,1,118557,15146,133703,148849,104,24dd85ad9e29a9ac9738232f064dd19e726431e0491de8e459663ee4f0c71bda
1052,58,Preprocessed global MILP,3/2,2,optimal_numerical,True,pydantic,fielded,1000000,668703,True,259296,259296.0,0.0,4.560077200003434,365.96484375,between_stages,1.598446399992099,0.959558400005335,0.005113599996548146,0.040324999994481914,0.001415799997630529,0.5786743999924511,668703,126352,118557,15146,10418,4065,113498,117822,4017,223,4240,6,5,1398,2061,257152,16df876b236c75e5a8b942f798f935b49d1bfe00e596568acb3c6e9a89aff7b5
1053,58,Global MILP baseline,3/2,3,limit_feasible,True,pydantic,fielded,1000000,668703,False,259296,259244.0,0.00020054300876218685,30.865799799998058,791.69140625,between_stages,27.85908130000462,0.013782299996819347,0.3915588999952888,26.71546180000587,0.12422509999305476,0.580628900002921,668703,126352,118557,15146,0,0,0,0,0,1,1,118557,118557,237114,355671,104,e661344c121715bb2266e23cd770b3dc1968841b7d5032d7fa61abf51b44d5b5
1054,58,Preprocessed global MILP,3/2,3,optimal_numerical,True,pydantic,fielded,1000000,668703,True,259296,259296.0,0.0,4.5201970000052825,370.453125,between_stages,1.5435029000072973,0.931280600008904,0.004617400001734495,0.04089630000817124,0.0014389999996637926,0.552612900006352,668703,126352,118557,15146,10418,4065,113498,117822,4017,223,4240,6,5,1398,2061,257152,16df876b236c75e5a8b942f798f935b49d1bfe00e596568acb3c6e9a89aff7b5
1055,58,Join-restricted MILP,3/2,3,optimal_numerical,True,pydantic,fielded,1000000,668703,True,259296,259296.0,0.0,11.995008300000336,495.40625,between_stages,8.9568103000056,0.008994300005724654,0.2374940999870887,7.956670400002622,0.11410609999438748,0.6137587999983225,668703,126352,118557,15146,0,0,0,0,0,1,1,118557,15146,133703,148849,104,24dd85ad9e29a9ac9738232f064dd19e726431e0491de8e459663ee4f0c71bda
1056,58,Join-restricted MILP,3/2,4,optimal_numerical,True,pydantic,fielded,1000000,668703,True,259296,259296.0,0.0,11.931054700005916,494.01171875,between_stages,8.922232000011718,0.008049999989452772,0.23948760000348557,7.942022000002908,0.1124940999870887,0.5935468000097899,668703,126352,118557,15146,0,0,0,0,0,1,1,118557,15146,133703,148849,104,24dd85ad9e29a9ac9738232f064dd19e726431e0491de8e459663ee4f0c71bda
1057,58,Global MILP baseline,3/2,4,limit_feasible,True,pydantic,fielded,1000000,668703,False,259296,259244.0,0.00020054300876218685,30.986621200005175,783.703125,between_stages,27.9835493999999,0.01345220000075642,0.38619410000683274,26.8392412999965,0.12526749999960884,0.5870856000110507,668703,126352,118557,15146,0,0,0,0,0,1,1,118557,118557,237114,355671,104,e661344c121715bb2266e23cd770b3dc1968841b7d5032d7fa61abf51b44d5b5
1058,58,Preprocessed global MILP,3/2,4,optimal_numerical,True,pydantic,fielded,1000000,668703,True,259296,259296.0,0.0,4.461118799998076,381.34375,between_stages,1.5404329000011785,0.9299312999937683,0.004504099997575395,0.03934149999986403,0.0014441000093938783,0.5529705999942962,668703,126352,118557,15146,10418,4065,113498,117822,4017,223,4240,6,5,1398,2061,257152,16df876b236c75e5a8b942f798f935b49d1bfe00e596568acb3c6e9a89aff7b5
1059,58,Join-restricted MILP,3/2,5,optimal_numerical,True,pydantic,fielded,1000000,668703,True,259296,259296.0,0.0,11.880213799988269,494.29296875,between_stages,8.934052399999928,0.008642500004498288,0.24092620000010356,7.9718434999958845,0.11267610000504646,0.5741929000068922,668703,126352,118557,15146,0,0,0,0,0,1,1,118557,15146,133703,148849,104,24dd85ad9e29a9ac9738232f064dd19e726431e0491de8e459663ee4f0c71bda
1060,58,Preprocessed global MILP,3/2,5,optimal_numerical,True,pydantic,fielded,1000000,668703,True,259296,259296.0,0.0,4.487304100010078,374.359375,between_stages,1.5573901000025216,0.9436258000059752,0.004660100006731227,0.03861160000087693,0.0014967999886721373,0.556428900003084,668703,126352,118557,15146,10418,4065,113498,117822,4017,223,4240,6,5,1398,2061,257152,16df876b236c75e5a8b942f798f935b49d1bfe00e596568acb3c6e9a89aff7b5
1061,58,Global MILP baseline,3/2,5,limit_feasible,True,pydantic,fielded,1000000,668703,False,259296,259244.0,0.00020054300876218685,30.864013099999283,791.56640625,between_stages,27.90732320000825,0.013853600001311861,0.38330479999422096,26.770000100004836,0.12321089999750257,0.5844781000050716,668703,126352,118557,15146,0,0,0,0,0,1,1,118557,118557,237114,355671,104,e661344c121715bb2266e23cd770b3dc1968841b7d5032d7fa61abf51b44d5b5
1062,59,Preprocessed global MILP,3/2,0,optimal_numerical,True,aiohttp,fielded,1000000,426119,True,168928,168928.0,0.0,2.7399276999931317,263.13671875,between_stages,0.8530250000039814,0.4768905000091763,0.0034309000038774684,0.023913400000310503,0.0008984000014606863,0.3386870000103954,426119,81997,76746,10321,6764,3179,72957,76323,3151,126,3277,7,5,801,1179,167685,1c5c2c76e02254cee8da65f44487538b7e7bea086077ff5f84a0eee76f917040
1063,59,Join-restricted MILP,3/2,0,optimal_numerical,True,aiohttp,fielded,1000000,426119,True,168928,168928.0,0.0,6.343474400011473,341.703125,between_stages,4.3854722999967635,0.00580719999561552,0.14087360000121407,3.839894799995818,0.059670000002370216,0.32294590001401957,426119,81997,76746,10321,0,0,0,0,0,1,1,76746,10321,87067,97388,54,43dde71b4cee31fc9f4fe0ac070b068be8d6b2a80795bc10ac913121a8188740
1064,59,Global MILP baseline,3/2,0,optimal_numerical,True,aiohttp,fielded,1000000,426119,True,168928,168928.0,0.0,12.050203299993882,467.7265625,between_stages,10.16007769999851,0.0091934000083711,0.23377370000525843,9.506915000005392,0.06750460001057945,0.3233588000002783,426119,81997,76746,10321,0,0,0,0,0,1,1,76746,76746,153492,230238,54,06eec9b341ffeffa015754cc94008cb241b040ac61ac98966491e8b19b611f79
1065,59,Global MILP baseline,3/2,1,optimal_numerical,True,aiohttp,fielded,1000000,426119,True,168928,168928.0,0.0,12.084499899996445,467.125,between_stages,10.207060899992939,0.008976600001915358,0.23186960000020918,9.55573490000097,0.0666827000095509,0.3242839000013191,426119,81997,76746,10321,0,0,0,0,0,1,1,76746,76746,153492,230238,54,06eec9b341ffeffa015754cc94008cb241b040ac61ac98966491e8b19b611f79
1066,59,Join-restricted MILP,3/2,1,optimal_numerical,True,aiohttp,fielded,1000000,426119,True,168928,168928.0,0.0,6.2692213999980595,343.92578125,between_stages,4.358018300001277,0.005876600000192411,0.14383190000080504,3.8022671999933664,0.05977300000085961,0.3290296000050148,426119,81997,76746,10321,0,0,0,0,0,1,1,76746,10321,87067,97388,54,43dde71b4cee31fc9f4fe0ac070b068be8d6b2a80795bc10ac913121a8188740
1067,59,Preprocessed global MILP,3/2,1,optimal_numerical,True,aiohttp,fielded,1000000,426119,True,168928,168928.0,0.0,2.7198844000085955,260.08984375,between_stages,0.8314936999959173,0.479168000005302,0.0033668999967630953,0.024317899995367043,0.0008201000018743798,0.3151112000050489,426119,81997,76746,10321,6764,3179,72957,76323,3151,126,3277,7,5,801,1179,167685,1c5c2c76e02254cee8da65f44487538b7e7bea086077ff5f84a0eee76f917040
1068,59,Global MILP baseline,3/2,2,optimal_numerical,True,aiohttp,fielded,1000000,426119,True,168928,168928.0,0.0,12.142796900006942,465.765625,between_stages,10.182775399996899,0.009314400012954138,0.23411039999336936,9.525738600001205,0.06636060000164434,0.3252117999945767,426119,81997,76746,10321,0,0,0,0,0,1,1,76746,76746,153492,230238,54,06eec9b341ffeffa015754cc94008cb241b040ac61ac98966491e8b19b611f79
1069,59,Preprocessed global MILP,3/2,2,optimal_numerical,True,aiohttp,fielded,1000000,426119,True,168928,168928.0,0.0,2.7603382999950554,262.26171875,between_stages,0.8309279000095557,0.4760783000092488,0.0039394999912474304,0.02400550000311341,0.0008152999944286421,0.31678480000118725,426119,81997,76746,10321,6764,3179,72957,76323,3151,126,3277,7,5,801,1179,167685,1c5c2c76e02254cee8da65f44487538b7e7bea086077ff5f84a0eee76f917040
1070,59,Join-restricted MILP,3/2,2,optimal_numerical,True,aiohttp,fielded,1000000,426119,True,168928,168928.0,0.0,6.305602200009162,343.4453125,between_stages,4.336593100000755,0.006517699992400594,0.14443519999622367,3.7835141999967163,0.05993870001111645,0.32526170001074206,426119,81997,76746,10321,0,0,0,0,0,1,1,76746,10321,87067,97388,54,43dde71b4cee31fc9f4fe0ac070b068be8d6b2a80795bc10ac913121a8188740
1071,59,Join-restricted MILP,3/2,3,optimal_numerical,True,aiohttp,fielded,1000000,426119,True,168928,168928.0,0.0,6.22026139999798,343.421875,between_stages,4.348273600000539,0.0062646000005770475,0.13899059999675956,3.793084999997518,0.0604548999981489,0.3327913999964949,426119,81997,76746,10321,0,0,0,0,0,1,1,76746,10321,87067,97388,54,43dde71b4cee31fc9f4fe0ac070b068be8d6b2a80795bc10ac913121a8188740
1072,59,Global MILP baseline,3/2,3,optimal_numerical,True,aiohttp,fielded,1000000,426119,True,168928,168928.0,0.0,12.350825500005158,466.25390625,between_stages,10.363690099999076,0.009741200003190897,0.23905509999895003,9.670759100001305,0.0669142999977339,0.35745670000324026,426119,81997,76746,10321,0,0,0,0,0,1,1,76746,76746,153492,230238,54,06eec9b341ffeffa015754cc94008cb241b040ac61ac98966491e8b19b611f79
1073,59,Preprocessed global MILP,3/2,3,optimal_numerical,True,aiohttp,fielded,1000000,426119,True,168928,168928.0,0.0,2.8166471000004094,260.39453125,between_stages,0.8847955999954138,0.4888504999980796,0.003334499997436069,0.026451199999428354,0.0008903999987524003,0.3560784000001149,426119,81997,76746,10321,6764,3179,72957,76323,3151,126,3277,7,5,801,1179,167685,1c5c2c76e02254cee8da65f44487538b7e7bea086077ff5f84a0eee76f917040
1074,59,Join-restricted MILP,3/2,4,optimal_numerical,True,aiohttp,fielded,1000000,426119,True,168928,168928.0,0.0,6.296241499992902,341.89453125,between_stages,4.391900599992368,0.00620129999879282,0.14441799999622162,3.8331334999966202,0.061821199997211806,0.32889809999323916,426119,81997,76746,10321,0,0,0,0,0,1,1,76746,10321,87067,97388,54,43dde71b4cee31fc9f4fe0ac070b068be8d6b2a80795bc10ac913121a8188740
1075,59,Preprocessed global MILP,3/2,4,optimal_numerical,True,aiohttp,fielded,1000000,426119,True,168928,168928.0,0.0,2.805733800007147,263.75390625,between_stages,0.8468107000080636,0.4835095999878831,0.0033029000042006373,0.023855099992942996,0.000861399996210821,0.326392200004193,426119,81997,76746,10321,6764,3179,72957,76323,3151,126,3277,7,5,801,1179,167685,1c5c2c76e02254cee8da65f44487538b7e7bea086077ff5f84a0eee76f917040
1076,59,Global MILP baseline,3/2,4,optimal_numerical,True,aiohttp,fielded,1000000,426119,True,168928,168928.0,0.0,12.287005200007115,467.93359375,between_stages,10.29465579999669,0.00933919999806676,0.23668610000459012,9.616314400002011,0.0681534999894211,0.34449339999991935,426119,81997,76746,10321,0,0,0,0,0,1,1,76746,76746,153492,230238,54,06eec9b341ffeffa015754cc94008cb241b040ac61ac98966491e8b19b611f79
1077,59,Preprocessed global MILP,3/2,5,optimal_numerical,True,aiohttp,fielded,1000000,426119,True,168928,168928.0,0.0,2.7156362000096124,259.26953125,between_stages,0.8355699999956414,0.47642399999313056,0.0031090999982552603,0.024467099996400066,0.0008249000093201175,0.3221958999929484,426119,81997,76746,10321,6764,3179,72957,76323,3151,126,3277,7,5,801,1179,167685,1c5c2c76e02254cee8da65f44487538b7e7bea086077ff5f84a0eee76f917040
1078,59,Global MILP baseline,3/2,5,optimal_numerical,True,aiohttp,fielded,1000000,426119,True,168928,168928.0,0.0,12.379539700006717,467.140625,between_stages,10.37422530000913,0.009445399991818704,0.23914619999413844,9.689196899998933,0.06931220000842586,0.34661290000076406,426119,81997,76746,10321,0,0,0,0,0,1,1,76746,76746,153492,230238,54,06eec9b341ffeffa015754cc94008cb241b040ac61ac98966491e8b19b611f79
1079,59,Join-restricted MILP,3/2,5,optimal_numerical,True,aiohttp,fielded,1000000,426119,True,168928,168928.0,0.0,6.554141199987498,343.328125,between_stages,4.5601052999991225,0.006269899997278117,0.1481177999958163,3.9756606000009924,0.06425680000393186,0.347958699989249,426119,81997,76746,10321,0,0,0,0,0,1,1,76746,10321,87067,97388,54,43dde71b4cee31fc9f4fe0ac070b068be8d6b2a80795bc10ac913121a8188740
1080,60,Global MILP baseline,3/2,0,optimal_numerical,True,jsonschema,fielded,1000000,167196,True,126605/2,63302.5,0.0,3.9135487000021385,234.21875,output_write,2.96731870000076,0.004209199993056245,0.09152159999939613,2.7114864000031957,0.025564800002030097,0.12347669999871869,167196,31931,29576,3473,0,0,0,0,0,1,1,29576,29576,59152,88728,36,3e12ac2ef1d1bf1b0d8b50f7eacf8245f9cf8a95cfaeff7fff19769a1a9cd32b
1081,60,Join-restricted MILP,3/2,0,optimal_numerical,True,jsonschema,fielded,1000000,167196,True,126605/2,63302.5,0.0,1.8673302000097465,176.86328125,between_stages,0.9416853000002448,0.0030661999917356297,0.05273690000467468,0.7321962999994867,0.022518900004797615,0.12196389999007806,167196,31931,29576,3473,0,0,0,0,0,1,1,29576,3473,33049,36522,36,49a85b6ae41c4c1e32a6fee903fae7f051617a05b68ba986abad43a9e3b3d89c
1082,60,Preprocessed global MILP,3/2,0,optimal_numerical,True,jsonschema,fielded,1000000,167196,True,126605/2,63302.5,0.0,1.2414785000000848,145.921875,between_stages,0.3046343999885721,0.1588179999962449,0.003477899997960776,0.014449900001636706,0.0005837999924551696,0.12160729999595787,167196,31931,29576,3473,2464,854,28480,29405,841,52,893,7,6,326,481,62788,1d829680b75ac03b3a086deb85ad4bc4fdb56ea4574dd3167de4bc2a225a1849
1083,60,Global MILP baseline,3/2,1,optimal_numerical,True,jsonschema,fielded,1000000,167196,True,126605/2,63302.5,0.0,3.9252834000071744,235.08984375,output_write,2.978298999994877,0.005351799991331063,0.09215659998881165,2.7048568000027444,0.026903299993136898,0.13742020000063349,167196,31931,29576,3473,0,0,0,0,0,1,1,29576,29576,59152,88728,36,3e12ac2ef1d1bf1b0d8b50f7eacf8245f9cf8a95cfaeff7fff19769a1a9cd32b
1084,60,Preprocessed global MILP,3/2,1,optimal_numerical,True,jsonschema,fielded,1000000,167196,True,126605/2,63302.5,0.0,1.22236719999637,144.859375,between_stages,0.2988904000085313,0.15803959999175277,0.0024490000068908557,0.012944399990374222,0.0004496000037761405,0.11707509998814203,167196,31931,29576,3473,2464,854,28480,29405,841,52,893,7,6,326,481,62788,1d829680b75ac03b3a086deb85ad4bc4fdb56ea4574dd3167de4bc2a225a1849
1085,60,Join-restricted MILP,3/2,1,optimal_numerical,True,jsonschema,fielded,1000000,167196,True,126605/2,63302.5,0.0,1.8571052000042982,176.37109375,between_stages,0.9441414000029908,0.003358299989486113,0.05353370000375435,0.7284940999961691,0.02190829999744892,0.1268022000003839,167196,31931,29576,3473,0,0,0,0,0,1,1,29576,3473,33049,36522,36,49a85b6ae41c4c1e32a6fee903fae7f051617a05b68ba986abad43a9e3b3d89c
1086,60,Join-restricted MILP,3/2,2,optimal_numerical,True,jsonschema,fielded,1000000,167196,True,126605/2,63302.5,0.0,1.9191116000001784,174.078125,between_stages,0.9371974999958184,0.0034872000105679035,0.0546394999983022,0.7260400999948615,0.022576999996090308,0.12123589999100659,167196,31931,29576,3473,0,0,0,0,0,1,1,29576,3473,33049,36522,36,49a85b6ae41c4c1e32a6fee903fae7f051617a05b68ba986abad43a9e3b3d89c
1087,60,Global MILP baseline,3/2,2,optimal_numerical,True,jsonschema,fielded,1000000,167196,True,126605/2,63302.5,0.0,3.889357799998834,233.70703125,between_stages,2.958499900007155,0.0044981000100960955,0.09289929999795277,2.7073190999944927,0.024951400002464652,0.11804829999164212,167196,31931,29576,3473,0,0,0,0,0,1,1,29576,29576,59152,88728,36,3e12ac2ef1d1bf1b0d8b50f7eacf8245f9cf8a95cfaeff7fff19769a1a9cd32b
1088,60,Preprocessed global MILP,3/2,2,optimal_numerical,True,jsonschema,fielded,1000000,167196,True,126605/2,63302.5,0.0,1.2357686999894213,144.796875,between_stages,0.294020699991961,0.15654699999140576,0.00238760000502225,0.01344789999711793,0.0003802999999606982,0.11610310000833124,167196,31931,29576,3473,2464,854,28480,29405,841,52,893,7,6,326,481,62788,1d829680b75ac03b3a086deb85ad4bc4fdb56ea4574dd3167de4bc2a225a1849
1089,60,Join-restricted MILP,3/2,3,optimal_numerical,True,jsonschema,fielded,1000000,167196,True,126605/2,63302.5,0.0,1.8857174000004306,174.78125,output_write,0.9456952000036836,0.003114599996479228,0.05412679999426473,0.7345845999952871,0.022834000003058463,0.1212501000118209,167196,31931,29576,3473,0,0,0,0,0,1,1,29576,3473,33049,36522,36,49a85b6ae41c4c1e32a6fee903fae7f051617a05b68ba986abad43a9e3b3d89c
1090,60,Preprocessed global MILP,3/2,3,optimal_numerical,True,jsonschema,fielded,1000000,167196,True,126605/2,63302.5,0.0,1.2919642999913776,144.37109375,between_stages,0.2965993999969214,0.15690230000473093,0.0023129000037442893,0.013967700011562556,0.00045029999455437064,0.11732789999223314,167196,31931,29576,3473,2464,854,28480,29405,841,52,893,7,6,326,481,62788,1d829680b75ac03b3a086deb85ad4bc4fdb56ea4574dd3167de4bc2a225a1849
1091,60,Global MILP baseline,3/2,3,optimal_numerical,True,jsonschema,fielded,1000000,167196,True,126605/2,63302.5,0.0,3.8919735999952536,234.03125,between_stages,2.955767099992954,0.004506299999775365,0.09176919999299571,2.69984359999944,0.02624120000109542,0.12220899999374524,167196,31931,29576,3473,0,0,0,0,0,1,1,29576,29576,59152,88728,36,3e12ac2ef1d1bf1b0d8b50f7eacf8245f9cf8a95cfaeff7fff19769a1a9cd32b
1092,60,Preprocessed global MILP,3/2,4,optimal_numerical,True,jsonschema,fielded,1000000,167196,True,126605/2,63302.5,0.0,1.2708516999991843,144.82421875,between_stages,0.3026160000008531,0.15817719999176916,0.0030088999919826165,0.013768899996648543,0.000486999997519888,0.12191640000673942,167196,31931,29576,3473,2464,854,28480,29405,841,52,893,7,6,326,481,62788,1d829680b75ac03b3a086deb85ad4bc4fdb56ea4574dd3167de4bc2a225a1849
1093,60,Global MILP baseline,3/2,4,optimal_numerical,True,jsonschema,fielded,1000000,167196,True,126605/2,63302.5,0.0,3.9066462999908254,231.9375,between_stages,2.9798642999958247,0.004145400002016686,0.09135770000284538,2.726000800001202,0.025090900002396666,0.12195730001258198,167196,31931,29576,3473,0,0,0,0,0,1,1,29576,29576,59152,88728,36,3e12ac2ef1d1bf1b0d8b50f7eacf8245f9cf8a95cfaeff7fff19769a1a9cd32b
1094,60,Join-restricted MILP,3/2,4,optimal_numerical,True,jsonschema,fielded,1000000,167196,True,126605/2,63302.5,0.0,1.8619121999945492,175.03515625,between_stages,0.9446133999881567,0.0031853999971644953,0.05573290000029374,0.7341422000026796,0.02229220001026988,0.12022150000848342,167196,31931,29576,3473,0,0,0,0,0,1,1,29576,3473,33049,36522,36,49a85b6ae41c4c1e32a6fee903fae7f051617a05b68ba986abad43a9e3b3d89c
1095,60,Preprocessed global MILP,3/2,5,optimal_numerical,True,jsonschema,fielded,1000000,167196,True,126605/2,63302.5,0.0,1.2230700999934925,144.375,between_stages,0.30128549999790266,0.16062830000009853,0.0023259000008692965,0.014508200009004213,0.0004245000018272549,0.11795939999865368,167196,31931,29576,3473,2464,854,28480,29405,841,52,893,7,6,326,481,62788,1d829680b75ac03b3a086deb85ad4bc4fdb56ea4574dd3167de4bc2a225a1849
1096,60,Join-restricted MILP,3/2,5,optimal_numerical,True,jsonschema,fielded,1000000,167196,True,126605/2,63302.5,0.0,1.9203549000085331,175.04296875,between_stages,0.9624211000045761,0.00335879999329336,0.06746410000778269,0.7393744000000879,0.022187999988091178,0.12072679999982938,167196,31931,29576,3473,0,0,0,0,0,1,1,29576,3473,33049,36522,36,49a85b6ae41c4c1e32a6fee903fae7f051617a05b68ba986abad43a9e3b3d89c
1097,60,Global MILP baseline,3/2,5,optimal_numerical,True,jsonschema,fielded,1000000,167196,True,126605/2,63302.5,0.0,3.9063857000001008,231.5546875,between_stages,2.992580700010876,0.0050604999996721745,0.09193220001179725,2.73714050000126,0.024893099995097145,0.12194380001164973,167196,31931,29576,3473,0,0,0,0,0,1,1,29576,29576,59152,88728,36,3e12ac2ef1d1bf1b0d8b50f7eacf8245f9cf8a95cfaeff7fff19769a1a9cd32b
1098,61,Global MILP baseline,2,0,optimal_numerical,True,matplotlib,compact,1000000,1004814,True,580160,580160.0,0.0,22.60469720000401,938.3515625,between_stages,17.656691299998784,0.02215450000949204,0.657383599987952,14.947172600004706,0.2256535999913467,1.745698500002618,1004814,221524,188125,25190,0,0,0,0,0,1,1,188125,188125,376250,564375,145,0c8d18fa60b3d2baa563035e50267f19c06fefabf70062e19986debd8f464ae9
1099,61,Preprocessed global MILP,2,0,optimal_numerical,True,matplotlib,compact,1000000,1004814,True,580160,580160.0,0.0,8.329843700004858,591.296875,between_stages,3.5359897000016645,1.7825051999971038,0.004007000010460615,0.010996800003340468,0.000910000002477318,1.7195631000067806,1004814,221524,188125,25190,19907,5019,182823,187860,5007,126,5133,4,4,529,793,579046,a46ce12a7292f864f2e794d34492d9c9b0d1ea479ef4aa60906e68e7bb6970f2
1100,61,Join-restricted MILP,2,0,optimal_numerical,True,matplotlib,compact,1000000,1004814,True,580160,580160.0,0.0,11.752722500008531,707.10546875,between_stages,6.9779665999958524,0.013523900008294731,0.3991002999973716,4.575287700004992,0.20905150000180583,1.7372383000038099,1004814,221524,188125,25190,0,0,0,0,0,1,1,188125,25190,213315,238505,145,6a2b43ff06f9d81401839edccad8532e652f97497a213697a1327f3b3d933456
1101,61,Join-restricted MILP,2,1,optimal_numerical,True,matplotlib,compact,1000000,1004814,True,580160,580160.0,0.0,11.9194237000047,707.671875,between_stages,7.0253249000088545,0.014670399992610328,0.4045068999985233,4.5905818000028376,0.21150739998847712,1.7549522999906912,1004814,221524,188125,25190,0,0,0,0,0,1,1,188125,25190,213315,238505,145,6a2b43ff06f9d81401839edccad8532e652f97497a213697a1327f3b3d933456
1102,61,Global MILP baseline,2,1,optimal_numerical,True,matplotlib,compact,1000000,1004814,True,580160,580160.0,0.0,22.052626600008807,936.7890625,between_stages,17.255096399996546,0.0209055999876,0.6253209999995306,14.556880300006014,0.22683210000104737,1.768533499998739,1004814,221524,188125,25190,0,0,0,0,0,1,1,188125,188125,376250,564375,145,0c8d18fa60b3d2baa563035e50267f19c06fefabf70062e19986debd8f464ae9
1103,61,Preprocessed global MILP,2,1,optimal_numerical,True,matplotlib,compact,1000000,1004814,True,580160,580160.0,0.0,8.42014429999108,590.953125,between_stages,3.5458017000055406,1.7746220999979414,0.003261800011387095,0.011127799996756949,0.0006880000000819564,1.7396882000030018,1004814,221524,188125,25190,19907,5019,182823,187860,5007,126,5133,4,4,529,793,579046,a46ce12a7292f864f2e794d34492d9c9b0d1ea479ef4aa60906e68e7bb6970f2
1104,61,Join-restricted MILP,2,2,optimal_numerical,True,matplotlib,compact,1000000,1004814,True,580160,580160.0,0.0,11.725786099996185,708.75390625,between_stages,6.966746599995531,0.012750500012771226,0.4001330000028247,4.557530400008545,0.20846229999733623,1.7420790000032866,1004814,221524,188125,25190,0,0,0,0,0,1,1,188125,25190,213315,238505,145,6a2b43ff06f9d81401839edccad8532e652f97497a213697a1327f3b3d933456
1105,61,Preprocessed global MILP,2,2,optimal_numerical,True,matplotlib,compact,1000000,1004814,True,580160,580160.0,0.0,8.310390300001018,586.0234375,between_stages,3.5269790000020294,1.7980250000109663,0.0034654000046430156,0.012369699994451366,0.00074970000423491,1.693888199995854,1004814,221524,188125,25190,19907,5019,182823,187860,5007,126,5133,4,4,529,793,579046,a46ce12a7292f864f2e794d34492d9c9b0d1ea479ef4aa60906e68e7bb6970f2
1106,61,Global MILP baseline,2,2,optimal_numerical,True,matplotlib,compact,1000000,1004814,True,580160,580160.0,0.0,22.13713230000576,937.015625,between_stages,17.33885410000221,0.020830899986322038,0.6298458000092069,14.568556600002921,0.23778500000480562,1.8244718000059947,1004814,221524,188125,25190,0,0,0,0,0,1,1,188125,188125,376250,564375,145,0c8d18fa60b3d2baa563035e50267f19c06fefabf70062e19986debd8f464ae9
1107,61,Preprocessed global MILP,2,3,optimal_numerical,True,matplotlib,compact,1000000,1004814,True,580160,580160.0,0.0,8.365866099993582,584.13671875,between_stages,3.5478700999956345,1.7833831000025384,0.0032778000022517517,0.011540099992998876,0.0007735999970464036,1.7320410999964224,1004814,221524,188125,25190,19907,5019,182823,187860,5007,126,5133,4,4,529,793,579046,a46ce12a7292f864f2e794d34492d9c9b0d1ea479ef4aa60906e68e7bb6970f2
1108,61,Global MILP baseline,2,3,optimal_numerical,True,matplotlib,compact,1000000,1004814,True,580160,580160.0,0.0,22.095481299998937,939.9140625,between_stages,17.272724299997208,0.02076179999858141,0.6292422999977134,14.516201399994316,0.22809180000331253,1.8225617999996757,1004814,221524,188125,25190,0,0,0,0,0,1,1,188125,188125,376250,564375,145,0c8d18fa60b3d2baa563035e50267f19c06fefabf70062e19986debd8f464ae9
1109,61,Join-restricted MILP,2,3,optimal_numerical,True,matplotlib,compact,1000000,1004814,True,580160,580160.0,0.0,11.802084599999944,708.3203125,between_stages,7.007602300000144,0.013324400002602488,0.39807890000520274,4.5924649000080535,0.20841590000782162,1.749958600004902,1004814,221524,188125,25190,0,0,0,0,0,1,1,188125,25190,213315,238505,145,6a2b43ff06f9d81401839edccad8532e652f97497a213697a1327f3b3d933456
1110,61,Preprocessed global MILP,2,4,optimal_numerical,True,matplotlib,compact,1000000,1004814,True,580160,580160.0,0.0,8.275734500013641,588.26953125,between_stages,3.506071499999962,1.7799615999974776,0.0033435000077588484,0.01165719999698922,0.0007560999947600067,1.6931638999958523,1004814,221524,188125,25190,19907,5019,182823,187860,5007,126,5133,4,4,529,793,579046,a46ce12a7292f864f2e794d34492d9c9b0d1ea479ef4aa60906e68e7bb6970f2
1111,61,Join-restricted MILP,2,4,optimal_numerical,True,matplotlib,compact,1000000,1004814,True,580160,580160.0,0.0,11.815897200009204,710.40625,between_stages,7.034297600010177,0.013668300001882017,0.3987782999902265,4.586195099996985,0.20612480001000222,1.7838199000107124,1004814,221524,188125,25190,0,0,0,0,0,1,1,188125,25190,213315,238505,145,6a2b43ff06f9d81401839edccad8532e652f97497a213697a1327f3b3d933456
1112,61,Global MILP baseline,2,4,optimal_numerical,True,matplotlib,compact,1000000,1004814,True,580160,580160.0,0.0,22.126422199988156,937.07421875,between_stages,17.254489999992074,0.02233969999360852,0.6261880000092788,14.503270400004112,0.22689199999149423,1.818906500004232,1004814,221524,188125,25190,0,0,0,0,0,1,1,188125,188125,376250,564375,145,0c8d18fa60b3d2baa563035e50267f19c06fefabf70062e19986debd8f464ae9
1113,61,Global MILP baseline,2,5,optimal_numerical,True,matplotlib,compact,1000000,1004814,True,580160,580160.0,0.0,22.098019099998055,936.19921875,between_stages,17.284548299998278,0.02057579999382142,0.6306726000038907,14.616321300010895,0.22550980000232812,1.7331787000002805,1004814,221524,188125,25190,0,0,0,0,0,1,1,188125,188125,376250,564375,145,0c8d18fa60b3d2baa563035e50267f19c06fefabf70062e19986debd8f464ae9
1114,61,Join-restricted MILP,2,5,optimal_numerical,True,matplotlib,compact,1000000,1004814,True,580160,580160.0,0.0,11.753493800002616,707.7421875,between_stages,6.93634739999834,0.01300039999478031,0.39353469999332447,4.521641100000124,0.2067630000092322,1.7573342000105185,1004814,221524,188125,25190,0,0,0,0,0,1,1,188125,25190,213315,238505,145,6a2b43ff06f9d81401839edccad8532e652f97497a213697a1327f3b3d933456
1115,61,Preprocessed global MILP,2,5,optimal_numerical,True,matplotlib,compact,1000000,1004814,True,580160,580160.0,0.0,8.279862900002627,611.1328125,between_stages,3.5130815000011353,1.7699462000018684,0.0032943999976851046,0.011680199997499585,0.0007499999919673428,1.708584799998789,1004814,221524,188125,25190,19907,5019,182823,187860,5007,126,5133,4,4,529,793,579046,a46ce12a7292f864f2e794d34492d9c9b0d1ea479ef4aa60906e68e7bb6970f2
1116,62,Join-restricted MILP,2,0,optimal_numerical,True,pydantic,compact,1000000,366328,True,200884,200884.0,0.0,4.018174299999373,300.70703125,between_stages,2.235039399995003,0.006046799986506812,0.1277752000023611,1.4953058999963105,0.06066070000815671,0.5311669999937294,366328,72432,64637,10045,0,0,0,0,0,1,1,64637,10045,74682,84727,104,775ab1094f195856fcfa4e0788e38826a29517282b72d8f663df86a1dad78a9f
1117,62,Global MILP baseline,2,0,optimal_numerical,True,pydantic,compact,1000000,366328,True,200884,200884.0,0.0,8.484621299998253,407.5546875,between_stages,6.763697100002901,0.008215599998948164,0.2048907000134932,5.969186300004367,0.0659931999980472,0.49979699999676086,366328,72432,64637,10045,0,0,0,0,0,1,1,64637,64637,129274,193911,104,0ba1c2c2f4a9219819bd0ec44b47698105bdf9055355ef141f318b9265911b72
1118,62,Preprocessed global MILP,2,0,optimal_numerical,True,pydantic,compact,1000000,366328,True,200884,200884.0,0.0,2.684959300007904,248.31640625,between_stages,0.9797956999973394,0.4733704999962356,0.0021603999921353534,0.006034000005456619,0.000381799996830523,0.490492600001744,366328,72432,64637,10045,7906,2019,62481,64514,2012,57,2069,3,3,243,363,200371,ba936363f9c1b67fdf72484b300512a16f235ea72a2e1a8bb1ad78176994cc0c
1119,62,Join-restricted MILP,2,1,optimal_numerical,True,pydantic,compact,1000000,366328,True,200884,200884.0,0.0,4.0111894000001485,299.48046875,between_stages,2.2132906000042567,0.005044700010330416,0.13033420000283513,1.4931667999917408,0.06090139999287203,0.5094117999979062,366328,72432,64637,10045,0,0,0,0,0,1,1,64637,10045,74682,84727,104,775ab1094f195856fcfa4e0788e38826a29517282b72d8f663df86a1dad78a9f
1120,62,Preprocessed global MILP,2,1,optimal_numerical,True,pydantic,compact,1000000,366328,True,200884,200884.0,0.0,2.7401162999885855,251.02734375,between_stages,0.9698118000087561,0.4727619000041159,0.002214699998148717,0.006991000002017245,0.00037000000884290785,0.4803513000078965,366328,72432,64637,10045,7906,2019,62481,64514,2012,57,2069,3,3,243,363,200371,ba936363f9c1b67fdf72484b300512a16f235ea72a2e1a8bb1ad78176994cc0c
1121,62,Global MILP baseline,2,1,optimal_numerical,True,pydantic,compact,1000000,366328,True,200884,200884.0,0.0,8.520590600004653,407.82421875,between_stages,6.767249600001378,0.00960829999530688,0.20297569999820553,5.982005099998787,0.06646490001003258,0.4890039999881992,366328,72432,64637,10045,0,0,0,0,0,1,1,64637,64637,129274,193911,104,0ba1c2c2f4a9219819bd0ec44b47698105bdf9055355ef141f318b9265911b72
1122,62,Preprocessed global MILP,2,2,optimal_numerical,True,pydantic,compact,1000000,366328,True,200884,200884.0,0.0,2.728788299995358,245.140625,between_stages,0.9898647999943933,0.4711198000004515,0.0025615000049583614,0.0072835000028135255,0.0004315000114729628,0.49893500001053326,366328,72432,64637,10045,7906,2019,62481,64514,2012,57,2069,3,3,243,363,200371,ba936363f9c1b67fdf72484b300512a16f235ea72a2e1a8bb1ad78176994cc0c
1123,62,Global MILP baseline,2,2,optimal_numerical,True,pydantic,compact,1000000,366328,True,200884,200884.0,0.0,8.52864600000612,407.89453125,between_stages,6.74751610000385,0.007573399998364039,0.20507119999092538,5.9455408999929205,0.08649730001343414,0.4863513000018429,366328,72432,64637,10045,0,0,0,0,0,1,1,64637,64637,129274,193911,104,0ba1c2c2f4a9219819bd0ec44b47698105bdf9055355ef141f318b9265911b72
1124,62,Join-restricted MILP,2,2,optimal_numerical,True,pydantic,compact,1000000,366328,True,200884,200884.0,0.0,3.997786599997198,301.55078125,between_stages,2.260332700010622,0.005295399998431094,0.12726310000289232,1.5373400999960722,0.06065939999825787,0.5160529999993742,366328,72432,64637,10045,0,0,0,0,0,1,1,64637,10045,74682,84727,104,775ab1094f195856fcfa4e0788e38826a29517282b72d8f663df86a1dad78a9f
1125,62,Preprocessed global MILP,2,3,optimal_numerical,True,pydantic,compact,1000000,366328,True,200884,200884.0,0.0,2.7145613999891793,244.33203125,between_stages,0.9911042000021553,0.4760610999946948,0.002394099996308796,0.012524100005975924,0.0004141999961575493,0.49300729999959003,366328,72432,64637,10045,7906,2019,62481,64514,2012,57,2069,3,3,243,363,200371,ba936363f9c1b67fdf72484b300512a16f235ea72a2e1a8bb1ad78176994cc0c
1126,62,Join-restricted MILP,2,3,optimal_numerical,True,pydantic,compact,1000000,366328,True,200884,200884.0,0.0,4.0684154000045964,301.44140625,between_stages,2.223699599999236,0.008554200001526624,0.13042679999489337,1.5005492999916896,0.061534099993878044,0.5075421999936225,366328,72432,64637,10045,0,0,0,0,0,1,1,64637,10045,74682,84727,104,775ab1094f195856fcfa4e0788e38826a29517282b72d8f663df86a1dad78a9f
1127,62,Global MILP baseline,2,3,optimal_numerical,True,pydantic,compact,1000000,366328,True,200884,200884.0,0.0,8.569388899995829,407.75390625,between_stages,6.802797700001975,0.008346100003109314,0.20501730000250973,6.00897399999667,0.06678589999501128,0.4967892999993637,366328,72432,64637,10045,0,0,0,0,0,1,1,64637,64637,129274,193911,104,0ba1c2c2f4a9219819bd0ec44b47698105bdf9055355ef141f318b9265911b72
1128,62,Global MILP baseline,2,4,optimal_numerical,True,pydantic,compact,1000000,366328,True,200884,200884.0,0.0,8.483468599995831,407.6015625,between_stages,6.768871799999033,0.00785320000431966,0.20424720000301022,5.987466099992162,0.06647809999412857,0.48634149999998044,366328,72432,64637,10045,0,0,0,0,0,1,1,64637,64637,129274,193911,104,0ba1c2c2f4a9219819bd0ec44b47698105bdf9055355ef141f318b9265911b72
1129,62,Join-restricted MILP,2,4,optimal_numerical,True,pydantic,compact,1000000,366328,True,200884,200884.0,0.0,4.026463300004252,299.54296875,between_stages,2.246992499989574,0.005231100003584288,0.12732820000383072,1.4991893999977037,0.06175069999881089,0.5358865000016522,366328,72432,64637,10045,0,0,0,0,0,1,1,64637,10045,74682,84727,104,775ab1094f195856fcfa4e0788e38826a29517282b72d8f663df86a1dad78a9f
1130,62,Preprocessed global MILP,2,4,optimal_numerical,True,pydantic,compact,1000000,366328,True,200884,200884.0,0.0,2.6748994999943534,243.953125,between_stages,0.9673435999866342,0.4704591000045184,0.002428700012387708,0.006732499998179264,0.00037119998887646943,0.48014230000262614,366328,72432,64637,10045,7906,2019,62481,64514,2012,57,2069,3,3,243,363,200371,ba936363f9c1b67fdf72484b300512a16f235ea72a2e1a8bb1ad78176994cc0c
1131,62,Global MILP baseline,2,5,optimal_numerical,True,pydantic,compact,1000000,366328,True,200884,200884.0,0.0,8.503177399994456,408.59765625,between_stages,6.713504900006228,0.007681399991270155,0.20461709999653976,5.924036500000511,0.0658629999961704,0.4947900999977719,366328,72432,64637,10045,0,0,0,0,0,1,1,64637,64637,129274,193911,104,0ba1c2c2f4a9219819bd0ec44b47698105bdf9055355ef141f318b9265911b72
1132,62,Preprocessed global MILP,2,5,optimal_numerical,True,pydantic,compact,1000000,366328,True,200884,200884.0,0.0,2.7075914000015473,244.84375,between_stages,0.9660370000055991,0.4760392000025604,0.002301700005773455,0.0060582000005524606,0.00037939999310765415,0.474153799994383,366328,72432,64637,10045,7906,2019,62481,64514,2012,57,2069,3,3,243,363,200371,ba936363f9c1b67fdf72484b300512a16f235ea72a2e1a8bb1ad78176994cc0c
1133,62,Join-restricted MILP,2,5,optimal_numerical,True,pydantic,compact,1000000,366328,True,200884,200884.0,0.0,4.042453599991859,302.7421875,between_stages,2.2419843999959994,0.005372300001909025,0.1287428999930853,1.5004420000041137,0.06109439999272581,0.5317635999963386,366328,72432,64637,10045,0,0,0,0,0,1,1,64637,10045,74682,84727,104,775ab1094f195856fcfa4e0788e38826a29517282b72d8f663df86a1dad78a9f
1134,63,Join-restricted MILP,2,0,optimal_numerical,True,aiohttp,compact,1000000,231531,True,129492,129492.0,0.0,2.2407814000034705,214.74609375,between_stages,0.9302869999955874,0.00631009999779053,0.07411770000180695,0.6297650999913458,0.03342720000364352,0.17602410000108648,231531,46482,41231,6397,0,0,0,0,0,1,1,41231,6397,47628,54025,54,c3cd94cea44857a595dc551e6d61ba53073ad1fc8218570e26f6adfc7bc74b95
1135,63,Preprocessed global MILP,2,0,optimal_numerical,True,aiohttp,compact,1000000,231531,True,129492,129492.0,0.0,1.7433743000001414,181.58984375,between_stages,0.5903461999987485,0.2594924000004539,0.0029609000048367307,0.006169200001750141,0.0003132999991066754,0.31616960000246763,231531,46482,41231,6397,4938,1387,39760,41159,1380,35,1415,3,3,144,216,129190,4dfbe1d5f30c55c5aa7761d450ca13dba503cf09c08d2757f032732781477582
1136,63,Global MILP baseline,2,0,optimal_numerical,True,aiohttp,compact,1000000,231531,True,129492,129492.0,0.0,3.6059032999910414,268.09375,between_stages,2.259648699997342,0.005913299988606013,0.12020020000636578,1.9070108999876538,0.03589180001290515,0.17819980000786018,231531,46482,41231,6397,0,0,0,0,0,1,1,41231,41231,82462,123693,54,849011366c8857934c885793058fb4286734f15fa0d1f5113e601155495ffe27
1137,63,Preprocessed global MILP,2,1,optimal_numerical,True,aiohttp,compact,1000000,231531,True,129492,129492.0,0.0,1.7487281000067014,181.3515625,between_stages,0.5413114999973914,0.24942160000500735,0.002619899998535402,0.005445000002509914,0.00027200000477023423,0.2777421999926446,231531,46482,41231,6397,4938,1387,39760,41159,1380,35,1415,3,3,144,216,129190,4dfbe1d5f30c55c5aa7761d450ca13dba503cf09c08d2757f032732781477582
1138,63,Global MILP baseline,2,1,optimal_numerical,True,aiohttp,compact,1000000,231531,True,129492,129492.0,0.0,3.555029499999364,269.16796875,between_stages,2.269526300005964,0.00572719999763649,0.12032029998954386,1.9155705000011949,0.035449799994239584,0.1788208000070881,231531,46482,41231,6397,0,0,0,0,0,1,1,41231,41231,82462,123693,54,849011366c8857934c885793058fb4286734f15fa0d1f5113e601155495ffe27
1139,63,Join-restricted MILP,2,1,optimal_numerical,True,aiohttp,compact,1000000,231531,True,129492,129492.0,0.0,2.2516608000005363,214.44140625,between_stages,0.9261990999948466,0.0038152999914018437,0.07624469998700079,0.6291053000022657,0.03194610000355169,0.17462769999110606,231531,46482,41231,6397,0,0,0,0,0,1,1,41231,6397,47628,54025,54,c3cd94cea44857a595dc551e6d61ba53073ad1fc8218570e26f6adfc7bc74b95
1140,63,Preprocessed global MILP,2,2,optimal_numerical,True,aiohttp,compact,1000000,231531,True,129492,129492.0,0.0,1.7607473000098253,185.3671875,output_write,0.5946289999992587,0.2641654000035487,0.001996500010136515,0.006255400003283285,0.000308899994706735,0.3165129999979399,231531,46482,41231,6397,4938,1387,39760,41159,1380,35,1415,3,3,144,216,129190,4dfbe1d5f30c55c5aa7761d450ca13dba503cf09c08d2757f032732781477582
1141,63,Join-restricted MILP,2,2,optimal_numerical,True,aiohttp,compact,1000000,231531,True,129492,129492.0,0.0,2.2228896000015084,210.45703125,between_stages,0.9266575000074226,0.004254700004821643,0.07384599999932107,0.6289266999956453,0.03184979999787174,0.1769559000094887,231531,46482,41231,6397,0,0,0,0,0,1,1,41231,6397,47628,54025,54,c3cd94cea44857a595dc551e6d61ba53073ad1fc8218570e26f6adfc7bc74b95
1142,63,Global MILP baseline,2,2,optimal_numerical,True,aiohttp,compact,1000000,231531,True,129492,129492.0,0.0,3.5917802000039956,266.9921875,between_stages,2.2662437000108184,0.006943199987290427,0.12281640000583138,1.9113522999978159,0.03544790000887588,0.17721340000571217,231531,46482,41231,6397,0,0,0,0,0,1,1,41231,41231,82462,123693,54,849011366c8857934c885793058fb4286734f15fa0d1f5113e601155495ffe27
1143,63,Global MILP baseline,2,3,optimal_numerical,True,aiohttp,compact,1000000,231531,True,129492,129492.0,0.0,3.594826800006558,268.45703125,between_stages,2.310935600005905,0.005432399993878789,0.1341692999994848,1.9460145000048215,0.036785900010727346,0.1762823000026401,231531,46482,41231,6397,0,0,0,0,0,1,1,41231,41231,82462,123693,54,849011366c8857934c885793058fb4286734f15fa0d1f5113e601155495ffe27
1144,63,Join-restricted MILP,2,3,optimal_numerical,True,aiohttp,compact,1000000,231531,True,129492,129492.0,0.0,2.226291599989054,214.125,between_stages,0.9375179999915417,0.0038146000006236136,0.08208779999404214,0.6368253999971785,0.03175619999819901,0.1723264000029303,231531,46482,41231,6397,0,0,0,0,0,1,1,41231,6397,47628,54025,54,c3cd94cea44857a595dc551e6d61ba53073ad1fc8218570e26f6adfc7bc74b95
1145,63,Preprocessed global MILP,2,3,optimal_numerical,True,aiohttp,compact,1000000,231531,True,129492,129492.0,0.0,1.7080470000073547,181.13671875,between_stages,0.5420022000034805,0.24721120001049712,0.002438399998936802,0.007044399986625649,0.00027770000451710075,0.279005699994741,231531,46482,41231,6397,4938,1387,39760,41159,1380,35,1415,3,3,144,216,129190,4dfbe1d5f30c55c5aa7761d450ca13dba503cf09c08d2757f032732781477582
1146,63,Global MILP baseline,2,4,optimal_numerical,True,aiohttp,compact,1000000,231531,True,129492,129492.0,0.0,3.6065633999969577,267.390625,between_stages,2.2867158000008203,0.005568699998548254,0.12050190000445582,1.9279633999976795,0.03751900000497699,0.18229739999515004,231531,46482,41231,6397,0,0,0,0,0,1,1,41231,41231,82462,123693,54,849011366c8857934c885793058fb4286734f15fa0d1f5113e601155495ffe27
1147,63,Preprocessed global MILP,2,4,optimal_numerical,True,aiohttp,compact,1000000,231531,True,129492,129492.0,0.0,1.7480340000038268,182.52734375,between_stages,0.5671928000083426,0.24631000000226777,0.0024019000120460987,0.005709799996111542,0.0003634000022429973,0.3073290000029374,231531,46482,41231,6397,4938,1387,39760,41159,1380,35,1415,3,3,144,216,129190,4dfbe1d5f30c55c5aa7761d450ca13dba503cf09c08d2757f032732781477582
1148,63,Join-restricted MILP,2,4,optimal_numerical,True,aiohttp,compact,1000000,231531,True,129492,129492.0,0.0,2.26541810001072,212.12109375,between_stages,0.9273577999992995,0.003719699991052039,0.07475110000814311,0.6314339999953518,0.03201900000567548,0.1745632999954978,231531,46482,41231,6397,0,0,0,0,0,1,1,41231,6397,47628,54025,54,c3cd94cea44857a595dc551e6d61ba53073ad1fc8218570e26f6adfc7bc74b95
1149,63,Join-restricted MILP,2,5,optimal_numerical,True,aiohttp,compact,1000000,231531,True,129492,129492.0,0.0,2.235404399994877,216.3671875,between_stages,0.9342992000019876,0.003918399990652688,0.07429170000250451,0.6399867000000086,0.03217929998936597,0.17358319999766536,231531,46482,41231,6397,0,0,0,0,0,1,1,41231,6397,47628,54025,54,c3cd94cea44857a595dc551e6d61ba53073ad1fc8218570e26f6adfc7bc74b95
1150,63,Global MILP baseline,2,5,optimal_numerical,True,aiohttp,compact,1000000,231531,True,129492,129492.0,0.0,3.5848388000013074,269.9140625,between_stages,2.2689277999888873,0.005698699998902157,0.12051740000606515,1.915399100005743,0.036651300004450604,0.17826200000126846,231531,46482,41231,6397,0,0,0,0,0,1,1,41231,41231,82462,123693,54,849011366c8857934c885793058fb4286734f15fa0d1f5113e601155495ffe27
1151,63,Preprocessed global MILP,2,5,optimal_numerical,True,aiohttp,compact,1000000,231531,True,129492,129492.0,0.0,1.7202664999931585,185.80859375,between_stages,0.5497058000037214,0.253492500007269,0.0020538999960990623,0.0063627999916207045,0.0003316999936942011,0.27929320000112057,231531,46482,41231,6397,4938,1387,39760,41159,1380,35,1415,3,3,144,216,129190,4dfbe1d5f30c55c5aa7761d450ca13dba503cf09c08d2757f032732781477582
1152,64,Preprocessed global MILP,2,0,optimal_numerical,True,matplotlib,fielded,1000000,1011144,True,452277,452277.0,0.0,7.992568699992262,564.48046875,between_stages,2.5485617999947863,1.5796019999979762,0.0037760999985039234,0.014324399991892278,0.0007153000042308122,0.9296210000029532,1011144,230852,204845,21803,14644,6922,197308,204564,6137,74,6211,8,6,518,755,451379,87861300f53a5d4807e803bcdfcaf3ca53571dd4aff9ed37f3dcbdb3f707b3c4
1153,64,Global MILP baseline,2,0,limit_feasible,True,matplotlib,fielded,1000000,1011144,False,456969,452037.0,0.010792854657536944,33.44599420001032,1020.9765625,between_stages,28.821369700002833,0.022558399999979883,0.6456757999985712,26.93542460000026,0.19790749999810942,0.9580491000087932,1011144,230852,204845,21803,0,0,0,0,0,1,1,204845,204845,409690,614535,76,d31c3fb1549e9ee0426e486b24ddafdad99afac35a74e81c1ae1ec82356c9254
1154,64,Join-restricted MILP,2,0,optimal_numerical,True,matplotlib,fielded,1000000,1011144,True,452277,452277.0,0.0,20.50889769999776,727.99609375,between_stages,15.834838399998262,0.013596299992059357,0.3946132000128273,14.205602699992596,0.17889060000015888,0.9905713000043761,1011144,230852,204845,21803,0,0,0,0,0,1,1,204845,21803,226648,248451,76,0d244c5ced847a2988238dfc11a9347263243aec05f9da71bb59cc13cd798e1a
1155,64,Preprocessed global MILP,2,1,optimal_numerical,True,matplotlib,fielded,1000000,1011144,True,452277,452277.0,0.0,7.958113899992895,573.96875,between_stages,2.561258599991561,1.5854079999990063,0.003391499994904734,0.01441519999934826,0.0006825000018579885,0.9363097000023117,1011144,230852,204845,21803,14644,6922,197308,204564,6137,74,6211,8,6,518,755,451379,87861300f53a5d4807e803bcdfcaf3ca53571dd4aff9ed37f3dcbdb3f707b3c4
1156,64,Join-restricted MILP,2,1,optimal_numerical,True,matplotlib,fielded,1000000,1011144,True,452277,452277.0,0.0,20.478977999999188,726.3359375,between_stages,15.85632859999896,0.013194200000725687,0.3962758000125177,14.249896300010732,0.1780540000036126,0.9686559000110719,1011144,230852,204845,21803,0,0,0,0,0,1,1,204845,21803,226648,248451,76,0d244c5ced847a2988238dfc11a9347263243aec05f9da71bb59cc13cd798e1a
1157,64,Global MILP baseline,2,1,limit_feasible,True,matplotlib,fielded,1000000,1011144,False,456969,452037.0,0.010792854657536944,33.24180299999716,1019.671875,between_stages,28.590199999991455,0.02231020000181161,0.6526825000037206,26.7062195000035,0.1963227999949595,0.9516835999966133,1011144,230852,204845,21803,0,0,0,0,0,1,1,204845,204845,409690,614535,76,d31c3fb1549e9ee0426e486b24ddafdad99afac35a74e81c1ae1ec82356c9254
1158,64,Global MILP baseline,2,2,limit_feasible,True,matplotlib,fielded,1000000,1011144,False,456969,452037.0,0.010792854657536944,33.479347700005746,1021.171875,between_stages,28.74561710000853,0.022177700011525303,0.6443638999917312,26.8148816999892,0.20017060000100173,1.0020985000010114,1011144,230852,204845,21803,0,0,0,0,0,1,1,204845,204845,409690,614535,76,d31c3fb1549e9ee0426e486b24ddafdad99afac35a74e81c1ae1ec82356c9254
1159,64,Join-restricted MILP,2,2,optimal_numerical,True,matplotlib,fielded,1000000,1011144,True,452277,452277.0,0.0,20.35460430000967,727.25,between_stages,15.737478399998508,0.014920999994501472,0.3942920000117738,14.14021500000672,0.18072550000215415,0.9585138999973424,1011144,230852,204845,21803,0,0,0,0,0,1,1,204845,21803,226648,248451,76,0d244c5ced847a2988238dfc11a9347263243aec05f9da71bb59cc13cd798e1a
1160,64,Preprocessed global MILP,2,2,optimal_numerical,True,matplotlib,fielded,1000000,1011144,True,452277,452277.0,0.0,8.00134820000676,562.23046875,between_stages,2.5667453999922145,1.589628100002301,0.003149299998767674,0.015983999997843057,0.0007102999952621758,0.9371854000055464,1011144,230852,204845,21803,14644,6922,197308,204564,6137,74,6211,8,6,518,755,451379,87861300f53a5d4807e803bcdfcaf3ca53571dd4aff9ed37f3dcbdb3f707b3c4
1161,64,Global MILP baseline,2,3,limit_feasible,True,matplotlib,fielded,1000000,1011144,False,456969,452037.0,0.010792854657536944,33.19963010000356,1019.421875,between_stages,28.558301100012613,0.02252490000682883,0.6571263000078034,26.64870139998675,0.1977519000065513,0.9700441000022693,1011144,230852,204845,21803,0,0,0,0,0,1,1,204845,204845,409690,614535,76,d31c3fb1549e9ee0426e486b24ddafdad99afac35a74e81c1ae1ec82356c9254
1162,64,Preprocessed global MILP,2,3,optimal_numerical,True,matplotlib,fielded,1000000,1011144,True,452277,452277.0,0.0,7.960122799995588,564.484375,between_stages,2.5582397999969544,1.5835442000097828,0.003162200009683147,0.014159899990772828,0.00063189999491442,0.9371654000133276,1011144,230852,204845,21803,14644,6922,197308,204564,6137,74,6211,8,6,518,755,451379,87861300f53a5d4807e803bcdfcaf3ca53571dd4aff9ed37f3dcbdb3f707b3c4
1163,64,Join-restricted MILP,2,3,optimal_numerical,True,matplotlib,fielded,1000000,1011144,True,452277,452277.0,0.0,20.429502700004377,727.03125,between_stages,15.800826899998356,0.013556499994592741,0.39116220000141766,14.21246809999866,0.17668759998923633,0.9579353000008268,1011144,230852,204845,21803,0,0,0,0,0,1,1,204845,21803,226648,248451,76,0d244c5ced847a2988238dfc11a9347263243aec05f9da71bb59cc13cd798e1a
1164,64,Join-restricted MILP,2,4,optimal_numerical,True,matplotlib,fielded,1000000,1011144,True,452277,452277.0,0.0,20.31212349999987,727.21875,between_stages,15.694915100000799,0.01347600000735838,0.3929499000078067,14.081577000004472,0.178403600002639,0.977487199997995,1011144,230852,204845,21803,0,0,0,0,0,1,1,204845,21803,226648,248451,76,0d244c5ced847a2988238dfc11a9347263243aec05f9da71bb59cc13cd798e1a
1165,64,Global MILP baseline,2,4,limit_feasible,True,matplotlib,fielded,1000000,1011144,False,456969,452037.0,0.010792854657536944,33.5044593999919,1021.61328125,between_stages,28.793121599999722,0.022480799991171807,0.6511714999942342,26.87561380000261,0.19874199999321718,0.9831731000012951,1011144,230852,204845,21803,0,0,0,0,0,1,1,204845,204845,409690,614535,76,d31c3fb1549e9ee0426e486b24ddafdad99afac35a74e81c1ae1ec82356c9254
1166,64,Preprocessed global MILP,2,4,optimal_numerical,True,matplotlib,fielded,1000000,1011144,True,452277,452277.0,0.0,8.014666200004285,559.84765625,between_stages,2.5749963999987813,1.5882752999896184,0.004101800004718825,0.015184500007308088,0.0007138000073609874,0.946232099988265,1011144,230852,204845,21803,14644,6922,197308,204564,6137,74,6211,8,6,518,755,451379,87861300f53a5d4807e803bcdfcaf3ca53571dd4aff9ed37f3dcbdb3f707b3c4
1167,64,Join-restricted MILP,2,5,optimal_numerical,True,matplotlib,fielded,1000000,1011144,True,452277,452277.0,0.0,20.312536800003727,727.48046875,between_stages,15.674226499992074,0.013500800007022917,0.391823400001158,14.093236000000616,0.17875130000174977,0.9477985999983503,1011144,230852,204845,21803,0,0,0,0,0,1,1,204845,21803,226648,248451,76,0d244c5ced847a2988238dfc11a9347263243aec05f9da71bb59cc13cd798e1a
1168,64,Preprocessed global MILP,2,5,optimal_numerical,True,matplotlib,fielded,1000000,1011144,True,452277,452277.0,0.0,7.9584840000025,563.34375,between_stages,2.5388915999938035,1.5771932999923592,0.003216400000383146,0.013937600000645034,0.0006292000034591183,0.923537499998929,1011144,230852,204845,21803,14644,6922,197308,204564,6137,74,6211,8,6,518,755,451379,87861300f53a5d4807e803bcdfcaf3ca53571dd4aff9ed37f3dcbdb3f707b3c4
1169,64,Global MILP baseline,2,5,limit_feasible,True,matplotlib,fielded,1000000,1011144,False,456969,452037.0,0.010792854657536944,33.180265399991185,1019.55859375,between_stages,28.627688900000066,0.022047999998903833,0.6544776000082493,26.747918499997468,0.19464299999526702,0.9482373000064399,1011144,230852,204845,21803,0,0,0,0,0,1,1,204845,204845,409690,614535,76,d31c3fb1549e9ee0426e486b24ddafdad99afac35a74e81c1ae1ec82356c9254
1170,65,Preprocessed global MILP,2,0,optimal_numerical,True,pydantic,fielded,1000000,668703,True,264639,264639.0,0.0,4.5479544999980135,367.58984375,between_stages,1.5471848999877693,0.939260800005286,0.0028300000121816993,0.012963000001036562,0.0006487000064225867,0.578896100007114,668703,126352,118557,15146,10104,4833,113185,118298,4274,69,4343,6,5,468,677,263819,07737d7bb1192cbe034d2ab4554bfda8313d4a2d3c1be186f35cccfb90eed0ce
1171,65,Join-restricted MILP,2,0,optimal_numerical,True,pydantic,fielded,1000000,668703,True,264639,264639.0,0.0,12.465816099997028,490.90234375,between_stages,9.541938400012441,0.008274300009361468,0.24000689999957103,8.58319209999172,0.11462989999563433,0.5685754000005545,668703,126352,118557,15146,0,0,0,0,0,1,1,118557,15146,133703,148849,104,24dd85ad9e29a9ac9738232f064dd19e726431e0491de8e459663ee4f0c71bda
1172,65,Global MILP baseline,2,0,limit_feasible,True,pydantic,fielded,1000000,668703,False,264639,264567.0,0.0002720687427023228,31.160125200010953,780.95703125,between_stages,28.120114200006356,0.013362300000153482,0.3847763999947347,26.95263069999055,0.12474780000047758,0.6125020000035875,668703,126352,118557,15146,0,0,0,0,0,1,1,118557,118557,237114,355671,104,e661344c121715bb2266e23cd770b3dc1968841b7d5032d7fa61abf51b44d5b5
1173,65,Global MILP baseline,2,1,limit_feasible,True,pydantic,fielded,1000000,668703,False,264639,264567.0,0.0002720687427023228,30.946306099998765,751.84375,between_stages,28.020329100007075,0.013235999998869374,0.38369349999993574,26.91447779998998,0.12366160000965465,0.5539714000042295,668703,126352,118557,15146,0,0,0,0,0,1,1,118557,118557,237114,355671,104,e661344c121715bb2266e23cd770b3dc1968841b7d5032d7fa61abf51b44d5b5
1174,65,Join-restricted MILP,2,1,optimal_numerical,True,pydantic,fielded,1000000,668703,True,264639,264639.0,0.0,12.672844000000623,491.4453125,between_stages,9.72503119999601,0.008824500007904135,0.2540131999994628,8.73360129998764,0.11312989999714773,0.5809754999936558,668703,126352,118557,15146,0,0,0,0,0,1,1,118557,15146,133703,148849,104,24dd85ad9e29a9ac9738232f064dd19e726431e0491de8e459663ee4f0c71bda
1175,65,Preprocessed global MILP,2,1,optimal_numerical,True,pydantic,fielded,1000000,668703,True,264639,264639.0,0.0,4.469127300006221,369.42578125,between_stages,1.558887399995001,0.9722050999989733,0.0028941000055056065,0.012965300003997982,0.0006467999919550493,0.5573709000018425,668703,126352,118557,15146,10104,4833,113185,118298,4274,69,4343,6,5,468,677,263819,07737d7bb1192cbe034d2ab4554bfda8313d4a2d3c1be186f35cccfb90eed0ce
1176,65,Global MILP baseline,2,2,limit_feasible,True,pydantic,fielded,1000000,668703,False,264639,264567.0,0.0002720687427023228,30.983931399998255,781.84765625,between_stages,28.07255609999993,0.016757400007918477,0.39295949999359436,26.939780599990627,0.1238038999872515,0.561014899998554,668703,126352,118557,15146,0,0,0,0,0,1,1,118557,118557,237114,355671,104,e661344c121715bb2266e23cd770b3dc1968841b7d5032d7fa61abf51b44d5b5
1177,65,Preprocessed global MILP,2,2,optimal_numerical,True,pydantic,fielded,1000000,668703,True,264639,264639.0,0.0,4.474694399992586,369.30859375,between_stages,1.5526835000055144,0.9634594999952242,0.002929300011601299,0.013011800008825958,0.0006059000006644055,0.5605462999956217,668703,126352,118557,15146,10104,4833,113185,118298,4274,69,4343,6,5,468,677,263819,07737d7bb1192cbe034d2ab4554bfda8313d4a2d3c1be186f35cccfb90eed0ce
1178,65,Join-restricted MILP,2,2,optimal_numerical,True,pydantic,fielded,1000000,668703,True,264639,264639.0,0.0,12.569433700002264,489.9140625,between_stages,9.557672599999933,0.0087000000057742,0.24630790000082925,8.584680999992997,0.11249189999944065,0.5792169000051217,668703,126352,118557,15146,0,0,0,0,0,1,1,118557,15146,133703,148849,104,24dd85ad9e29a9ac9738232f064dd19e726431e0491de8e459663ee4f0c71bda
1179,65,Join-restricted MILP,2,3,optimal_numerical,True,pydantic,fielded,1000000,668703,True,264639,264639.0,0.0,12.363772400000016,489.7734375,between_stages,9.489412199996877,0.012110099996789359,0.24312440000358038,8.518327099998714,0.11633710000023711,0.5742088999977568,668703,126352,118557,15146,0,0,0,0,0,1,1,118557,15146,133703,148849,104,24dd85ad9e29a9ac9738232f064dd19e726431e0491de8e459663ee4f0c71bda
1180,65,Global MILP baseline,2,3,limit_feasible,True,pydantic,fielded,1000000,668703,False,264639,264567.0,0.0002720687427023228,31.079730800003745,752.20703125,between_stages,28.109377400003723,0.013452700004563667,0.389495800001896,26.97820440000214,0.122736100005568,0.5726150999980746,668703,126352,118557,15146,0,0,0,0,0,1,1,118557,118557,237114,355671,104,e661344c121715bb2266e23cd770b3dc1968841b7d5032d7fa61abf51b44d5b5
1181,65,Preprocessed global MILP,2,3,optimal_numerical,True,pydantic,fielded,1000000,668703,True,264639,264639.0,0.0,4.49854719999712,368.96875,between_stages,1.5697511000034865,0.9550576000037836,0.0033088000054704025,0.012466000000131316,0.0006240999937290326,0.5840005999925779,668703,126352,118557,15146,10104,4833,113185,118298,4274,69,4343,6,5,468,677,263819,07737d7bb1192cbe034d2ab4554bfda8313d4a2d3c1be186f35cccfb90eed0ce
1182,65,Join-restricted MILP,2,4,optimal_numerical,True,pydantic,fielded,1000000,668703,True,264639,264639.0,0.0,12.534500800000387,490.00390625,between_stages,9.525641300002462,0.00962240000080783,0.2382424999959767,8.55016969999997,0.11285639999550767,0.5867283999978099,668703,126352,118557,15146,0,0,0,0,0,1,1,118557,15146,133703,148849,104,24dd85ad9e29a9ac9738232f064dd19e726431e0491de8e459663ee4f0c71bda
1183,65,Preprocessed global MILP,2,4,optimal_numerical,True,pydantic,fielded,1000000,668703,True,264639,264639.0,0.0,4.565136099990923,372.90625,between_stages,1.5780356000032043,0.9549348000000464,0.0029907999996794388,0.013070499990135431,0.0006145999941509217,0.5917451999994228,668703,126352,118557,15146,10104,4833,113185,118298,4274,69,4343,6,5,468,677,263819,07737d7bb1192cbe034d2ab4554bfda8313d4a2d3c1be186f35cccfb90eed0ce
1184,65,Global MILP baseline,2,4,limit_feasible,True,pydantic,fielded,1000000,668703,False,264639,264567.0,0.0002720687427023228,31.28171619999921,751.96484375,between_stages,28.201842900001793,0.01222020000568591,0.3851622999936808,27.037157999991905,0.12326849999953993,0.6116535000037402,668703,126352,118557,15146,0,0,0,0,0,1,1,118557,118557,237114,355671,104,e661344c121715bb2266e23cd770b3dc1968841b7d5032d7fa61abf51b44d5b5
1185,65,Preprocessed global MILP,2,5,optimal_numerical,True,pydantic,fielded,1000000,668703,True,264639,264639.0,0.0,4.5384892000001855,371.70703125,between_stages,1.5698207999957958,0.9580770000029588,0.0028252999909454957,0.011522800006787293,0.0006118999881437048,0.5837410000094678,668703,126352,118557,15146,10104,4833,113185,118298,4274,69,4343,6,5,468,677,263819,07737d7bb1192cbe034d2ab4554bfda8313d4a2d3c1be186f35cccfb90eed0ce
1186,65,Global MILP baseline,2,5,limit_feasible,True,pydantic,fielded,1000000,668703,False,264639,264567.0,0.0002720687427023228,30.941072300003725,788.96484375,between_stages,28.057397600001423,0.013137699992512353,0.39381569999386556,26.93341140000848,0.1237488999904599,0.5617597000091337,668703,126352,118557,15146,0,0,0,0,0,1,1,118557,118557,237114,355671,104,e661344c121715bb2266e23cd770b3dc1968841b7d5032d7fa61abf51b44d5b5
1187,65,Join-restricted MILP,2,5,optimal_numerical,True,pydantic,fielded,1000000,668703,True,264639,264639.0,0.0,12.507296299998416,489.90625,between_stages,9.563347100003739,0.008935199992265552,0.2545234999997774,8.574472799999057,0.11255140000139363,0.5852720999973826,668703,126352,118557,15146,0,0,0,0,0,1,1,118557,15146,133703,148849,104,24dd85ad9e29a9ac9738232f064dd19e726431e0491de8e459663ee4f0c71bda
1188,66,Global MILP baseline,2,0,optimal_numerical,True,aiohttp,fielded,1000000,426119,True,172391,172391.0,0.0,14.086969500000123,481.51171875,between_stages,12.209693899989361,0.009215899990522303,0.23929129999305587,11.5531331999955,0.06659829999262001,0.3213633999985177,426119,81997,76746,10321,0,0,0,0,0,1,1,76746,76746,153492,230238,54,06eec9b341ffeffa015754cc94008cb241b040ac61ac98966491e8b19b611f79
1189,66,Join-restricted MILP,2,0,optimal_numerical,True,aiohttp,fielded,1000000,426119,True,172391,172391.0,0.0,6.345044700006838,341.66015625,between_stages,4.463289399995119,0.0062329000065801665,0.14260720000311267,3.9151812000054633,0.05927930001053028,0.3218998999946052,426119,81997,76746,10321,0,0,0,0,0,1,1,76746,10321,87067,97388,54,43dde71b4cee31fc9f4fe0ac070b068be8d6b2a80795bc10ac913121a8188740
1190,66,Preprocessed global MILP,2,0,optimal_numerical,True,aiohttp,fielded,1000000,426119,True,172391,172391.0,0.0,2.731211099991924,261.2890625,between_stages,0.8312011000089115,0.4872297999972943,0.0021960999874863774,0.0076865000010002404,0.00034729999606497586,0.3250832000048831,426119,81997,76746,10321,6564,3655,72758,76615,3300,33,3333,7,5,233,335,171983,95062d1ce437d8667dd5f6d8d7f19025ca077990e35d0bfb94b133c8689ca763
1191,66,Global MILP baseline,2,1,optimal_numerical,True,aiohttp,fielded,1000000,426119,True,172391,172391.0,0.0,14.093232100000023,482.203125,between_stages,12.160472100003972,0.00874590000603348,0.23314080000272952,11.5079318999924,0.06623559999570716,0.3252130000037141,426119,81997,76746,10321,0,0,0,0,0,1,1,76746,76746,153492,230238,54,06eec9b341ffeffa015754cc94008cb241b040ac61ac98966491e8b19b611f79
1192,66,Preprocessed global MILP,2,1,optimal_numerical,True,aiohttp,fielded,1000000,426119,True,172391,172391.0,0.0,2.716767100006109,258.46875,between_stages,0.8056617999973241,0.4731476000015391,0.0022759999992558733,0.009797499995329417,0.0003597000031732023,0.3116416999982903,426119,81997,76746,10321,6564,3655,72758,76615,3300,33,3333,7,5,233,335,171983,95062d1ce437d8667dd5f6d8d7f19025ca077990e35d0bfb94b133c8689ca763
1193,66,Join-restricted MILP,2,1,optimal_numerical,True,aiohttp,fielded,1000000,426119,True,172391,172391.0,0.0,6.375181399998837,341.41796875,between_stages,4.441812599994591,0.005754099998739548,0.1423444000101881,3.885157299999264,0.05959799999254756,0.32875780000176746,426119,81997,76746,10321,0,0,0,0,0,1,1,76746,10321,87067,97388,54,43dde71b4cee31fc9f4fe0ac070b068be8d6b2a80795bc10ac913121a8188740
1194,66,Join-restricted MILP,2,2,optimal_numerical,True,aiohttp,fielded,1000000,426119,True,172391,172391.0,0.0,6.383078300001216,341.21875,between_stages,4.5074922000057995,0.005694499996025115,0.14309030000003986,3.9433193000004394,0.05973720000474714,0.33773569999902975,426119,81997,76746,10321,0,0,0,0,0,1,1,76746,10321,87067,97388,54,43dde71b4cee31fc9f4fe0ac070b068be8d6b2a80795bc10ac913121a8188740
1195,66,Global MILP baseline,2,2,optimal_numerical,True,aiohttp,fielded,1000000,426119,True,172391,172391.0,0.0,14.026597799995216,480.85546875,between_stages,12.144168600003468,0.009199499996611848,0.23076039999432396,11.49136250000447,0.06676790000346955,0.3263107999955537,426119,81997,76746,10321,0,0,0,0,0,1,1,76746,76746,153492,230238,54,06eec9b341ffeffa015754cc94008cb241b040ac61ac98966491e8b19b611f79
1196,66,Preprocessed global MILP,2,2,optimal_numerical,True,aiohttp,fielded,1000000,426119,True,172391,172391.0,0.0,2.7755125999974553,258.453125,between_stages,0.808146499999566,0.47498739999718964,0.0023941999970702454,0.009644699995988049,0.0003252000024076551,0.3121231999975862,426119,81997,76746,10321,6564,3655,72758,76615,3300,33,3333,7,5,233,335,171983,95062d1ce437d8667dd5f6d8d7f19025ca077990e35d0bfb94b133c8689ca763
1197,66,Join-restricted MILP,2,3,optimal_numerical,True,aiohttp,fielded,1000000,426119,True,172391,172391.0,0.0,6.45622110000113,342.1484375,between_stages,4.493807499995455,0.006011399993440136,0.14400800000294112,3.930184199998621,0.058479500003159046,0.3381846999982372,426119,81997,76746,10321,0,0,0,0,0,1,1,76746,10321,87067,97388,54,43dde71b4cee31fc9f4fe0ac070b068be8d6b2a80795bc10ac913121a8188740
1198,66,Preprocessed global MILP,2,3,optimal_numerical,True,aiohttp,fielded,1000000,426119,True,172391,172391.0,0.0,2.710435699991649,258.6796875,between_stages,0.8087301000050502,0.47531740000704303,0.002357400007895194,0.00948670000070706,0.00036299999919719994,0.3117977000074461,426119,81997,76746,10321,6564,3655,72758,76615,3300,33,3333,7,5,233,335,171983,95062d1ce437d8667dd5f6d8d7f19025ca077990e35d0bfb94b133c8689ca763
1199,66,Global MILP baseline,2,3,optimal_numerical,True,aiohttp,fielded,1000000,426119,True,172391,172391.0,0.0,14.122692600009032,480.2421875,between_stages,12.136411400002544,0.008740599994780496,0.23287220000929665,11.476758099990548,0.06597820000024512,0.33149100000446197,426119,81997,76746,10321,0,0,0,0,0,1,1,76746,76746,153492,230238,54,06eec9b341ffeffa015754cc94008cb241b040ac61ac98966491e8b19b611f79
1200,66,Preprocessed global MILP,2,4,optimal_numerical,True,aiohttp,fielded,1000000,426119,True,172391,172391.0,0.0,2.710400399999344,259.6484375,between_stages,0.8197438000061084,0.47715199999220204,0.0022268000029725954,0.008287600008770823,0.00037769999471493065,0.3227474000013899,426119,81997,76746,10321,6564,3655,72758,76615,3300,33,3333,7,5,233,335,171983,95062d1ce437d8667dd5f6d8d7f19025ca077990e35d0bfb94b133c8689ca763
1201,66,Global MILP baseline,2,4,optimal_numerical,True,aiohttp,fielded,1000000,426119,True,172391,172391.0,0.0,14.025464899998042,481.0,between_stages,12.16284240000823,0.009267200002796017,0.23212129999592435,11.51436560000002,0.0661376000061864,0.32085170000209473,426119,81997,76746,10321,0,0,0,0,0,1,1,76746,76746,153492,230238,54,06eec9b341ffeffa015754cc94008cb241b040ac61ac98966491e8b19b611f79
1202,66,Join-restricted MILP,2,4,optimal_numerical,True,aiohttp,fielded,1000000,426119,True,172391,172391.0,0.0,6.347390799986897,341.3671875,between_stages,4.4610531000071205,0.005692200007615611,0.141772500006482,3.9144113000074867,0.06023970000387635,0.3220714000053704,426119,81997,76746,10321,0,0,0,0,0,1,1,76746,10321,87067,97388,54,43dde71b4cee31fc9f4fe0ac070b068be8d6b2a80795bc10ac913121a8188740
1203,66,Preprocessed global MILP,2,5,optimal_numerical,True,aiohttp,fielded,1000000,426119,True,172391,172391.0,0.0,2.7272857000061776,261.41015625,between_stages,0.8088731000025291,0.47776900000462774,0.0022068999969633296,0.008796900001470931,0.0003711000026669353,0.31086350000987295,426119,81997,76746,10321,6564,3655,72758,76615,3300,33,3333,7,5,233,335,171983,95062d1ce437d8667dd5f6d8d7f19025ca077990e35d0bfb94b133c8689ca763
1204,66,Join-restricted MILP,2,5,optimal_numerical,True,aiohttp,fielded,1000000,426119,True,172391,172391.0,0.0,6.407493299993803,340.87109375,between_stages,4.460093299989239,0.00568050000583753,0.1420329000102356,3.9047776000079466,0.05962090000684839,0.33064650000596885,426119,81997,76746,10321,0,0,0,0,0,1,1,76746,10321,87067,97388,54,43dde71b4cee31fc9f4fe0ac070b068be8d6b2a80795bc10ac913121a8188740
1205,66,Global MILP baseline,2,5,optimal_numerical,True,aiohttp,fielded,1000000,426119,True,172391,172391.0,0.0,14.059832500002813,480.703125,between_stages,12.14280200000212,0.009866599997621961,0.23477830000047106,11.470663399988553,0.06740410000202246,0.3409183000039775,426119,81997,76746,10321,0,0,0,0,0,1,1,76746,76746,153492,230238,54,06eec9b341ffeffa015754cc94008cb241b040ac61ac98966491e8b19b611f79
1206,67,Global MILP baseline,2,0,optimal_numerical,True,jsonschema,fielded,1000000,167196,True,64567,64567.0,0.0,3.497468999994453,234.13671875,between_stages,2.5511867000022903,0.004343599997810088,0.0856435000023339,2.305873999997857,0.02488719999382738,0.12019149999832734,167196,31931,29576,3473,0,0,0,0,0,1,1,29576,29576,59152,88728,36,3e12ac2ef1d1bf1b0d8b50f7eacf8245f9cf8a95cfaeff7fff19769a1a9cd32b
1207,67,Preprocessed global MILP,2,0,optimal_numerical,True,jsonschema,fielded,1000000,167196,True,64567,64567.0,0.0,1.2086815000075148,144.1484375,between_stages,0.2750605000037467,0.15126150001015048,0.0030759000073885545,0.006489400009741075,0.00023669999791309237,0.10855679999804124,167196,31931,29576,3473,2407,1008,28423,29504,895,20,915,7,5,130,188,64334,2c32f1afe8a48aea867cd15a96568589f04e5bb90ada4a0885c9572377cadf36
1208,67,Join-restricted MILP,2,0,optimal_numerical,True,jsonschema,fielded,1000000,167196,True,64567,64567.0,0.0,1.7439694000058807,173.58203125,output_write,0.8507867000007536,0.003080799986491911,0.050873999993200414,0.6525542000017595,0.020499099991866387,0.1146780000126455,167196,31931,29576,3473,0,0,0,0,0,1,1,29576,3473,33049,36522,36,49a85b6ae41c4c1e32a6fee903fae7f051617a05b68ba986abad43a9e3b3d89c
1209,67,Join-restricted MILP,2,1,optimal_numerical,True,jsonschema,fielded,1000000,167196,True,64567,64567.0,0.0,1.7610508000070695,173.04296875,between_stages,0.8399022999947192,0.0033785999985411763,0.050657400002819486,0.6481559999956517,0.021548999997321516,0.10699210000166204,167196,31931,29576,3473,0,0,0,0,0,1,1,29576,3473,33049,36522,36,49a85b6ae41c4c1e32a6fee903fae7f051617a05b68ba986abad43a9e3b3d89c
1210,67,Global MILP baseline,2,1,optimal_numerical,True,jsonschema,fielded,1000000,167196,True,64567,64567.0,0.0,3.5517653999995673,240.421875,between_stages,2.5965194000018528,0.0040290000033564866,0.08714679999684449,2.3373294999910286,0.027272899998934008,0.12974829999438953,167196,31931,29576,3473,0,0,0,0,0,1,1,29576,29576,59152,88728,36,3e12ac2ef1d1bf1b0d8b50f7eacf8245f9cf8a95cfaeff7fff19769a1a9cd32b
1211,67,Preprocessed global MILP,2,1,optimal_numerical,True,jsonschema,fielded,1000000,167196,True,64567,64567.0,0.0,1.1902966000052402,144.9921875,between_stages,0.29054799998993985,0.15898890000244137,0.0018354000058025122,0.009167900003376417,0.0003775999939534813,0.1133541999879526,167196,31931,29576,3473,2407,1008,28423,29504,895,20,915,7,5,130,188,64334,2c32f1afe8a48aea867cd15a96568589f04e5bb90ada4a0885c9572377cadf36
1212,67,Join-restricted MILP,2,2,optimal_numerical,True,jsonschema,fielded,1000000,167196,True,64567,64567.0,0.0,1.7378805999906035,172.79296875,between_stages,0.8429267000028631,0.0030319000070448965,0.05149360001087189,0.649279999997816,0.02100419999624137,0.1095672000083141,167196,31931,29576,3473,0,0,0,0,0,1,1,29576,3473,33049,36522,36,49a85b6ae41c4c1e32a6fee903fae7f051617a05b68ba986abad43a9e3b3d89c
1213,67,Preprocessed global MILP,2,2,optimal_numerical,True,jsonschema,fielded,1000000,167196,True,64567,64567.0,0.0,1.2067198000004282,144.27734375,between_stages,0.2815772000030847,0.15342869999585673,0.002068600006168708,0.007977100001880899,0.0002539000124670565,0.11259669999708422,167196,31931,29576,3473,2407,1008,28423,29504,895,20,915,7,5,130,188,64334,2c32f1afe8a48aea867cd15a96568589f04e5bb90ada4a0885c9572377cadf36
1214,67,Global MILP baseline,2,2,optimal_numerical,True,jsonschema,fielded,1000000,167196,True,64567,64567.0,0.0,3.4781910000019707,234.625,between_stages,2.591678700002376,0.004376199998660013,0.08834900001238566,2.3521199000097113,0.024854699993738905,0.11135450001165736,167196,31931,29576,3473,0,0,0,0,0,1,1,29576,29576,59152,88728,36,3e12ac2ef1d1bf1b0d8b50f7eacf8245f9cf8a95cfaeff7fff19769a1a9cd32b
1215,67,Preprocessed global MILP,2,3,optimal_numerical,True,jsonschema,fielded,1000000,167196,True,64567,64567.0,0.0,1.1969850000023143,143.3828125,between_stages,0.28241249998973217,0.14992929999425542,0.006102100000134669,0.008286699987365864,0.00024899998970795423,0.11293670001032297,167196,31931,29576,3473,2407,1008,28423,29504,895,20,915,7,5,130,188,64334,2c32f1afe8a48aea867cd15a96568589f04e5bb90ada4a0885c9572377cadf36
1216,67,Global MILP baseline,2,3,optimal_numerical,True,jsonschema,fielded,1000000,167196,True,64567,64567.0,0.0,3.455118500001845,235.22265625,between_stages,2.567375800004811,0.005275900010019541,0.08607590000610799,2.3308857000083663,0.023690699992584996,0.11095950000162702,167196,31931,29576,3473,0,0,0,0,0,1,1,29576,29576,59152,88728,36,3e12ac2ef1d1bf1b0d8b50f7eacf8245f9cf8a95cfaeff7fff19769a1a9cd32b
1217,67,Join-restricted MILP,2,3,optimal_numerical,True,jsonschema,fielded,1000000,167196,True,64567,64567.0,0.0,1.7583149999991292,172.30859375,between_stages,0.8705488999985391,0.0030820999963907525,0.049589499991270714,0.6706394999928307,0.02092840000113938,0.1176536999992095,167196,31931,29576,3473,0,0,0,0,0,1,1,29576,3473,33049,36522,36,49a85b6ae41c4c1e32a6fee903fae7f051617a05b68ba986abad43a9e3b3d89c
1218,67,Preprocessed global MILP,2,4,optimal_numerical,True,jsonschema,fielded,1000000,167196,True,64567,64567.0,0.0,1.1541279000084614,145.0546875,external_check,0.2677544000034686,0.14695409999694675,0.0018573999986983836,0.008613099998910911,0.0002775000029942021,0.10515319999831263,167196,31931,29576,3473,2407,1008,28423,29504,895,20,915,7,5,130,188,64334,2c32f1afe8a48aea867cd15a96568589f04e5bb90ada4a0885c9572377cadf36
1219,67,Join-restricted MILP,2,4,optimal_numerical,True,jsonschema,fielded,1000000,167196,True,64567,64567.0,0.0,1.751891699997941,176.3984375,between_stages,0.8568694999994477,0.0030966000049374998,0.05754439999873284,0.6562876000098186,0.020906499994453043,0.1103929000091739,167196,31931,29576,3473,0,0,0,0,0,1,1,29576,3473,33049,36522,36,49a85b6ae41c4c1e32a6fee903fae7f051617a05b68ba986abad43a9e3b3d89c
1220,67,Global MILP baseline,2,4,optimal_numerical,True,jsonschema,fielded,1000000,167196,True,64567,64567.0,0.0,3.4744295999989845,236.1875,between_stages,2.552824900005362,0.0047264000022551045,0.08588389999931678,2.3124027000012575,0.024144900002283975,0.11484100000234321,167196,31931,29576,3473,0,0,0,0,0,1,1,29576,29576,59152,88728,36,3e12ac2ef1d1bf1b0d8b50f7eacf8245f9cf8a95cfaeff7fff19769a1a9cd32b
1221,67,Global MILP baseline,2,5,optimal_numerical,True,jsonschema,fielded,1000000,167196,True,64567,64567.0,0.0,3.487557200001902,234.53515625,between_stages,2.5512885000061942,0.004077200006577186,0.08647949999431148,2.312040800010436,0.0242117000016151,0.11409329999878537,167196,31931,29576,3473,0,0,0,0,0,1,1,29576,29576,59152,88728,36,3e12ac2ef1d1bf1b0d8b50f7eacf8245f9cf8a95cfaeff7fff19769a1a9cd32b
1222,67,Join-restricted MILP,2,5,optimal_numerical,True,jsonschema,fielded,1000000,167196,True,64567,64567.0,0.0,1.7571705000009388,175.7109375,between_stages,0.8395210000016959,0.0031983999942895025,0.049970599997323006,0.6482998999999836,0.0208283000101801,0.1088679999957094,167196,31931,29576,3473,0,0,0,0,0,1,1,29576,3473,33049,36522,36,49a85b6ae41c4c1e32a6fee903fae7f051617a05b68ba986abad43a9e3b3d89c
1223,67,Preprocessed global MILP,2,5,optimal_numerical,True,jsonschema,fielded,1000000,167196,True,64567,64567.0,0.0,1.1603793999966001,144.63671875,between_stages,0.2676706999918679,0.14946250000502914,0.0017863999964902177,0.00636060000397265,0.00024219999613706023,0.10534829999960493,167196,31931,29576,3473,2407,1008,28423,29504,895,20,915,7,5,130,188,64334,2c32f1afe8a48aea867cd15a96568589f04e5bb90ada4a0885c9572377cadf36
1224,68,Join-restricted MILP,32,0,optimal_numerical,True,matplotlib,compact,1000000,1004814,True,755194,755194.0,0.0,11.139998899991042,709.859375,between_stages,6.404966800007969,0.015218100001220591,0.4077317000046605,3.9827851000009105,0.20317660000000615,1.7489079999941168,1004814,221524,188125,25190,0,0,0,0,0,1,1,188125,25190,213315,238505,145,6a2b43ff06f9d81401839edccad8532e652f97497a213697a1327f3b3d933456
1225,68,Global MILP baseline,32,0,optimal_numerical,True,matplotlib,compact,1000000,1004814,True,755194,755194.0,0.0,20.743522000004305,937.234375,between_stages,15.962359800003469,0.020898999995552003,0.6142738999915309,13.27566429998842,0.21960630000103265,1.777062900000601,1004814,221524,188125,25190,0,0,0,0,0,1,1,188125,188125,376250,564375,145,0c8d18fa60b3d2baa563035e50267f19c06fefabf70062e19986debd8f464ae9
1226,68,Preprocessed global MILP,32,0,optimal_numerical,True,matplotlib,compact,1000000,1004814,True,755194,755194.0,0.0,12.761649100008071,608.11328125,between_stages,7.958726000011666,6.0796751999878325,0.011528600007295609,0.07466289999138098,0.007234200005768798,1.7684701000107452,1004814,221524,188125,25190,2055,22535,155012,184331,13833,150,13983,232,33,4394,4994,717628,9e08c6d1e51012a095e9a11dfd3bc4033a900a4442c42f7991b6f7135f542d0b
1227,68,Join-restricted MILP,32,1,optimal_numerical,True,matplotlib,compact,1000000,1004814,True,755194,755194.0,0.0,11.201483899989398,710.17578125,between_stages,6.375192799998331,0.0128063000011025,0.39225019999139477,3.930014099998516,0.20385170000372455,1.7922472000063863,1004814,221524,188125,25190,0,0,0,0,0,1,1,188125,25190,213315,238505,145,6a2b43ff06f9d81401839edccad8532e652f97497a213697a1327f3b3d933456
1228,68,Preprocessed global MILP,32,1,optimal_numerical,True,matplotlib,compact,1000000,1004814,True,755194,755194.0,0.0,12.687261600003694,624.34375,between_stages,7.905977399990661,6.05963749998773,0.01216549999662675,0.07550670001364779,0.007002500002272427,1.734203999993042,1004814,221524,188125,25190,2055,22535,155012,184331,13833,150,13983,232,33,4394,4994,717628,9e08c6d1e51012a095e9a11dfd3bc4033a900a4442c42f7991b6f7135f542d0b
1229,68,Global MILP baseline,32,1,optimal_numerical,True,matplotlib,compact,1000000,1004814,True,755194,755194.0,0.0,20.704687399993418,936.1171875,between_stages,15.864046599992434,0.020844400001806207,0.6167274999897927,13.17194830000517,0.21984119999979157,1.7790666000073543,1004814,221524,188125,25190,0,0,0,0,0,1,1,188125,188125,376250,564375,145,0c8d18fa60b3d2baa563035e50267f19c06fefabf70062e19986debd8f464ae9
1230,68,Preprocessed global MILP,32,2,optimal_numerical,True,matplotlib,compact,1000000,1004814,True,755194,755194.0,0.0,12.691351700006635,612.55859375,between_stages,7.896779899994726,6.014894799998729,0.01139129999501165,0.0762780999939423,0.006844599993200973,1.7700245000014547,1004814,221524,188125,25190,2055,22535,155012,184331,13833,150,13983,232,33,4394,4994,717628,9e08c6d1e51012a095e9a11dfd3bc4033a900a4442c42f7991b6f7135f542d0b
1231,68,Global MILP baseline,32,2,optimal_numerical,True,matplotlib,compact,1000000,1004814,True,755194,755194.0,0.0,20.60376980000001,936.4375,between_stages,15.860790599996108,0.021239499998046085,0.6135511999891605,13.174072400011937,0.22164960000372957,1.7752525999967474,1004814,221524,188125,25190,0,0,0,0,0,1,1,188125,188125,376250,564375,145,0c8d18fa60b3d2baa563035e50267f19c06fefabf70062e19986debd8f464ae9
1232,68,Join-restricted MILP,32,2,optimal_numerical,True,matplotlib,compact,1000000,1004814,True,755194,755194.0,0.0,11.178978500000085,709.97265625,between_stages,6.36928220000118,0.012887300006696023,0.3931293000059668,3.9309692999959225,0.19913740000629332,1.7885195999988355,1004814,221524,188125,25190,0,0,0,0,0,1,1,188125,25190,213315,238505,145,6a2b43ff06f9d81401839edccad8532e652f97497a213697a1327f3b3d933456
1233,68,Preprocessed global MILP,32,3,optimal_numerical,True,matplotlib,compact,1000000,1004814,True,755194,755194.0,0.0,12.646543199996813,638.140625,between_stages,7.881513900007121,6.020936100001563,0.012137300000176765,0.07634899999538902,0.0070583000051556155,1.747520999997505,1004814,221524,188125,25190,2055,22535,155012,184331,13833,150,13983,232,33,4394,4994,717628,9e08c6d1e51012a095e9a11dfd3bc4033a900a4442c42f7991b6f7135f542d0b
1234,68,Join-restricted MILP,32,3,optimal_numerical,True,matplotlib,compact,1000000,1004814,True,755194,755194.0,0.0,11.23309270000027,707.99609375,between_stages,6.420470500001102,0.013357800009544007,0.3918210999981966,3.9703831000078935,0.20504200000141282,1.7946517999953358,1004814,221524,188125,25190,0,0,0,0,0,1,1,188125,25190,213315,238505,145,6a2b43ff06f9d81401839edccad8532e652f97497a213697a1327f3b3d933456
1235,68,Global MILP baseline,32,3,optimal_numerical,True,matplotlib,compact,1000000,1004814,True,755194,755194.0,0.0,20.743642300003557,937.0703125,between_stages,15.989613499987172,0.020813700000871904,0.6194430000032298,13.28746960000717,0.21916890000284184,1.7860437000053935,1004814,221524,188125,25190,0,0,0,0,0,1,1,188125,188125,376250,564375,145,0c8d18fa60b3d2baa563035e50267f19c06fefabf70062e19986debd8f464ae9
1236,68,Global MILP baseline,32,4,optimal_numerical,True,matplotlib,compact,1000000,1004814,True,755194,755194.0,0.0,20.689046500003315,936.734375,between_stages,15.864373500007787,0.0216111999907298,0.6345935999997891,13.16577769999276,0.21814889999222942,1.7675217999931192,1004814,221524,188125,25190,0,0,0,0,0,1,1,188125,188125,376250,564375,145,0c8d18fa60b3d2baa563035e50267f19c06fefabf70062e19986debd8f464ae9
1237,68,Join-restricted MILP,32,4,optimal_numerical,True,matplotlib,compact,1000000,1004814,True,755194,755194.0,0.0,11.1345588999975,708.27734375,between_stages,6.374013199994806,0.012747599990689196,0.39498989999992773,3.939831099996809,0.20007819999591447,1.7821888999897055,1004814,221524,188125,25190,0,0,0,0,0,1,1,188125,25190,213315,238505,145,6a2b43ff06f9d81401839edccad8532e652f97497a213697a1327f3b3d933456
1238,68,Preprocessed global MILP,32,4,optimal_numerical,True,matplotlib,compact,1000000,1004814,True,755194,755194.0,0.0,12.656554799992591,638.7578125,between_stages,7.851632999998401,6.029102200001944,0.012379899999359623,0.07586640000226907,0.00695389999600593,1.7091032000025734,1004814,221524,188125,25190,2055,22535,155012,184331,13833,150,13983,232,33,4394,4994,717628,9e08c6d1e51012a095e9a11dfd3bc4033a900a4442c42f7991b6f7135f542d0b
1239,68,Global MILP baseline,32,5,optimal_numerical,True,matplotlib,compact,1000000,1004814,True,755194,755194.0,0.0,20.63657789998979,936.671875,between_stages,15.833932199995616,0.021033199998782948,0.6192268000013428,13.152904200003832,0.2203087000088999,1.765348000000813,1004814,221524,188125,25190,0,0,0,0,0,1,1,188125,188125,376250,564375,145,0c8d18fa60b3d2baa563035e50267f19c06fefabf70062e19986debd8f464ae9
1240,68,Preprocessed global MILP,32,5,optimal_numerical,True,matplotlib,compact,1000000,1004814,True,755194,755194.0,0.0,12.645307600003434,608.48046875,between_stages,7.887844600001699,6.038276699997368,0.012008099991362542,0.07483470000443049,0.006998000011662953,1.738442900008522,1004814,221524,188125,25190,2055,22535,155012,184331,13833,150,13983,232,33,4394,4994,717628,9e08c6d1e51012a095e9a11dfd3bc4033a900a4442c42f7991b6f7135f542d0b
1241,68,Join-restricted MILP,32,5,optimal_numerical,True,matplotlib,compact,1000000,1004814,True,755194,755194.0,0.0,11.162639999995008,709.25,between_stages,6.373850799995125,0.012346500006970018,0.3920594999945024,3.937123800002155,0.2023823000054108,1.7853118999919388,1004814,221524,188125,25190,0,0,0,0,0,1,1,188125,25190,213315,238505,145,6a2b43ff06f9d81401839edccad8532e652f97497a213697a1327f3b3d933456
1242,69,Join-restricted MILP,32,0,optimal_numerical,True,pydantic,compact,1000000,366328,True,271102,271102.0,0.0,4.547883999999613,311.859375,between_stages,2.769809300007182,0.005157599996891804,0.12731689999054652,2.0560860999976285,0.059534600004553795,0.507500899999286,366328,72432,64637,10045,0,0,0,0,0,1,1,64637,10045,74682,84727,104,775ab1094f195856fcfa4e0788e38826a29517282b72d8f663df86a1dad78a9f
1243,69,Preprocessed global MILP,32,0,optimal_numerical,True,pydantic,compact,1000000,366328,True,271102,271102.0,0.0,3.3652275999920676,252.15625,between_stages,1.6083352999994531,1.0037334999942686,0.00833250000141561,0.08434519999718759,0.004811599996173754,0.4989315999991959,366328,72432,64637,10045,744,8926,50386,61377,4824,86,4910,788,43,3635,4010,240745,470bc14dcb57971504fe5ced448174b0bedf43c920af36de12a9121c54d6f3f0
1244,69,Global MILP baseline,32,0,optimal_numerical,True,pydantic,compact,1000000,366328,True,271102,271102.0,0.0,10.144785899989074,422.47265625,between_stages,8.404437100005453,0.008485500002279878,0.20110969999223016,7.606280199994217,0.0654997999954503,0.5071400000015274,366328,72432,64637,10045,0,0,0,0,0,1,1,64637,64637,129274,193911,104,0ba1c2c2f4a9219819bd0ec44b47698105bdf9055355ef141f318b9265911b72
1245,69,Preprocessed global MILP,32,1,optimal_numerical,True,pydantic,compact,1000000,366328,True,271102,271102.0,0.0,3.359594499997911,251.67578125,between_stages,1.625340500002494,1.001481800005422,0.0090007999970112,0.0779673999932129,0.004887400005827658,0.52434409999114,366328,72432,64637,10045,744,8926,50386,61377,4824,86,4910,788,43,3635,4010,240745,470bc14dcb57971504fe5ced448174b0bedf43c920af36de12a9121c54d6f3f0
1246,69,Global MILP baseline,32,1,optimal_numerical,True,pydantic,compact,1000000,366328,True,271102,271102.0,0.0,10.175237600007677,428.17578125,between_stages,8.383134699994116,0.007460900000296533,0.19826479999755975,7.592604399993434,0.06529389999923296,0.5034708000021055,366328,72432,64637,10045,0,0,0,0,0,1,1,64637,64637,129274,193911,104,0ba1c2c2f4a9219819bd0ec44b47698105bdf9055355ef141f318b9265911b72
1247,69,Join-restricted MILP,32,1,optimal_numerical,True,pydantic,compact,1000000,366328,True,271102,271102.0,0.0,4.492113900007098,311.3828125,between_stages,2.7612048000009963,0.005128899996634573,0.12705609999829903,2.049139099995955,0.059149900000193156,0.5060208000068087,366328,72432,64637,10045,0,0,0,0,0,1,1,64637,10045,74682,84727,104,775ab1094f195856fcfa4e0788e38826a29517282b72d8f663df86a1dad78a9f
1248,69,Preprocessed global MILP,32,2,optimal_numerical,True,pydantic,compact,1000000,366328,True,271102,271102.0,0.0,3.3753505000058794,256.72265625,between_stages,1.6436161000019638,1.0053649000037694,0.008740199991734698,0.08114120000391267,0.005135700004757382,0.5346028999920236,366328,72432,64637,10045,744,8926,50386,61377,4824,86,4910,788,43,3635,4010,240745,470bc14dcb57971504fe5ced448174b0bedf43c920af36de12a9121c54d6f3f0
1249,69,Join-restricted MILP,32,2,optimal_numerical,True,pydantic,compact,1000000,366328,True,271102,271102.0,0.0,4.499742900006822,311.83203125,between_stages,2.7707794000016293,0.004982699989341199,0.12647489999653772,2.0564497000013944,0.05936620000284165,0.5091707999963546,366328,72432,64637,10045,0,0,0,0,0,1,1,64637,10045,74682,84727,104,775ab1094f195856fcfa4e0788e38826a29517282b72d8f663df86a1dad78a9f
1250,69,Global MILP baseline,32,2,optimal_numerical,True,pydantic,compact,1000000,366328,True,271102,271102.0,0.0,10.13127749999694,423.38671875,between_stages,8.392719099996611,0.008070600000792183,0.1984641000017291,7.599954399993294,0.06492700001399498,0.5050215000082972,366328,72432,64637,10045,0,0,0,0,0,1,1,64637,64637,129274,193911,104,0ba1c2c2f4a9219819bd0ec44b47698105bdf9055355ef141f318b9265911b72
1251,69,Global MILP baseline,32,3,optimal_numerical,True,pydantic,compact,1000000,366328,True,271102,271102.0,0.0,10.11352079999051,421.77734375,between_stages,8.360035200006678,0.007616400005645119,0.198843999998644,7.564893500006292,0.064706400007708,0.5080117000034079,366328,72432,64637,10045,0,0,0,0,0,1,1,64637,64637,129274,193911,104,0ba1c2c2f4a9219819bd0ec44b47698105bdf9055355ef141f318b9265911b72
1252,69,Join-restricted MILP,32,3,optimal_numerical,True,pydantic,compact,1000000,366328,True,271102,271102.0,0.0,4.622408199997153,310.47265625,between_stages,2.8078599000000395,0.005038800009060651,0.1289369999867631,2.0423641999950632,0.06252779999340419,0.5548368000017945,366328,72432,64637,10045,0,0,0,0,0,1,1,64637,10045,74682,84727,104,775ab1094f195856fcfa4e0788e38826a29517282b72d8f663df86a1dad78a9f
1253,69,Preprocessed global MILP,32,3,optimal_numerical,True,pydantic,compact,1000000,366328,True,271102,271102.0,0.0,3.3696684000024106,251.4375,between_stages,1.6062916999944719,1.0094298000039998,0.008599699998740107,0.08123700000578538,0.0048839000082807615,0.4943799000029685,366328,72432,64637,10045,744,8926,50386,61377,4824,86,4910,788,43,3635,4010,240745,470bc14dcb57971504fe5ced448174b0bedf43c920af36de12a9121c54d6f3f0
1254,69,Global MILP baseline,32,4,optimal_numerical,True,pydantic,compact,1000000,366328,True,271102,271102.0,0.0,10.186332299999776,429.0234375,between_stages,8.360821700000088,0.0072788999968906865,0.2007302999991225,7.553339100006269,0.06484039999486413,0.517964500002563,366328,72432,64637,10045,0,0,0,0,0,1,1,64637,64637,129274,193911,104,0ba1c2c2f4a9219819bd0ec44b47698105bdf9055355ef141f318b9265911b72
1255,69,Preprocessed global MILP,32,4,optimal_numerical,True,pydantic,compact,1000000,366328,True,271102,271102.0,0.0,3.398456700000679,257.2265625,between_stages,1.6268337999936193,1.000090600005933,0.009788099996512756,0.07993260001239832,0.005104400013806298,0.5240138999943156,366328,72432,64637,10045,744,8926,50386,61377,4824,86,4910,788,43,3635,4010,240745,470bc14dcb57971504fe5ced448174b0bedf43c920af36de12a9121c54d6f3f0
1256,69,Join-restricted MILP,32,4,optimal_numerical,True,pydantic,compact,1000000,366328,True,271102,271102.0,0.0,4.528725999989547,312.23046875,between_stages,2.800297900001169,0.005320600001141429,0.1263631999900099,2.0843106000102125,0.060424800001783296,0.5092529000103241,366328,72432,64637,10045,0,0,0,0,0,1,1,64637,10045,74682,84727,104,775ab1094f195856fcfa4e0788e38826a29517282b72d8f663df86a1dad78a9f
1257,69,Join-restricted MILP,32,5,optimal_numerical,True,pydantic,compact,1000000,366328,True,271102,271102.0,0.0,4.50409829999262,311.32421875,between_stages,2.77212409999629,0.005294400005368516,0.12497570000414271,2.0569187000073725,0.05965219999779947,0.5111846999934642,366328,72432,64637,10045,0,0,0,0,0,1,1,64637,10045,74682,84727,104,775ab1094f195856fcfa4e0788e38826a29517282b72d8f663df86a1dad78a9f
1258,69,Global MILP baseline,32,5,optimal_numerical,True,pydantic,compact,1000000,366328,True,271102,271102.0,0.0,10.131896899998537,427.72265625,between_stages,8.391583100004937,0.007078599999658763,0.1984879999945406,7.5988261999882525,0.06514839999726973,0.5054644000047119,366328,72432,64637,10045,0,0,0,0,0,1,1,64637,64637,129274,193911,104,0ba1c2c2f4a9219819bd0ec44b47698105bdf9055355ef141f318b9265911b72
1259,69,Preprocessed global MILP,32,5,optimal_numerical,True,pydantic,compact,1000000,366328,True,271102,271102.0,0.0,3.366054300000542,251.19140625,between_stages,1.6010781999939354,1.00072499999078,0.008423300008871593,0.0804000000061933,0.004726900006062351,0.49908389999473,366328,72432,64637,10045,744,8926,50386,61377,4824,86,4910,788,43,3635,4010,240745,470bc14dcb57971504fe5ced448174b0bedf43c920af36de12a9121c54d6f3f0
1260,70,Preprocessed global MILP,32,0,optimal_numerical,True,aiohttp,compact,1000000,231531,True,172031,172031.0,0.0,2.146992099995259,188.55859375,external_check,0.9647017000097549,0.6325865000108024,0.004968699999153614,0.032895900003495626,0.001779099999112077,0.2866554000065662,231531,46482,41231,6397,444,5770,32816,40060,3347,40,3387,161,37,1354,1537,160054,520ce930cd7624df7fe7d79de1d3d3b515f2dea2c5d9ee435870d2a3c49d81b7
1261,70,Global MILP baseline,32,0,optimal_numerical,True,aiohttp,compact,1000000,231531,True,172031,172031.0,0.0,5.043093200001749,279.62890625,between_stages,3.842306299993652,0.005697899992810562,0.12623920000623912,3.362610999989556,0.03463180000835564,0.2990337999945041,231531,46482,41231,6397,0,0,0,0,0,1,1,41231,41231,82462,123693,54,849011366c8857934c885793058fb4286734f15fa0d1f5113e601155495ffe27
1262,70,Join-restricted MILP,32,0,optimal_numerical,True,aiohttp,compact,1000000,231531,True,172031,172031.0,0.0,2.5418101999966893,221.83203125,between_stages,1.3758894000056898,0.0037115000013727695,0.07308709999779239,0.9440463999926578,0.03154349999385886,0.31336780000128783,231531,46482,41231,6397,0,0,0,0,0,1,1,41231,6397,47628,54025,54,c3cd94cea44857a595dc551e6d61ba53073ad1fc8218570e26f6adfc7bc74b95
1263,70,Preprocessed global MILP,32,1,optimal_numerical,True,aiohttp,compact,1000000,231531,True,172031,172031.0,0.0,2.1886476000072435,189.03125,output_write,0.9766058000095654,0.6376487000088673,0.005044500008807518,0.03295230001094751,0.0017796000029193237,0.2903742000053171,231531,46482,41231,6397,444,5770,32816,40060,3347,40,3387,161,37,1354,1537,160054,520ce930cd7624df7fe7d79de1d3d3b515f2dea2c5d9ee435870d2a3c49d81b7
1264,70,Join-restricted MILP,32,1,optimal_numerical,True,aiohttp,compact,1000000,231531,True,172031,172031.0,0.0,2.5528955000045244,220.50390625,between_stages,1.3620910000026925,0.0041416000021854416,0.0734809999994468,0.9438006999989739,0.03134039998985827,0.2985818999877665,231531,46482,41231,6397,0,0,0,0,0,1,1,41231,6397,47628,54025,54,c3cd94cea44857a595dc551e6d61ba53073ad1fc8218570e26f6adfc7bc74b95
1265,70,Global MILP baseline,32,1,optimal_numerical,True,aiohttp,compact,1000000,231531,True,172031,172031.0,0.0,5.040159299998777,278.0,output_write,3.8189254000026267,0.0060548000037670135,0.11927680000371765,3.3471969999955036,0.03477949999796692,0.2987621000065701,231531,46482,41231,6397,0,0,0,0,0,1,1,41231,41231,82462,123693,54,849011366c8857934c885793058fb4286734f15fa0d1f5113e601155495ffe27
1266,70,Global MILP baseline,32,2,optimal_numerical,True,aiohttp,compact,1000000,231531,True,172031,172031.0,0.0,5.027344100002665,277.67578125,between_stages,3.813496499991743,0.0057588999916333705,0.11779820000811014,3.3416462000022875,0.03575070000078995,0.30002900000545196,231531,46482,41231,6397,0,0,0,0,0,1,1,41231,41231,82462,123693,54,849011366c8857934c885793058fb4286734f15fa0d1f5113e601155495ffe27
1267,70,Join-restricted MILP,32,2,optimal_numerical,True,aiohttp,compact,1000000,231531,True,172031,172031.0,0.0,2.5587969000043813,221.32421875,between_stages,1.356015400000615,0.0038481000083265826,0.07281039998633787,0.9443016000004718,0.03059460000076797,0.29360600000654813,231531,46482,41231,6397,0,0,0,0,0,1,1,41231,6397,47628,54025,54,c3cd94cea44857a595dc551e6d61ba53073ad1fc8218570e26f6adfc7bc74b95
1268,70,Preprocessed global MILP,32,2,optimal_numerical,True,aiohttp,compact,1000000,231531,True,172031,172031.0,0.0,2.1696279000025243,192.7109375,between_stages,0.9899764000001596,0.6515763999923365,0.003932100007659756,0.0315165999927558,0.0018486999906599522,0.2953592999983812,231531,46482,41231,6397,444,5770,32816,40060,3347,40,3387,161,37,1354,1537,160054,520ce930cd7624df7fe7d79de1d3d3b515f2dea2c5d9ee435870d2a3c49d81b7
1269,70,Global MILP baseline,32,3,optimal_numerical,True,aiohttp,compact,1000000,231531,True,172031,172031.0,0.0,5.007488999995985,278.25390625,between_stages,3.828026100003626,0.005818099991302006,0.11933529999805614,3.3471916999988025,0.037376300009782426,0.30579080000461545,231531,46482,41231,6397,0,0,0,0,0,1,1,41231,41231,82462,123693,54,849011366c8857934c885793058fb4286734f15fa0d1f5113e601155495ffe27
1270,70,Preprocessed global MILP,32,3,optimal_numerical,True,aiohttp,compact,1000000,231531,True,172031,172031.0,0.0,2.1433398999943165,189.01953125,output_write,0.9648027999937767,0.6314368000021204,0.004088599991519004,0.03180370001064148,0.0019504999945638701,0.288958699995419,231531,46482,41231,6397,444,5770,32816,40060,3347,40,3387,161,37,1354,1537,160054,520ce930cd7624df7fe7d79de1d3d3b515f2dea2c5d9ee435870d2a3c49d81b7
1271,70,Join-restricted MILP,32,3,optimal_numerical,True,aiohttp,compact,1000000,231531,True,172031,172031.0,0.0,2.593469500003266,219.25,between_stages,1.3685554999974556,0.0037341999995987862,0.07522959999914747,0.9540987999935169,0.03059939999366179,0.29415219998918474,231531,46482,41231,6397,0,0,0,0,0,1,1,41231,6397,47628,54025,54,c3cd94cea44857a595dc551e6d61ba53073ad1fc8218570e26f6adfc7bc74b95
1272,70,Join-restricted MILP,32,4,optimal_numerical,True,aiohttp,compact,1000000,231531,True,172031,172031.0,0.0,2.5605992000055267,221.62109375,between_stages,1.3723044999933336,0.0039871999906608835,0.07387929999094922,0.9526460999913979,0.03176089999033138,0.2987630999996327,231531,46482,41231,6397,0,0,0,0,0,1,1,41231,6397,47628,54025,54,c3cd94cea44857a595dc551e6d61ba53073ad1fc8218570e26f6adfc7bc74b95
1273,70,Global MILP baseline,32,4,optimal_numerical,True,aiohttp,compact,1000000,231531,True,172031,172031.0,0.0,5.013078200005111,276.171875,output_write,3.7997643999988213,0.0063144999876385555,0.11957570000959095,3.328611099990667,0.034931699992739595,0.29784030000155326,231531,46482,41231,6397,0,0,0,0,0,1,1,41231,41231,82462,123693,54,849011366c8857934c885793058fb4286734f15fa0d1f5113e601155495ffe27
1274,70,Preprocessed global MILP,32,4,optimal_numerical,True,aiohttp,compact,1000000,231531,True,172031,172031.0,0.0,2.178880299994489,189.44921875,output_write,0.9750062999955844,0.6397717000072589,0.00553149999177549,0.03228529999614693,0.0018684000096982345,0.2882785999972839,231531,46482,41231,6397,444,5770,32816,40060,3347,40,3387,161,37,1354,1537,160054,520ce930cd7624df7fe7d79de1d3d3b515f2dea2c5d9ee435870d2a3c49d81b7
1275,70,Join-restricted MILP,32,5,optimal_numerical,True,aiohttp,compact,1000000,231531,True,172031,172031.0,0.0,2.5708128999976907,220.140625,between_stages,1.3915228999976534,0.0041947999998228624,0.0746004999964498,0.9730808999884175,0.031190100009553134,0.29818820000218693,231531,46482,41231,6397,0,0,0,0,0,1,1,41231,6397,47628,54025,54,c3cd94cea44857a595dc551e6d61ba53073ad1fc8218570e26f6adfc7bc74b95
1276,70,Preprocessed global MILP,32,5,optimal_numerical,True,aiohttp,compact,1000000,231531,True,172031,172031.0,0.0,2.172365100006573,189.10546875,between_stages,0.9775855999905616,0.6397187000111444,0.004065799992531538,0.031371500008390285,0.0019074000010732561,0.2948245000006864,231531,46482,41231,6397,444,5770,32816,40060,3347,40,3387,161,37,1354,1537,160054,520ce930cd7624df7fe7d79de1d3d3b515f2dea2c5d9ee435870d2a3c49d81b7
1277,70,Global MILP baseline,32,5,optimal_numerical,True,aiohttp,compact,1000000,231531,True,172031,172031.0,0.0,4.997936200001277,277.56640625,output_write,3.8137678999919444,0.005763900000602007,0.12004720000550151,3.341517599998042,0.03423629999451805,0.299518400002853,231531,46482,41231,6397,0,0,0,0,0,1,1,41231,41231,82462,123693,54,849011366c8857934c885793058fb4286734f15fa0d1f5113e601155495ffe27
1278,71,Preprocessed global MILP,32,0,optimal_numerical,True,matplotlib,fielded,1000000,1011144,True,603322,603322.0,0.0,10.928136200003792,576.64453125,between_stages,6.243797600007383,4.166232800009311,0.02431550000619609,0.3049824999907287,0.01500050000322517,1.7109453000011854,1011144,230852,204845,21803,1827,18873,167008,193674,8365,116,8481,7324,662,12274,13377,529313,1dc057a4a60fc57638f6fc3eb73e93e1358b19cd1c888fca09d2980688601063
1279,71,Join-restricted MILP,32,0,optimal_numerical,True,matplotlib,fielded,1000000,1011144,True,603322,603322.0,0.0,24.738575800001854,767.33984375,between_stages,20.091075400006957,0.0141872000094736,0.3997244999918621,17.74228089999815,0.17705860000569373,1.7094956999935675,1011144,230852,204845,21803,0,0,0,0,0,1,1,204845,21803,226648,248451,76,0d244c5ced847a2988238dfc11a9347263243aec05f9da71bb59cc13cd798e1a
1280,71,Global MILP baseline,32,0,limit_feasible,True,matplotlib,fielded,1000000,1011144,False,603322,603153.0,0.0002801157590805573,33.88194540000404,1068.64453125,between_stages,29.129154999987804,0.02230930000951048,0.647335200002999,26.399471100012306,0.19715190000715666,1.8015406000049552,1011144,230852,204845,21803,0,0,0,0,0,1,1,204845,204845,409690,614535,76,d31c3fb1549e9ee0426e486b24ddafdad99afac35a74e81c1ae1ec82356c9254
1281,71,Global MILP baseline,32,1,limit_feasible,True,matplotlib,fielded,1000000,1011144,False,603322,603153.0,0.0002801157590805573,33.88718659999722,1067.40625,between_stages,29.122595799999544,0.02232239999284502,0.6713316999957897,26.39867320000485,0.19599350000498816,1.771625800000038,1011144,230852,204845,21803,0,0,0,0,0,1,1,204845,204845,409690,614535,76,d31c3fb1549e9ee0426e486b24ddafdad99afac35a74e81c1ae1ec82356c9254
1282,71,Join-restricted MILP,32,1,optimal_numerical,True,matplotlib,fielded,1000000,1011144,True,603322,603322.0,0.0,25.136476100000436,771.43359375,between_stages,20.41882859999896,0.014053300008527003,0.39438320000772364,17.967272499998217,0.18909010000061244,1.802298000009614,1011144,230852,204845,21803,0,0,0,0,0,1,1,204845,21803,226648,248451,76,0d244c5ced847a2988238dfc11a9347263243aec05f9da71bb59cc13cd798e1a
1283,71,Preprocessed global MILP,32,1,optimal_numerical,True,matplotlib,fielded,1000000,1011144,True,603322,603322.0,0.0,11.060442900008638,577.0078125,between_stages,6.322737299997243,4.250376099997084,0.024171199998818338,0.2889341999980388,0.014627099997596815,1.7211514000082389,1011144,230852,204845,21803,1827,18873,167008,193674,8365,116,8481,7324,662,12274,13377,529313,1dc057a4a60fc57638f6fc3eb73e93e1358b19cd1c888fca09d2980688601063
1284,71,Global MILP baseline,32,2,limit_feasible,True,matplotlib,fielded,1000000,1011144,False,603322,603153.0,0.0002801157590805573,33.71182199999748,1069.86328125,between_stages,29.045305599996937,0.022173899997142144,0.662397799998871,26.377720599994063,0.19832860000315122,1.7230317999928957,1011144,230852,204845,21803,0,0,0,0,0,1,1,204845,204845,409690,614535,76,d31c3fb1549e9ee0426e486b24ddafdad99afac35a74e81c1ae1ec82356c9254
1285,71,Preprocessed global MILP,32,2,optimal_numerical,True,matplotlib,fielded,1000000,1011144,True,603322,603322.0,0.0,11.037054900007206,574.0625,between_stages,6.315727099994547,4.234845200000564,0.02413100001285784,0.2856088999978965,0.014627600001404062,1.7332606999989366,1011144,230852,204845,21803,1827,18873,167008,193674,8365,116,8481,7324,662,12274,13377,529313,1dc057a4a60fc57638f6fc3eb73e93e1358b19cd1c888fca09d2980688601063
1286,71,Join-restricted MILP,32,2,optimal_numerical,True,matplotlib,fielded,1000000,1011144,True,603322,603322.0,0.0,25.072284399997443,769.78125,between_stages,20.341356099990662,0.01369880000129342,0.3934596000035526,17.975320700003067,0.1787999999942258,1.730570900006569,1011144,230852,204845,21803,0,0,0,0,0,1,1,204845,21803,226648,248451,76,0d244c5ced847a2988238dfc11a9347263243aec05f9da71bb59cc13cd798e1a
1287,71,Join-restricted MILP,32,3,optimal_numerical,True,matplotlib,fielded,1000000,1011144,True,603322,603322.0,0.0,24.956222299995716,780.03515625,between_stages,20.245541199998115,0.01616269999067299,0.3876072999992175,17.831238799990388,0.17728049999277573,1.7840537000010954,1011144,230852,204845,21803,0,0,0,0,0,1,1,204845,21803,226648,248451,76,0d244c5ced847a2988238dfc11a9347263243aec05f9da71bb59cc13cd798e1a
1288,71,Global MILP baseline,32,3,limit_feasible,True,matplotlib,fielded,1000000,1011144,False,603322,603153.0,0.0002801157590805573,33.973383199991076,1067.5234375,between_stages,29.3007035000046,0.022852900001453236,0.645532299997285,26.632210199997644,0.1941480999958003,1.7447718000039458,1011144,230852,204845,21803,0,0,0,0,0,1,1,204845,204845,409690,614535,76,d31c3fb1549e9ee0426e486b24ddafdad99afac35a74e81c1ae1ec82356c9254
1289,71,Preprocessed global MILP,32,3,optimal_numerical,True,matplotlib,fielded,1000000,1011144,True,603322,603322.0,0.0,10.978490800000145,577.66015625,between_stages,6.272974799998337,4.195720999996411,0.025432199996430427,0.28565679999883287,0.015134200002648868,1.7286648000008427,1011144,230852,204845,21803,1827,18873,167008,193674,8365,116,8481,7324,662,12274,13377,529313,1dc057a4a60fc57638f6fc3eb73e93e1358b19cd1c888fca09d2980688601063
1290,71,Join-restricted MILP,32,4,optimal_numerical,True,matplotlib,fielded,1000000,1011144,True,603322,603322.0,0.0,24.928966500010574,764.01953125,between_stages,20.24573429999873,0.014333400002215058,0.39367309999943245,17.870613100007176,0.17348340000899043,1.7400150000030408,1011144,230852,204845,21803,0,0,0,0,0,1,1,204845,21803,226648,248451,76,0d244c5ced847a2988238dfc11a9347263243aec05f9da71bb59cc13cd798e1a
1291,71,Preprocessed global MILP,32,4,optimal_numerical,True,matplotlib,fielded,1000000,1011144,True,603322,603322.0,0.0,10.944780000005267,579.0546875,between_stages,6.248127899991232,4.201574200007599,0.02353880000009667,0.2859057000023313,0.015515599996433593,1.6987469000014244,1011144,230852,204845,21803,1827,18873,167008,193674,8365,116,8481,7324,662,12274,13377,529313,1dc057a4a60fc57638f6fc3eb73e93e1358b19cd1c888fca09d2980688601063
1292,71,Global MILP baseline,32,4,limit_feasible,True,matplotlib,fielded,1000000,1011144,False,603322,603153.0,0.0002801157590805573,34.09332389998599,1069.953125,between_stages,29.354001899992,0.02232489999732934,0.6559747999999672,26.661028400005307,0.1960386999999173,1.7579767999995966,1011144,230852,204845,21803,0,0,0,0,0,1,1,204845,204845,409690,614535,76,d31c3fb1549e9ee0426e486b24ddafdad99afac35a74e81c1ae1ec82356c9254
1293,71,Preprocessed global MILP,32,5,optimal_numerical,True,matplotlib,fielded,1000000,1011144,True,603322,603322.0,0.0,10.99828780000098,574.5390625,between_stages,6.324604300010833,4.192527400009567,0.02330640000582207,0.300548200000776,0.014767500004381873,1.7689217000006465,1011144,230852,204845,21803,1827,18873,167008,193674,8365,116,8481,7324,662,12274,13377,529313,1dc057a4a60fc57638f6fc3eb73e93e1358b19cd1c888fca09d2980688601063
1294,71,Global MILP baseline,32,5,limit_feasible,True,matplotlib,fielded,1000000,1011144,False,603322,603179.0,0.00023702102691431772,33.760482800003956,1067.33203125,between_stages,29.048308799989172,0.022437299994635396,0.6511444000061601,26.42018950000056,0.19399349999730475,1.6995108999981312,1011144,230852,204845,21803,0,0,0,0,0,1,1,204845,204845,409690,614535,76,d31c3fb1549e9ee0426e486b24ddafdad99afac35a74e81c1ae1ec82356c9254
1295,71,Join-restricted MILP,32,5,optimal_numerical,True,matplotlib,fielded,1000000,1011144,True,603322,603322.0,0.0,24.5356824999908,763.6484375,between_stages,19.88679430000775,0.013068200001725927,0.38602849999733735,17.5262711999967,0.17388629999186378,1.738272999995388,1011144,230852,204845,21803,0,0,0,0,0,1,1,204845,21803,226648,248451,76,0d244c5ced847a2988238dfc11a9347263243aec05f9da71bb59cc13cd798e1a
1296,72,Global MILP baseline,32,0,limit_feasible,True,pydantic,fielded,1000000,668703,False,370928,370683.0,0.000660505542854678,31.581242900007055,770.2734375,between_stages,28.138301599989063,0.012623099988559261,0.4024258999997983,26.96382459999586,0.122445200002403,0.6032582000043476,668703,126352,118557,15146,0,0,0,0,0,1,1,118557,118557,237114,355671,104,e661344c121715bb2266e23cd770b3dc1968841b7d5032d7fa61abf51b44d5b5
1297,72,Join-restricted MILP,32,0,optimal_numerical,True,pydantic,fielded,1000000,668703,True,370927,370927.0,0.0,17.101456799995503,522.6484375,between_stages,13.659663999991608,0.009033399997861125,0.24007639999035746,12.675877999994555,0.11075349999009632,0.5987530999991577,668703,126352,118557,15146,0,0,0,0,0,1,1,118557,15146,133703,148849,104,24dd85ad9e29a9ac9738232f064dd19e726431e0491de8e459663ee4f0c71bda
1298,72,Preprocessed global MILP,32,0,optimal_numerical,True,pydantic,fielded,1000000,668703,True,370927,370927.0,0.0,6.63755410000158,378.65625,between_stages,3.6982875000103377,2.304169199996977,0.02334409998729825,0.2828604000096675,0.014816899987636134,1.0578403000108665,668703,126352,118557,15146,1205,12937,90660,106946,4886,65,4951,9916,783,12615,13619,296445,b73cfa6f51898d2a8f87f2b7ceb0cfda6ee177591e633fbba7df0a98ce3dc91f
1299,72,Global MILP baseline,32,1,limit_feasible,True,pydantic,fielded,1000000,668703,False,370928,370683.0,0.000660505542854678,31.363730800003395,783.703125,between_stages,27.887693199998466,0.013704999990295619,0.4039766000059899,26.694291599997086,0.12272200000006706,0.6217462999920826,668703,126352,118557,15146,0,0,0,0,0,1,1,118557,118557,237114,355671,104,e661344c121715bb2266e23cd770b3dc1968841b7d5032d7fa61abf51b44d5b5
1300,72,Preprocessed global MILP,32,1,optimal_numerical,True,pydantic,fielded,1000000,668703,True,370927,370927.0,0.0,6.613418199995067,381.90234375,between_stages,3.665036099991994,2.32612360001076,0.023837799992179498,0.28750040000886656,0.01524190000782255,0.997846500002197,668703,126352,118557,15146,1205,12937,90660,106946,4886,65,4951,9916,783,12615,13619,296445,b73cfa6f51898d2a8f87f2b7ceb0cfda6ee177591e633fbba7df0a98ce3dc91f
1301,72,Join-restricted MILP,32,1,optimal_numerical,True,pydantic,fielded,1000000,668703,True,370927,370927.0,0.0,16.99466840000241,526.8203125,between_stages,13.561489300001995,0.008185300001059659,0.2365843000006862,12.58782240000437,0.11182420000841375,0.5900527000048896,668703,126352,118557,15146,0,0,0,0,0,1,1,118557,15146,133703,148849,104,24dd85ad9e29a9ac9738232f064dd19e726431e0491de8e459663ee4f0c71bda
1302,72,Join-restricted MILP,32,2,optimal_numerical,True,pydantic,fielded,1000000,668703,True,370927,370927.0,0.0,17.100172200007364,513.20703125,between_stages,13.651603899998008,0.009280300000682473,0.252902099993662,12.642215300002135,0.11144880000210833,0.6054870000079973,668703,126352,118557,15146,0,0,0,0,0,1,1,118557,15146,133703,148849,104,24dd85ad9e29a9ac9738232f064dd19e726431e0491de8e459663ee4f0c71bda
1303,72,Global MILP baseline,32,2,limit_feasible,True,pydantic,fielded,1000000,668703,False,370928,370683.0,0.000660505542854678,31.522575700000743,786.59375,between_stages,27.99945669999579,0.012580999988131225,0.3857592999993358,26.791985500007286,0.12588809999579098,0.6504955999989761,668703,126352,118557,15146,0,0,0,0,0,1,1,118557,118557,237114,355671,104,e661344c121715bb2266e23cd770b3dc1968841b7d5032d7fa61abf51b44d5b5
1304,72,Preprocessed global MILP,32,2,optimal_numerical,True,pydantic,fielded,1000000,668703,True,370927,370927.0,0.0,6.608559200001764,381.28125,between_stages,3.6213196000026073,2.281195799994748,0.02384419999725651,0.282960099997581,0.016346900010830723,1.001720700005535,668703,126352,118557,15146,1205,12937,90660,106946,4886,65,4951,9916,783,12615,13619,296445,b73cfa6f51898d2a8f87f2b7ceb0cfda6ee177591e633fbba7df0a98ce3dc91f
1305,72,Join-restricted MILP,32,3,optimal_numerical,True,pydantic,fielded,1000000,668703,True,370927,370927.0,0.0,17.06308120000176,512.4453125,between_stages,13.5797986999969,0.009005400002934039,0.2376386999967508,12.566434700012906,0.1104951000015717,0.628979299988714,668703,126352,118557,15146,0,0,0,0,0,1,1,118557,15146,133703,148849,104,24dd85ad9e29a9ac9738232f064dd19e726431e0491de8e459663ee4f0c71bda
1306,72,Preprocessed global MILP,32,3,optimal_numerical,True,pydantic,fielded,1000000,668703,True,370927,370927.0,0.0,6.677723699991475,384.08203125,between_stages,3.69412870000815,2.301636599993799,0.022967199998674914,0.2833260000043083,0.01502569999138359,1.0569561000011163,668703,126352,118557,15146,1205,12937,90660,106946,4886,65,4951,9916,783,12615,13619,296445,b73cfa6f51898d2a8f87f2b7ceb0cfda6ee177591e633fbba7df0a98ce3dc91f
1307,72,Global MILP baseline,32,3,limit_feasible,True,pydantic,fielded,1000000,668703,False,370928,370683.0,0.000660505542854678,31.604796899991925,767.984375,between_stages,28.175595099994098,0.012362699999357574,0.38112740000360645,27.01054230000591,0.12142009999661241,0.616918200001237,668703,126352,118557,15146,0,0,0,0,0,1,1,118557,118557,237114,355671,104,e661344c121715bb2266e23cd770b3dc1968841b7d5032d7fa61abf51b44d5b5
1308,72,Preprocessed global MILP,32,4,optimal_numerical,True,pydantic,fielded,1000000,668703,True,370927,370927.0,0.0,6.628090500002145,379.265625,between_stages,3.654464999999618,2.2978998999897158,0.024312199995620176,0.2809456999966642,0.015069800007040612,1.0201453000045149,668703,126352,118557,15146,1205,12937,90660,106946,4886,65,4951,9916,783,12615,13619,296445,b73cfa6f51898d2a8f87f2b7ceb0cfda6ee177591e633fbba7df0a98ce3dc91f
1309,72,Global MILP baseline,32,4,limit_feasible,True,pydantic,fielded,1000000,668703,False,370928,370683.0,0.000660505542854678,31.58919149999565,769.53515625,between_stages,28.140260600004694,0.016272199995000847,0.38302009999461006,26.983691200002795,0.13208560000930447,0.5935817000136012,668703,126352,118557,15146,0,0,0,0,0,1,1,118557,118557,237114,355671,104,e661344c121715bb2266e23cd770b3dc1968841b7d5032d7fa61abf51b44d5b5
1310,72,Join-restricted MILP,32,4,optimal_numerical,True,pydantic,fielded,1000000,668703,True,370927,370927.0,0.0,17.07300899999973,514.31640625,between_stages,13.647407499986002,0.008096300007309765,0.25561150000430644,12.660486399996444,0.11143299999821465,0.5853427999973064,668703,126352,118557,15146,0,0,0,0,0,1,1,118557,15146,133703,148849,104,24dd85ad9e29a9ac9738232f064dd19e726431e0491de8e459663ee4f0c71bda
1311,72,Preprocessed global MILP,32,5,optimal_numerical,True,pydantic,fielded,1000000,668703,True,370927,370927.0,0.0,6.606610400005593,382.28125,between_stages,3.6472752999980003,2.2886854999960633,0.02305550000164658,0.28378569999767933,0.015273000011802651,1.0205588999961037,668703,126352,118557,15146,1205,12937,90660,106946,4886,65,4951,9916,783,12615,13619,296445,b73cfa6f51898d2a8f87f2b7ceb0cfda6ee177591e633fbba7df0a98ce3dc91f
1312,72,Join-restricted MILP,32,5,optimal_numerical,True,pydantic,fielded,1000000,668703,True,370927,370927.0,0.0,16.959906000003684,514.23828125,between_stages,13.542568199991365,0.00881919999665115,0.23667259998910595,12.576921899992158,0.1120665999915218,0.5790992000111146,668703,126352,118557,15146,0,0,0,0,0,1,1,118557,15146,133703,148849,104,24dd85ad9e29a9ac9738232f064dd19e726431e0491de8e459663ee4f0c71bda
1313,72,Global MILP baseline,32,5,limit_feasible,True,pydantic,fielded,1000000,668703,False,370928,370683.0,0.000660505542854678,31.624962799993227,789.375,between_stages,28.193356799994945,0.015925600004266016,0.3853521999990335,27.03651569999056,0.12253520000376739,0.596455100007006,668703,126352,118557,15146,0,0,0,0,0,1,1,118557,118557,237114,355671,104,e661344c121715bb2266e23cd770b3dc1968841b7d5032d7fa61abf51b44d5b5
1314,73,Global MILP baseline,32,0,limit_feasible,True,aiohttp,fielded,1000000,426119,False,238732,238707.0,0.00010471993700048591,29.68864950000716,605.2265625,between_stages,27.52977199999441,0.008776200003921986,0.23133890000462998,26.86076569999568,0.06575579999480397,0.34419430000707507,426119,81997,76746,10321,0,0,0,0,0,1,1,76746,76746,153492,230238,54,06eec9b341ffeffa015754cc94008cb241b040ac61ac98966491e8b19b611f79
1315,73,Preprocessed global MILP,32,0,optimal_numerical,True,aiohttp,fielded,1000000,426119,True,238726,238726.0,0.0,3.9439328000007663,265.89453125,between_stages,1.9721101999894017,1.1031669999938458,0.014056499989237636,0.2238047999999253,0.008539300004485995,0.6082722999999532,426119,81997,76746,10321,658,8892,59168,69744,3388,44,3432,5815,620,7773,8544,191361,ca1c97de20bb0d68bee9e91af377512d0f6dd2584f44360ffd51bcb1cc11ebf9
1316,73,Join-restricted MILP,32,0,optimal_numerical,True,aiohttp,fielded,1000000,426119,True,238726,238726.0,0.0,8.412094200000865,356.7578125,between_stages,6.262256400004844,0.0058953000116162,0.14060879999306053,5.695530099997995,0.06252920000406448,0.3406323000090197,426119,81997,76746,10321,0,0,0,0,0,1,1,76746,10321,87067,97388,54,43dde71b4cee31fc9f4fe0ac070b068be8d6b2a80795bc10ac913121a8188740
1317,73,Join-restricted MILP,32,1,optimal_numerical,True,aiohttp,fielded,1000000,426119,True,238726,238726.0,0.0,8.462798599997768,357.23046875,between_stages,6.289976100000786,0.0057228999939979985,0.13969500000530388,5.730752599993139,0.05872129999625031,0.33825900001102127,426119,81997,76746,10321,0,0,0,0,0,1,1,76746,10321,87067,97388,54,43dde71b4cee31fc9f4fe0ac070b068be8d6b2a80795bc10ac913121a8188740
1318,73,Global MILP baseline,32,1,limit_feasible,True,aiohttp,fielded,1000000,426119,False,238732,238707.0,0.00010471993700048591,29.774361400006455,603.5625,between_stages,27.514535800000886,0.009251000010408461,0.23342170000250917,26.825658400004613,0.06708839999919292,0.35958829999435693,426119,81997,76746,10321,0,0,0,0,0,1,1,76746,76746,153492,230238,54,06eec9b341ffeffa015754cc94008cb241b040ac61ac98966491e8b19b611f79
1319,73,Preprocessed global MILP,32,1,optimal_numerical,True,aiohttp,fielded,1000000,426119,True,238726,238726.0,0.0,3.8858646000007866,277.7265625,between_stages,1.988622499993653,1.1010472000052687,0.01367220000247471,0.2265073000016855,0.008331699995324016,0.6281325000018114,426119,81997,76746,10321,658,8892,59168,69744,3388,44,3432,5815,620,7773,8544,191361,ca1c97de20bb0d68bee9e91af377512d0f6dd2584f44360ffd51bcb1cc11ebf9
1320,73,Join-restricted MILP,32,2,optimal_numerical,True,aiohttp,fielded,1000000,426119,True,238726,238726.0,0.0,8.501249100008863,357.68359375,between_stages,6.293034400005126,0.005710299999918789,0.14143479999620467,5.722837600013008,0.06035729999712203,0.3458829000010155,426119,81997,76746,10321,0,0,0,0,0,1,1,76746,10321,87067,97388,54,43dde71b4cee31fc9f4fe0ac070b068be8d6b2a80795bc10ac913121a8188740
1321,73,Preprocessed global MILP,32,2,optimal_numerical,True,aiohttp,fielded,1000000,426119,True,238726,238726.0,0.0,3.982254999995348,269.30078125,between_stages,2.0504502999974648,1.1046520999952918,0.014291400002548471,0.23662540000805166,0.013306299995747395,0.6704183999972884,426119,81997,76746,10321,658,8892,59168,69744,3388,44,3432,5815,620,7773,8544,191361,ca1c97de20bb0d68bee9e91af377512d0f6dd2584f44360ffd51bcb1cc11ebf9
1322,73,Global MILP baseline,32,2,limit_feasible,True,aiohttp,fielded,1000000,426119,False,238732,238707.0,0.00010471993700048591,29.816653300003964,606.10546875,between_stages,27.531122999993386,0.009663299992098473,0.23226449999492615,26.84892060000857,0.0693530999997165,0.3516474000061862,426119,81997,76746,10321,0,0,0,0,0,1,1,76746,76746,153492,230238,54,06eec9b341ffeffa015754cc94008cb241b040ac61ac98966491e8b19b611f79
1323,73,Preprocessed global MILP,32,3,optimal_numerical,True,aiohttp,fielded,1000000,426119,True,238726,238726.0,0.0,3.90172480000183,270.1875,between_stages,2.0006595000013476,1.1001522000005934,0.014941700006602332,0.22263980000570882,0.008351199998287484,0.644068999987212,426119,81997,76746,10321,658,8892,59168,69744,3388,44,3432,5815,620,7773,8544,191361,ca1c97de20bb0d68bee9e91af377512d0f6dd2584f44360ffd51bcb1cc11ebf9
1324,73,Global MILP baseline,32,3,limit_feasible,True,aiohttp,fielded,1000000,426119,False,238732,238707.0,0.00010471993700048591,29.72485910000978,604.66796875,between_stages,27.499261900011334,0.00915769999846816,0.23182610000367276,26.826992000002065,0.06685139999899548,0.3454096000059508,426119,81997,76746,10321,0,0,0,0,0,1,1,76746,76746,153492,230238,54,06eec9b341ffeffa015754cc94008cb241b040ac61ac98966491e8b19b611f79
1325,73,Join-restricted MILP,32,3,optimal_numerical,True,aiohttp,fielded,1000000,426119,True,238726,238726.0,0.0,8.427101900000707,356.953125,between_stages,6.27977120000287,0.0055991999979596585,0.1414167000039015,5.707539299997734,0.060886500010383315,0.34714030000031926,426119,81997,76746,10321,0,0,0,0,0,1,1,76746,10321,87067,97388,54,43dde71b4cee31fc9f4fe0ac070b068be8d6b2a80795bc10ac913121a8188740
1326,73,Preprocessed global MILP,32,4,optimal_numerical,True,aiohttp,fielded,1000000,426119,True,238726,238726.0,0.0,3.845591900011641,266.1328125,between_stages,1.9568991999985883,1.1093957999983104,0.013723700001719408,0.22327689999656286,0.008023200003663078,0.5924608000059379,426119,81997,76746,10321,658,8892,59168,69744,3388,44,3432,5815,620,7773,8544,191361,ca1c97de20bb0d68bee9e91af377512d0f6dd2584f44360ffd51bcb1cc11ebf9
1327,73,Join-restricted MILP,32,4,optimal_numerical,True,aiohttp,fielded,1000000,426119,True,238726,238726.0,0.0,8.576283499991405,357.59765625,between_stages,6.31748919999518,0.006116899996413849,0.1470444000005955,5.721345099998871,0.05968160000338685,0.3670488000061596,426119,81997,76746,10321,0,0,0,0,0,1,1,76746,10321,87067,97388,54,43dde71b4cee31fc9f4fe0ac070b068be8d6b2a80795bc10ac913121a8188740
1328,73,Global MILP baseline,32,4,limit_feasible,True,aiohttp,fielded,1000000,426119,False,238732,238707.0,0.00010471993700048591,29.731040600003325,606.01171875,between_stages,27.522289700005786,0.008790799998678267,0.230085399991367,26.846272700000554,0.06667190000007395,0.3503161000116961,426119,81997,76746,10321,0,0,0,0,0,1,1,76746,76746,153492,230238,54,06eec9b341ffeffa015754cc94008cb241b040ac61ac98966491e8b19b611f79
1329,73,Global MILP baseline,32,5,limit_feasible,True,aiohttp,fielded,1000000,426119,False,238732,238707.0,0.00010471993700048591,29.7445749000035,606.59765625,between_stages,27.535620499998913,0.008967900008428842,0.23043809999944642,26.854924200000823,0.06660249999549706,0.35638620000099763,426119,81997,76746,10321,0,0,0,0,0,1,1,76746,76746,153492,230238,54,06eec9b341ffeffa015754cc94008cb241b040ac61ac98966491e8b19b611f79
1330,73,Join-restricted MILP,32,5,optimal_numerical,True,aiohttp,fielded,1000000,426119,True,238726,238726.0,0.0,8.437251499999547,356.03515625,between_stages,6.251578399998834,0.005922900003497489,0.14144029999442864,5.687695000000531,0.06051880000450183,0.3390274999983376,426119,81997,76746,10321,0,0,0,0,0,1,1,76746,10321,87067,97388,54,43dde71b4cee31fc9f4fe0ac070b068be8d6b2a80795bc10ac913121a8188740
1331,73,Preprocessed global MILP,32,5,optimal_numerical,True,aiohttp,fielded,1000000,426119,True,238726,238726.0,0.0,3.950652799991076,267.98046875,between_stages,2.048361399996793,1.1094627000129549,0.015424500001245178,0.22726010000042152,0.008644900008221157,0.6769566000002669,426119,81997,76746,10321,658,8892,59168,69744,3388,44,3432,5815,620,7773,8544,191361,ca1c97de20bb0d68bee9e91af377512d0f6dd2584f44360ffd51bcb1cc11ebf9
1332,74,Join-restricted MILP,32,0,optimal_numerical,True,jsonschema,fielded,1000000,167196,True,92748,92748.0,0.0,2.402718499986804,183.19921875,between_stages,1.503855000002659,0.002933700001449324,0.04991580000205431,1.3035376999905566,0.021269499993650243,0.11774480000894982,167196,31931,29576,3473,0,0,0,0,0,1,1,29576,3473,33049,36522,36,49a85b6ae41c4c1e32a6fee903fae7f051617a05b68ba986abad43a9e3b3d89c
1333,74,Global MILP baseline,32,0,optimal_numerical,True,jsonschema,fielded,1000000,167196,True,92748,92748.0,0.0,6.189985799996066,255.15234375,output_write,5.289381700000376,0.004305099995690398,0.09528780000982806,5.034109100000933,0.02353979999315925,0.12128089999896474,167196,31931,29576,3473,0,0,0,0,0,1,1,29576,29576,59152,88728,36,3e12ac2ef1d1bf1b0d8b50f7eacf8245f9cf8a95cfaeff7fff19769a1a9cd32b
1334,74,Preprocessed global MILP,32,0,optimal_numerical,True,jsonschema,fielded,1000000,167196,True,92748,92748.0,0.0,1.3133654000121169,149.2578125,external_check,0.42685429999255575,0.21592050000617746,0.006107699999120086,0.06767669999680948,0.003182200001901947,0.12874280000687577,167196,31931,29576,3473,349,2834,23089,26499,1052,14,1066,2770,248,3367,3657,73513,adc2afe62a259d864a42ad417b628d20d2661e04b1aab8ab9365a1e5e09b417f
1335,74,Join-restricted MILP,32,1,optimal_numerical,True,jsonschema,fielded,1000000,167196,True,92748,92748.0,0.0,2.4090849999920465,183.578125,between_stages,1.5006203000084497,0.0029815000016242266,0.04916929999308195,1.295317599986447,0.021126500010723248,0.1232354999956442,167196,31931,29576,3473,0,0,0,0,0,1,1,29576,3473,33049,36522,36,49a85b6ae41c4c1e32a6fee903fae7f051617a05b68ba986abad43a9e3b3d89c
1336,74,Preprocessed global MILP,32,1,optimal_numerical,True,jsonschema,fielded,1000000,167196,True,92748,92748.0,0.0,1.3456868999928702,151.21484375,output_write,0.42329500000050757,0.22250859999621753,0.006747099992935546,0.0690896000014618,0.0033064000017475337,0.11680429999250919,167196,31931,29576,3473,349,2834,23089,26499,1052,14,1066,2770,248,3367,3657,73513,adc2afe62a259d864a42ad417b628d20d2661e04b1aab8ab9365a1e5e09b417f
1337,74,Global MILP baseline,32,1,optimal_numerical,True,jsonschema,fielded,1000000,167196,True,92748,92748.0,0.0,6.19561490000342,252.796875,output_write,5.299757900007535,0.004270099991117604,0.08642390000750311,5.057120500001474,0.023418500000843778,0.11854290000337642,167196,31931,29576,3473,0,0,0,0,0,1,1,29576,29576,59152,88728,36,3e12ac2ef1d1bf1b0d8b50f7eacf8245f9cf8a95cfaeff7fff19769a1a9cd32b
1338,74,Preprocessed global MILP,32,2,optimal_numerical,True,jsonschema,fielded,1000000,167196,True,92748,92748.0,0.0,1.306826000000001,148.90234375,between_stages,0.4155274999939138,0.2174782999936724,0.00717909999366384,0.06629279999469873,0.003458400009549223,0.11579960001108702,167196,31931,29576,3473,349,2834,23089,26499,1052,14,1066,2770,248,3367,3657,73513,adc2afe62a259d864a42ad417b628d20d2661e04b1aab8ab9365a1e5e09b417f
1339,74,Global MILP baseline,32,2,optimal_numerical,True,jsonschema,fielded,1000000,167196,True,92748,92748.0,0.0,6.20039800000086,254.9375,between_stages,5.298693100005039,0.0045627999934367836,0.08697050000773743,5.05451690001064,0.023951600000145845,0.11800629999197554,167196,31931,29576,3473,0,0,0,0,0,1,1,29576,29576,59152,88728,36,3e12ac2ef1d1bf1b0d8b50f7eacf8245f9cf8a95cfaeff7fff19769a1a9cd32b
1340,74,Join-restricted MILP,32,2,optimal_numerical,True,jsonschema,fielded,1000000,167196,True,92748,92748.0,0.0,2.4267438000097172,185.28125,between_stages,1.5025929999974323,0.003021900003659539,0.04934539999521803,1.303968399995938,0.020691700003226288,0.11607699999876786,167196,31931,29576,3473,0,0,0,0,0,1,1,29576,3473,33049,36522,36,49a85b6ae41c4c1e32a6fee903fae7f051617a05b68ba986abad43a9e3b3d89c
1341,74,Preprocessed global MILP,32,3,optimal_numerical,True,jsonschema,fielded,1000000,167196,True,92748,92748.0,0.0,1.3460100999946008,147.34765625,between_stages,0.4447970000037458,0.2249228000000585,0.006577899999683723,0.06558090000180528,0.0032512999896425754,0.13780460000270978,167196,31931,29576,3473,349,2834,23089,26499,1052,14,1066,2770,248,3367,3657,73513,adc2afe62a259d864a42ad417b628d20d2661e04b1aab8ab9365a1e5e09b417f
1342,74,Join-restricted MILP,32,3,optimal_numerical,True,jsonschema,fielded,1000000,167196,True,92748,92748.0,0.0,2.380030700005591,183.5078125,between_stages,1.4904811000014888,0.0029359000036492944,0.05115739999746438,1.2883746000006795,0.020052099993336014,0.11957589999656193,167196,31931,29576,3473,0,0,0,0,0,1,1,29576,3473,33049,36522,36,49a85b6ae41c4c1e32a6fee903fae7f051617a05b68ba986abad43a9e3b3d89c
1343,74,Global MILP baseline,32,3,optimal_numerical,True,jsonschema,fielded,1000000,167196,True,92748,92748.0,0.0,6.2498075000039535,253.94921875,between_stages,5.290174599998863,0.004607299997587688,0.09201900000334717,5.041805900007603,0.023242700000992045,0.11827020000782795,167196,31931,29576,3473,0,0,0,0,0,1,1,29576,29576,59152,88728,36,3e12ac2ef1d1bf1b0d8b50f7eacf8245f9cf8a95cfaeff7fff19769a1a9cd32b
1344,74,Global MILP baseline,32,4,optimal_numerical,True,jsonschema,fielded,1000000,167196,True,92748,92748.0,0.0,6.197891399991931,254.375,between_stages,5.307507499994244,0.004046699992613867,0.08832329999131616,5.060144900009618,0.02349000000685919,0.12042390000715386,167196,31931,29576,3473,0,0,0,0,0,1,1,29576,29576,59152,88728,36,3e12ac2ef1d1bf1b0d8b50f7eacf8245f9cf8a95cfaeff7fff19769a1a9cd32b
1345,74,Join-restricted MILP,32,4,optimal_numerical,True,jsonschema,fielded,1000000,167196,True,92748,92748.0,0.0,2.394711900007678,183.73046875,between_stages,1.5067592999985209,0.0032630000059725717,0.049709400002029724,1.3048928000062006,0.020535999996354803,0.11991230001149233,167196,31931,29576,3473,0,0,0,0,0,1,1,29576,3473,33049,36522,36,49a85b6ae41c4c1e32a6fee903fae7f051617a05b68ba986abad43a9e3b3d89c
1346,74,Preprocessed global MILP,32,4,optimal_numerical,True,jsonschema,fielded,1000000,167196,True,92748,92748.0,0.0,1.3453036999999313,147.875,external_check,0.4159274999983609,0.2168423000111943,0.006601700006285682,0.06666279998898972,0.0031433999974979088,0.11732779999147169,167196,31931,29576,3473,349,2834,23089,26499,1052,14,1066,2770,248,3367,3657,73513,adc2afe62a259d864a42ad417b628d20d2661e04b1aab8ab9365a1e5e09b417f
1347,74,Global MILP baseline,32,5,optimal_numerical,True,jsonschema,fielded,1000000,167196,True,92748,92748.0,0.0,6.197528199991211,253.1328125,between_stages,5.298022699993453,0.00789989999611862,0.08684160000120755,5.046905499999411,0.02323759999126196,0.12228160000813659,167196,31931,29576,3473,0,0,0,0,0,1,1,29576,29576,59152,88728,36,3e12ac2ef1d1bf1b0d8b50f7eacf8245f9cf8a95cfaeff7fff19769a1a9cd32b
1348,74,Preprocessed global MILP,32,5,optimal_numerical,True,jsonschema,fielded,1000000,167196,True,92748,92748.0,0.0,1.3215960000088671,149.9765625,between_stages,0.420427799996105,0.2122741000057431,0.007571699999971315,0.06973449999350123,0.0035457000049063936,0.12194440000166651,167196,31931,29576,3473,349,2834,23089,26499,1052,14,1066,2770,248,3367,3657,73513,adc2afe62a259d864a42ad417b628d20d2661e04b1aab8ab9365a1e5e09b417f
1349,74,Join-restricted MILP,32,5,optimal_numerical,True,jsonschema,fielded,1000000,167196,True,92748,92748.0,0.0,2.4051980000076583,184.20703125,between_stages,1.4995397999882698,0.0030970999941928312,0.0493960000021616,1.302530900007696,0.020410900004208088,0.11543479999818373,167196,31931,29576,3473,0,0,0,0,0,1,1,29576,3473,33049,36522,36,49a85b6ae41c4c1e32a6fee903fae7f051617a05b68ba986abad43a9e3b3d89c
1350,75,Join-restricted MILP,11/10,0,optimal_numerical,True,matplotlib,compact,10000000,1856156,True,4594799/5,918959.8,0.0,23.269192699997802,1169.12890625,between_stages,14.835273799995775,0.0201563000009628,0.7724054999998771,10.086511300003622,0.4672398999973666,3.4228447999921627,1856156,353969,308786,41812,0,0,0,0,0,1,1,308786,41812,350598,392410,246,f16c0d5b13e7fe36319b3c5020b4c40383130c69744b4eee7638c66217f72e61
1351,75,Preprocessed global MILP,11/10,0,optimal_numerical,True,matplotlib,compact,10000000,1856156,True,4594799/5,918959.8,0.0,15.965244999999413,969.42578125,between_stages,7.430464799996116,3.917525199998636,0.007966400007717311,0.04526469999109395,0.003083799994783476,3.4287157999933697,1856156,353969,308786,41812,33309,7385,300255,307667,7375,544,7919,4,4,2237,3355,9151339/10,7cd028ffae57cc6fd28d7b815fc155fdd9e13994c07675324af813bf9de3e242
1352,75,Global MILP baseline,11/10,0,METHOD_TIME_CAP,False,matplotlib,compact,10000000,1856156,False,,,,36.94327930000145,1543.9921875,reconstruct,,,,,,,,,,,,,,,,,,,,,,,
1353,75,Preprocessed global MILP,11/10,1,optimal_numerical,True,matplotlib,compact,10000000,1856156,True,4594799/5,918959.8,0.0,15.726941400003852,1004.4375,between_stages,7.355801400000928,3.894721999997273,0.007080600000335835,0.04249069999787025,0.0029033000027993694,3.3818103999947198,1856156,353969,308786,41812,33309,7385,300255,307667,7375,544,7919,4,4,2237,3355,9151339/10,7cd028ffae57cc6fd28d7b815fc155fdd9e13994c07675324af813bf9de3e242
1354,75,Global MILP baseline,11/10,1,METHOD_TIME_CAP,False,matplotlib,compact,10000000,1856156,False,,,,36.69561480000266,1544.515625,reconstruct,,,,,,,,,,,,,,,,,,,,,,,
1355,75,Join-restricted MILP,11/10,1,optimal_numerical,True,matplotlib,compact,10000000,1856156,True,4594799/5,918959.8,0.0,22.943007800000487,1168.27734375,between_stages,14.540028499992331,0.019537500003934838,0.7681200000079116,9.881327399998554,0.4348247000016272,3.370181899997988,1856156,353969,308786,41812,0,0,0,0,0,1,1,308786,41812,350598,392410,246,f16c0d5b13e7fe36319b3c5020b4c40383130c69744b4eee7638c66217f72e61
1356,75,Preprocessed global MILP,11/10,2,optimal_numerical,True,matplotlib,compact,10000000,1856156,True,4594799/5,918959.8,0.0,15.84109349999926,974.40625,between_stages,7.4090503999905195,3.962466199998744,0.007334300011279993,0.04137000000628177,0.0028716999950120226,3.3680020999890985,1856156,353969,308786,41812,33309,7385,300255,307667,7375,544,7919,4,4,2237,3355,9151339/10,7cd028ffae57cc6fd28d7b815fc155fdd9e13994c07675324af813bf9de3e242
1357,75,Join-restricted MILP,11/10,2,optimal_numerical,True,matplotlib,compact,10000000,1856156,True,4594799/5,918959.8,0.0,22.841204999989714,1168.8828125,between_stages,14.39318149999599,0.01970920000167098,0.7669163000100525,9.776584700011881,0.43363090000639204,3.329272900009528,1856156,353969,308786,41812,0,0,0,0,0,1,1,308786,41812,350598,392410,246,f16c0d5b13e7fe36319b3c5020b4c40383130c69744b4eee7638c66217f72e61
1358,75,Global MILP baseline,11/10,2,METHOD_TIME_CAP,False,matplotlib,compact,10000000,1856156,False,,,,36.71341969999776,1543.296875,reconstruct,,,,,,,,,,,,,,,,,,,,,,,
1359,75,Global MILP baseline,11/10,3,METHOD_TIME_CAP,False,matplotlib,compact,10000000,1856156,False,,,,36.75581879999663,1543.41015625,reconstruct,,,,,,,,,,,,,,,,,,,,,,,
1360,75,Join-restricted MILP,11/10,3,optimal_numerical,True,matplotlib,compact,10000000,1856156,True,4594799/5,918959.8,0.0,22.870771799993236,1170.78515625,between_stages,14.44600039999932,0.020035299996379763,0.7622263999946881,9.83559420000529,0.43554049999511335,3.3222723999933805,1856156,353969,308786,41812,0,0,0,0,0,1,1,308786,41812,350598,392410,246,f16c0d5b13e7fe36319b3c5020b4c40383130c69744b4eee7638c66217f72e61
1361,75,Preprocessed global MILP,11/10,3,optimal_numerical,True,matplotlib,compact,10000000,1856156,True,4594799/5,918959.8,0.0,15.850361299992073,967.83984375,between_stages,7.380247699999018,3.8841466000012588,0.00700360001064837,0.04234470000665169,0.003002600002218969,3.416200299994671,1856156,353969,308786,41812,33309,7385,300255,307667,7375,544,7919,4,4,2237,3355,9151339/10,7cd028ffae57cc6fd28d7b815fc155fdd9e13994c07675324af813bf9de3e242
1362,75,Global MILP baseline,11/10,4,METHOD_TIME_CAP,False,matplotlib,compact,10000000,1856156,False,,,,36.76504750001186,1543.53515625,reconstruct,,,,,,,,,,,,,,,,,,,,,,,
1363,75,Preprocessed global MILP,11/10,4,optimal_numerical,True,matplotlib,compact,10000000,1856156,True,4594799/5,918959.8,0.0,15.74183240000275,1004.83984375,between_stages,7.364363000000594,3.8801148000056855,0.007030699998722412,0.04294810000283178,0.0030688999977428466,3.4037389000004623,1856156,353969,308786,41812,33309,7385,300255,307667,7375,544,7919,4,4,2237,3355,9151339/10,7cd028ffae57cc6fd28d7b815fc155fdd9e13994c07675324af813bf9de3e242
1364,75,Join-restricted MILP,11/10,4,optimal_numerical,True,matplotlib,compact,10000000,1856156,True,4594799/5,918959.8,0.0,22.80221999999776,1168.91796875,between_stages,14.40593649999937,0.02082940000400413,0.7861682000075234,9.798754400006146,0.4430414000089513,3.292812599989702,1856156,353969,308786,41812,0,0,0,0,0,1,1,308786,41812,350598,392410,246,f16c0d5b13e7fe36319b3c5020b4c40383130c69744b4eee7638c66217f72e61
1365,75,Join-restricted MILP,11/10,5,optimal_numerical,True,matplotlib,compact,10000000,1856156,True,4594799/5,918959.8,0.0,22.869026699991082,1167.6015625,between_stages,14.454019899989362,0.02121669999905862,0.7756587000039872,9.79001949999656,0.441629599998123,3.3576712000067346,1856156,353969,308786,41812,0,0,0,0,0,1,1,308786,41812,350598,392410,246,f16c0d5b13e7fe36319b3c5020b4c40383130c69744b4eee7638c66217f72e61
1366,75,Global MILP baseline,11/10,5,METHOD_TIME_CAP,False,matplotlib,compact,10000000,1856156,False,,,,36.77699699999357,1542.78125,reconstruct,,,,,,,,,,,,,,,,,,,,,,,
1367,75,Preprocessed global MILP,11/10,5,optimal_numerical,True,matplotlib,compact,10000000,1856156,True,4594799/5,918959.8,0.0,15.738949999999022,966.859375,between_stages,7.322298799990676,3.8591830999939702,0.007289900007890537,0.04150380000646692,0.002938200006610714,3.3852760000008857,1856156,353969,308786,41812,33309,7385,300255,307667,7375,544,7919,4,4,2237,3355,9151339/10,7cd028ffae57cc6fd28d7b815fc155fdd9e13994c07675324af813bf9de3e242
1368,76,Preprocessed global MILP,11/10,0,optimal_numerical,True,matplotlib,fielded,10000000,3373699,True,5948179/5,1189635.8,0.0,30.957660900006886,1547.484375,between_stages,15.813251199986553,11.915876600003685,0.015195500003756024,0.19045510000432841,0.007509100003517233,3.6319245000049705,3373699,595370,550187,62008,43115,16215,530125,547266,16006,932,16938,7,6,5599,8277,2362849/2,064c7b8fc95a0136338771a4e1f691068c612d9967a7a661be75e6ac110a8809
1369,76,Global MILP baseline,11/10,0,METHOD_TIME_CAP,False,matplotlib,fielded,10000000,3373699,False,,,,42.55228079999506,2697.87890625,interpret,,,,,,,,,,,,,,,,,,,,,,,
1370,76,Join-restricted MILP,11/10,0,METHOD_TIME_CAP,False,matplotlib,fielded,10000000,3373699,False,,,,42.42146149999462,2009.21875,interpret,,,,,,,,,,,,,,,,,,,,,,,
1371,76,Preprocessed global MILP,11/10,1,optimal_numerical,True,matplotlib,fielded,10000000,3373699,True,5948179/5,1189635.8,0.0,30.870608600002015,1547.8046875,between_stages,15.806101900001522,11.909319600003073,0.01494490000186488,0.18996420000621583,0.006973800002015196,3.6328882000088925,3373699,595370,550187,62008,43115,16215,530125,547266,16006,932,16938,7,6,5599,8277,2362849/2,064c7b8fc95a0136338771a4e1f691068c612d9967a7a661be75e6ac110a8809
1372,76,Join-restricted MILP,11/10,1,METHOD_TIME_CAP,False,matplotlib,fielded,10000000,3373699,False,,,,42.24929239999619,2010.15625,interpret,,,,,,,,,,,,,,,,,,,,,,,
1373,76,Global MILP baseline,11/10,1,METHOD_TIME_CAP,False,matplotlib,fielded,10000000,3373699,False,,,,42.56333460001042,2707.01953125,interpret,,,,,,,,,,,,,,,,,,,,,,,
1374,76,Global MILP baseline,11/10,2,METHOD_TIME_CAP,False,matplotlib,fielded,10000000,3373699,False,,,,42.408184900006745,2697.79296875,reconstruct,,,,,,,,,,,,,,,,,,,,,,,
1375,76,Join-restricted MILP,11/10,2,METHOD_TIME_CAP,False,matplotlib,fielded,10000000,3373699,False,,,,42.37902240001131,2009.1796875,reconstruct,,,,,,,,,,,,,,,,,,,,,,,
1376,76,Preprocessed global MILP,11/10,2,optimal_numerical,True,matplotlib,fielded,10000000,3373699,True,5948179/5,1189635.8,0.0,30.869967599996016,1569.90234375,between_stages,15.790980299992952,11.863776800004416,0.01606589999573771,0.19162209999922197,0.007498999999370426,3.6604384999955073,3373699,595370,550187,62008,43115,16215,530125,547266,16006,932,16938,7,6,5599,8277,2362849/2,064c7b8fc95a0136338771a4e1f691068c612d9967a7a661be75e6ac110a8809
1377,76,Global MILP baseline,11/10,3,METHOD_TIME_CAP,False,matplotlib,fielded,10000000,3373699,False,,,,42.38070229999721,2697.21875,interpret,,,,,,,,,,,,,,,,,,,,,,,
1378,76,Preprocessed global MILP,11/10,3,optimal_numerical,True,matplotlib,fielded,10000000,3373699,True,5948179/5,1189635.8,0.0,30.77651870000409,1574.625,between_stages,15.672663799996371,11.791123400005745,0.014608599987695925,0.1926009000017075,0.007287199987331405,3.6152187999978196,3373699,595370,550187,62008,43115,16215,530125,547266,16006,932,16938,7,6,5599,8277,2362849/2,064c7b8fc95a0136338771a4e1f691068c612d9967a7a661be75e6ac110a8809
1379,76,Join-restricted MILP,11/10,3,METHOD_TIME_CAP,False,matplotlib,fielded,10000000,3373699,False,,,,42.364972299998044,2009.2109375,interpret,,,,,,,,,,,,,,,,,,,,,,,
1380,76,Join-restricted MILP,11/10,4,METHOD_TIME_CAP,False,matplotlib,fielded,10000000,3373699,False,,,,42.38949010000215,2009.671875,interpret,,,,,,,,,,,,,,,,,,,,,,,
1381,76,Global MILP baseline,11/10,4,METHOD_TIME_CAP,False,matplotlib,fielded,10000000,3373699,False,,,,42.52583070000401,2705.7890625,reconstruct,,,,,,,,,,,,,,,,,,,,,,,
1382,76,Preprocessed global MILP,11/10,4,optimal_numerical,True,matplotlib,fielded,10000000,3373699,True,5948179/5,1189635.8,0.0,31.115819500002544,1543.91796875,between_stages,15.935339000003296,11.986168200004613,0.018184899992775172,0.19220160000259057,0.007664899996598251,3.6802389999938896,3373699,595370,550187,62008,43115,16215,530125,547266,16006,932,16938,7,6,5599,8277,2362849/2,064c7b8fc95a0136338771a4e1f691068c612d9967a7a661be75e6ac110a8809
1383,76,Join-restricted MILP,11/10,5,METHOD_TIME_CAP,False,matplotlib,fielded,10000000,3373699,False,,,,42.51998929999536,2010.05859375,reconstruct,,,,,,,,,,,,,,,,,,,,,,,
1384,76,Preprocessed global MILP,11/10,5,optimal_numerical,True,matplotlib,fielded,10000000,3373699,True,5948179/5,1189635.8,0.0,30.8111443999951,1548.78515625,between_stages,15.737127400003374,11.842450199997984,0.014542000004439615,0.19539620001160074,0.007358500006375834,3.626632500003325,3373699,595370,550187,62008,43115,16215,530125,547266,16006,932,16938,7,6,5599,8277,2362849/2,064c7b8fc95a0136338771a4e1f691068c612d9967a7a661be75e6ac110a8809
1385,76,Global MILP baseline,11/10,5,METHOD_TIME_CAP,False,matplotlib,fielded,10000000,3373699,False,,,,42.46142759999202,2697.1640625,interpret,,,,,,,,,,,,,,,,,,,,,,,
1386,77,Preprocessed global MILP,5/4,0,optimal_numerical,True,matplotlib,compact,10000000,1856156,True,1848077/2,924038.5,0.0,15.925769900000887,971.01953125,between_stages,7.421358400009922,3.9171108000009554,0.007331400003749877,0.03960069999448024,0.0032811999990371987,3.426610399998026,1856156,353969,308786,41812,33309,7385,300255,307667,7375,544,7919,4,4,2237,3355,3680521/4,92c4009aac03f74efbbb8b6143a78002dfff791abec4fec14101a26ab297cbc6
1387,77,Join-restricted MILP,5/4,0,optimal_numerical,True,matplotlib,compact,10000000,1856156,True,1848077/2,924038.5,0.0,22.824832199999946,1167.765625,between_stages,14.447182700008852,0.019767800011322834,0.7715821000019787,9.76199590000033,0.4406569999991916,3.3876139000058174,1856156,353969,308786,41812,0,0,0,0,0,1,1,308786,41812,350598,392410,246,f16c0d5b13e7fe36319b3c5020b4c40383130c69744b4eee7638c66217f72e61
1388,77,Global MILP baseline,5/4,0,optimal_numerical,True,matplotlib,compact,10000000,1856156,True,1848077/2,924038.5,0.0,36.89935120000155,1542.7890625,between_stages,28.362187499995343,0.0337083999911556,1.1173016000102507,23.28617389999272,0.46437040000455454,3.380266100008157,1856156,353969,308786,41812,0,0,0,0,0,1,1,308786,308786,617572,926358,246,3d332e37bb7eb44a4227bd1efec6ed399696ea28bb2c967f120450104d7770a2
1389,77,Global MILP baseline,5/4,1,optimal_numerical,True,matplotlib,compact,10000000,1856156,True,1848077/2,924038.5,0.0,36.831512700009625,1543.39453125,between_stages,28.4116054999904,0.035433900004136376,1.122984000001452,23.34278400000767,0.4680032000032952,3.3619116000045324,1856156,353969,308786,41812,0,0,0,0,0,1,1,308786,308786,617572,926358,246,3d332e37bb7eb44a4227bd1efec6ed399696ea28bb2c967f120450104d7770a2
1390,77,Join-restricted MILP,5/4,1,optimal_numerical,True,matplotlib,compact,10000000,1856156,True,1848077/2,924038.5,0.0,22.914912899999763,1167.80078125,between_stages,14.470130700006848,0.0202838000113843,0.7745173000002978,9.817659100008314,0.43868759999168105,3.352124199998798,1856156,353969,308786,41812,0,0,0,0,0,1,1,308786,41812,350598,392410,246,f16c0d5b13e7fe36319b3c5020b4c40383130c69744b4eee7638c66217f72e61
1391,77,Preprocessed global MILP,5/4,1,optimal_numerical,True,matplotlib,compact,10000000,1856156,True,1848077/2,924038.5,0.0,15.81085229999735,986.375,between_stages,7.358531200006837,3.874894000007771,0.007297899996046908,0.040607100003398955,0.003032600012375042,3.404958799990709,1856156,353969,308786,41812,33309,7385,300255,307667,7375,544,7919,4,4,2237,3355,3680521/4,92c4009aac03f74efbbb8b6143a78002dfff791abec4fec14101a26ab297cbc6
1392,77,Global MILP baseline,5/4,2,optimal_numerical,True,matplotlib,compact,10000000,1856156,True,1848077/2,924038.5,0.0,36.924921700003324,1548.28125,between_stages,28.490617799994652,0.034510500001488253,1.1229274999932386,23.417489200001,0.4705989999929443,3.3656608000019332,1856156,353969,308786,41812,0,0,0,0,0,1,1,308786,308786,617572,926358,246,3d332e37bb7eb44a4227bd1efec6ed399696ea28bb2c967f120450104d7770a2
1393,77,Preprocessed global MILP,5/4,2,optimal_numerical,True,matplotlib,compact,10000000,1856156,True,1848077/2,924038.5,0.0,15.81652990001021,972.23046875,between_stages,7.3680042999912985,3.8831322000041837,0.0072223000024678186,0.041425000003073364,0.0028858000005129725,3.406741200000397,1856156,353969,308786,41812,33309,7385,300255,307667,7375,544,7919,4,4,2237,3355,3680521/4,92c4009aac03f74efbbb8b6143a78002dfff791abec4fec14101a26ab297cbc6
1394,77,Join-restricted MILP,5/4,2,optimal_numerical,True,matplotlib,compact,10000000,1856156,True,1848077/2,924038.5,0.0,22.62432830000762,1166.97265625,between_stages,14.244040699995821,0.019436899994616397,0.7627836000028765,9.639056200001505,0.43615439999848604,3.3195897999976296,1856156,353969,308786,41812,0,0,0,0,0,1,1,308786,41812,350598,392410,246,f16c0d5b13e7fe36319b3c5020b4c40383130c69744b4eee7638c66217f72e61
1395,77,Join-restricted MILP,5/4,3,optimal_numerical,True,matplotlib,compact,10000000,1856156,True,1848077/2,924038.5,0.0,22.750360699996236,1168.73828125,between_stages,14.359772199997678,0.02039109999896027,0.7628162000037264,9.687810200004606,0.43863089999649674,3.381513200001791,1856156,353969,308786,41812,0,0,0,0,0,1,1,308786,41812,350598,392410,246,f16c0d5b13e7fe36319b3c5020b4c40383130c69744b4eee7638c66217f72e61
1396,77,Global MILP baseline,5/4,3,optimal_numerical,True,matplotlib,compact,10000000,1856156,True,1848077/2,924038.5,0.0,36.980692900004215,1543.57421875,between_stages,28.51282820000779,0.0338530000008177,1.1213423000008333,23.41865210000833,0.4646003999951063,3.3940709000016795,1856156,353969,308786,41812,0,0,0,0,0,1,1,308786,308786,617572,926358,246,3d332e37bb7eb44a4227bd1efec6ed399696ea28bb2c967f120450104d7770a2
1397,77,Preprocessed global MILP,5/4,3,optimal_numerical,True,matplotlib,compact,10000000,1856156,True,1848077/2,924038.5,0.0,15.785325399992871,986.35546875,between_stages,7.377407799998764,3.922469600001932,0.007009200009633787,0.041765700007090345,0.0029670000076293945,3.3761613000096986,1856156,353969,308786,41812,33309,7385,300255,307667,7375,544,7919,4,4,2237,3355,3680521/4,92c4009aac03f74efbbb8b6143a78002dfff791abec4fec14101a26ab297cbc6
1398,77,Join-restricted MILP,5/4,4,optimal_numerical,True,matplotlib,compact,10000000,1856156,True,1848077/2,924038.5,0.0,22.745150700007798,1168.29296875,between_stages,14.307380599988392,0.01995080000779126,0.7693418999988353,9.691349000000628,0.4348145999974804,3.3231454999913694,1856156,353969,308786,41812,0,0,0,0,0,1,1,308786,41812,350598,392410,246,f16c0d5b13e7fe36319b3c5020b4c40383130c69744b4eee7638c66217f72e61
1399,77,Preprocessed global MILP,5/4,4,optimal_numerical,True,matplotlib,compact,10000000,1856156,True,1848077/2,924038.5,0.0,15.87926570000127,970.65234375,between_stages,7.388458299988997,3.9030741000024136,0.007220300001790747,0.039774200005922467,0.0029172999929869547,3.4085818999883486,1856156,353969,308786,41812,33309,7385,300255,307667,7375,544,7919,4,4,2237,3355,3680521/4,92c4009aac03f74efbbb8b6143a78002dfff791abec4fec14101a26ab297cbc6
1400,77,Global MILP baseline,5/4,4,optimal_numerical,True,matplotlib,compact,10000000,1856156,True,1848077/2,924038.5,0.0,36.8896822000097,1542.79296875,between_stages,28.459485699990182,0.03783290000865236,1.1200323000084609,23.395112099999096,0.4649677999987034,3.3596307999978308,1856156,353969,308786,41812,0,0,0,0,0,1,1,308786,308786,617572,926358,246,3d332e37bb7eb44a4227bd1efec6ed399696ea28bb2c967f120450104d7770a2
1401,77,Preprocessed global MILP,5/4,5,optimal_numerical,True,matplotlib,compact,10000000,1856156,True,1848077/2,924038.5,0.0,15.766604599994025,972.2734375,between_stages,7.355861399992136,3.8861179999948945,0.00737690000096336,0.03986669999721926,0.0028318999975454062,3.3900696000055177,1856156,353969,308786,41812,33309,7385,300255,307667,7375,544,7919,4,4,2237,3355,3680521/4,92c4009aac03f74efbbb8b6143a78002dfff791abec4fec14101a26ab297cbc6
1402,77,Global MILP baseline,5/4,5,optimal_numerical,True,matplotlib,compact,10000000,1856156,True,1848077/2,924038.5,0.0,36.857704699999886,1543.375,between_stages,28.42278239999723,0.034248900003149174,1.1194537999981549,23.377175300003728,0.4691932999994606,3.342223200001172,1856156,353969,308786,41812,0,0,0,0,0,1,1,308786,308786,617572,926358,246,3d332e37bb7eb44a4227bd1efec6ed399696ea28bb2c967f120450104d7770a2
1403,77,Join-restricted MILP,5/4,5,optimal_numerical,True,matplotlib,compact,10000000,1856156,True,1848077/2,924038.5,0.0,22.748223199989297,1167.6875,between_stages,14.346463499998208,0.020044300006702542,0.7630445999966469,9.75596160000714,0.4322792000020854,3.311194499998237,1856156,353969,308786,41812,0,0,0,0,0,1,1,308786,41812,350598,392410,246,f16c0d5b13e7fe36319b3c5020b4c40383130c69744b4eee7638c66217f72e61
1404,78,Global MILP baseline,5/4,0,METHOD_TIME_CAP,False,matplotlib,fielded,10000000,3373699,False,,,,42.392563000001246,2698.25,interpret,,,,,,,,,,,,,,,,,,,,,,,
1405,78,Join-restricted MILP,5/4,0,METHOD_TIME_CAP,False,matplotlib,fielded,10000000,3373699,False,,,,42.47414559999015,2009.328125,solver,,,,,,,,,,,,,,,,,,,,,,,
1406,78,Preprocessed global MILP,5/4,0,optimal_numerical,True,matplotlib,fielded,10000000,3373699,True,1196267,1196267.0,0.0,31.13770900000236,1552.26953125,between_stages,15.888137700007064,11.864301499997964,0.015046000000438653,0.2849996999866562,0.006841900001745671,3.663537400003406,3373699,595370,550187,62008,43115,16215,530125,547266,16006,932,16938,7,6,5599,8277,4751567/4,10dd48548a1f99867d50cbc1f2e9936294282533278e26ca25bf25bca9af4846
1407,78,Global MILP baseline,5/4,1,METHOD_TIME_CAP,False,matplotlib,fielded,10000000,3373699,False,,,,42.480483200008166,2706.99609375,interpret,,,,,,,,,,,,,,,,,,,,,,,
1408,78,Preprocessed global MILP,5/4,1,optimal_numerical,True,matplotlib,fielded,10000000,3373699,True,1196267,1196267.0,0.0,30.892924100000528,1545.21484375,between_stages,15.806731300006504,11.836291300001903,0.018301999996765517,0.2780810999975074,0.007230800008983351,3.6150786000071093,3373699,595370,550187,62008,43115,16215,530125,547266,16006,932,16938,7,6,5599,8277,4751567/4,10dd48548a1f99867d50cbc1f2e9936294282533278e26ca25bf25bca9af4846
1409,78,Join-restricted MILP,5/4,1,METHOD_TIME_CAP,False,matplotlib,fielded,10000000,3373699,False,,,,42.37317310000071,2009.83984375,solver,,,,,,,,,,,,,,,,,,,,,,,
1410,78,Join-restricted MILP,5/4,2,METHOD_TIME_CAP,False,matplotlib,fielded,10000000,3373699,False,,,,42.48587909998605,2009.7421875,interpret,,,,,,,,,,,,,,,,,,,,,,,
1411,78,Global MILP baseline,5/4,2,METHOD_TIME_CAP,False,matplotlib,fielded,10000000,3373699,False,,,,42.47327539999969,2699.171875,reconstruct,,,,,,,,,,,,,,,,,,,,,,,
1412,78,Preprocessed global MILP,5/4,2,optimal_numerical,True,matplotlib,fielded,10000000,3373699,True,1196267,1196267.0,0.0,30.804282600001898,1550.390625,between_stages,15.818951099994592,11.79600639999262,0.014320799993583933,0.2886983000062173,0.006894999998621643,3.662008200000855,3373699,595370,550187,62008,43115,16215,530125,547266,16006,932,16938,7,6,5599,8277,4751567/4,10dd48548a1f99867d50cbc1f2e9936294282533278e26ca25bf25bca9af4846
1413,78,Join-restricted MILP,5/4,3,METHOD_TIME_CAP,False,matplotlib,fielded,10000000,3373699,False,,,,42.31880540000566,2009.44140625,interpret,,,,,,,,,,,,,,,,,,,,,,,
1414,78,Preprocessed global MILP,5/4,3,optimal_numerical,True,matplotlib,fielded,10000000,3373699,True,1196267,1196267.0,0.0,31.295037999996566,1549.04296875,between_stages,16.00639909999154,11.984314000001177,0.014741099992534146,0.28317719999176916,0.006929600000148639,3.6648701000085566,3373699,595370,550187,62008,43115,16215,530125,547266,16006,932,16938,7,6,5599,8277,4751567/4,10dd48548a1f99867d50cbc1f2e9936294282533278e26ca25bf25bca9af4846
1415,78,Global MILP baseline,5/4,3,METHOD_TIME_CAP,False,matplotlib,fielded,10000000,3373699,False,,,,42.43271419999655,2698.9609375,interpret,,,,,,,,,,,,,,,,,,,,,,,
1416,78,Preprocessed global MILP,5/4,4,optimal_numerical,True,matplotlib,fielded,10000000,3373699,True,1196267,1196267.0,0.0,30.986254100003862,1545.55078125,between_stages,15.887715400007437,11.84900529999868,0.014514399998006411,0.2809963999898173,0.007939800008898601,3.683883399993647,3373699,595370,550187,62008,43115,16215,530125,547266,16006,932,16938,7,6,5599,8277,4751567/4,10dd48548a1f99867d50cbc1f2e9936294282533278e26ca25bf25bca9af4846
1417,78,Global MILP baseline,5/4,4,METHOD_TIME_CAP,False,matplotlib,fielded,10000000,3373699,False,,,,42.536296599995694,2698.10546875,reconstruct,,,,,,,,,,,,,,,,,,,,,,,
1418,78,Join-restricted MILP,5/4,4,METHOD_TIME_CAP,False,matplotlib,fielded,10000000,3373699,False,,,,42.48684150000918,2009.44921875,interpret,,,,,,,,,,,,,,,,,,,,,,,
1419,78,Preprocessed global MILP,5/4,5,optimal_numerical,True,matplotlib,fielded,10000000,3373699,True,1196267,1196267.0,0.0,30.951122400001623,1555.26953125,between_stages,15.844467399991117,11.848691499995766,0.016040999995311722,0.28883989999303594,0.006851099999039434,3.6318030999973416,3373699,595370,550187,62008,43115,16215,530125,547266,16006,932,16938,7,6,5599,8277,4751567/4,10dd48548a1f99867d50cbc1f2e9936294282533278e26ca25bf25bca9af4846
1420,78,Join-restricted MILP,5/4,5,METHOD_TIME_CAP,False,matplotlib,fielded,10000000,3373699,False,,,,42.59580819999974,2014.578125,interpret,,,,,,,,,,,,,,,,,,,,,,,
1421,78,Global MILP baseline,5/4,5,METHOD_TIME_CAP,False,matplotlib,fielded,10000000,3373699,False,,,,42.424536499995156,2699.09375,interpret,,,,,,,,,,,,,,,,,,,,,,,
1422,79,Global MILP baseline,3/2,0,METHOD_TIME_CAP,False,matplotlib,compact,10000000,1856156,False,,,,36.777444899998954,1543.6953125,reconstruct,,,,,,,,,,,,,,,,,,,,,,,
1423,79,Preprocessed global MILP,3/2,0,optimal_numerical,True,matplotlib,compact,10000000,1856156,True,932503,932503.0,0.0,15.820080300007248,966.96484375,between_stages,7.293063600009191,3.871858100013924,0.0080222000106005,0.04001830000197515,0.002868199997465126,3.3439125000004424,1856156,353969,308786,41812,33309,7385,300255,307667,7375,544,7919,4,4,2237,3355,1856915/2,6731ccc80287866e675d723f4a04c1114bf34b216dd33a51b29d283aa25c2bef
1424,79,Join-restricted MILP,3/2,0,optimal_numerical,True,matplotlib,compact,10000000,1856156,True,932503,932503.0,0.0,23.263230799988378,1168.390625,between_stages,14.854862199994386,0.019735799985937774,0.767740600000252,10.231828099989798,0.43636129998776596,3.33286809999845,1856156,353969,308786,41812,0,0,0,0,0,1,1,308786,41812,350598,392410,246,f16c0d5b13e7fe36319b3c5020b4c40383130c69744b4eee7638c66217f72e61
1425,79,Join-restricted MILP,3/2,1,optimal_numerical,True,matplotlib,compact,10000000,1856156,True,932503,932503.0,0.0,23.243272899999283,1167.9296875,between_stages,14.819450299997698,0.01983710000058636,0.767182600000524,10.227934599999571,0.43866060000436846,3.2996450000064215,1856156,353969,308786,41812,0,0,0,0,0,1,1,308786,41812,350598,392410,246,f16c0d5b13e7fe36319b3c5020b4c40383130c69744b4eee7638c66217f72e61
1426,79,Global MILP baseline,3/2,1,METHOD_TIME_CAP,False,matplotlib,compact,10000000,1856156,False,,,,36.8656622999988,1545.60546875,reconstruct,,,,,,,,,,,,,,,,,,,,,,,
1427,79,Preprocessed global MILP,3/2,1,optimal_numerical,True,matplotlib,compact,10000000,1856156,True,932503,932503.0,0.0,15.780559699996957,980.93359375,between_stages,7.381873400008772,3.8946859999996377,0.007605500009958632,0.039019500007270835,0.002840700006345287,3.4107894000044325,1856156,353969,308786,41812,33309,7385,300255,307667,7375,544,7919,4,4,2237,3355,1856915/2,6731ccc80287866e675d723f4a04c1114bf34b216dd33a51b29d283aa25c2bef
1428,79,Join-restricted MILP,3/2,2,optimal_numerical,True,matplotlib,compact,10000000,1856156,True,932503,932503.0,0.0,23.38218699999561,1167.62109375,between_stages,15.019272700010333,0.02033569999912288,0.7653203000081703,10.37496280000778,0.44086329999845475,3.3523906000045827,1856156,353969,308786,41812,0,0,0,0,0,1,1,308786,41812,350598,392410,246,f16c0d5b13e7fe36319b3c5020b4c40383130c69744b4eee7638c66217f72e61
1429,79,Preprocessed global MILP,3/2,2,optimal_numerical,True,matplotlib,compact,10000000,1856156,True,932503,932503.0,0.0,15.87967340000614,967.8515625,between_stages,7.405122800002573,3.949405299994396,0.007390500002657063,0.04008399999293033,0.0028774999955203384,3.3785398000036366,1856156,353969,308786,41812,33309,7385,300255,307667,7375,544,7919,4,4,2237,3355,1856915/2,6731ccc80287866e675d723f4a04c1114bf34b216dd33a51b29d283aa25c2bef
1430,79,Global MILP baseline,3/2,2,METHOD_TIME_CAP,False,matplotlib,compact,10000000,1856156,False,,,,36.83214850000513,1543.2421875,reconstruct,,,,,,,,,,,,,,,,,,,,,,,
1431,79,Preprocessed global MILP,3/2,3,optimal_numerical,True,matplotlib,compact,10000000,1856156,True,932503,932503.0,0.0,15.737092900002608,971.0703125,between_stages,7.337559899999178,3.895036200003233,0.007065500001772307,0.03944900000351481,0.002842299989424646,3.3579592000023695,1856156,353969,308786,41812,33309,7385,300255,307667,7375,544,7919,4,4,2237,3355,1856915/2,6731ccc80287866e675d723f4a04c1114bf34b216dd33a51b29d283aa25c2bef
1432,79,Global MILP baseline,3/2,3,METHOD_TIME_CAP,False,matplotlib,compact,10000000,1856156,False,,,,36.74018269999942,1543.11328125,reconstruct,,,,,,,,,,,,,,,,,,,,,,,
1433,79,Join-restricted MILP,3/2,3,optimal_numerical,True,matplotlib,compact,10000000,1856156,True,932503,932503.0,0.0,23.375962499994785,1167.79296875,between_stages,14.947586499998579,0.020142900000791997,0.7614966000110144,10.259064899990335,0.43561590000172146,3.4051689000043552,1856156,353969,308786,41812,0,0,0,0,0,1,1,308786,41812,350598,392410,246,f16c0d5b13e7fe36319b3c5020b4c40383130c69744b4eee7638c66217f72e61
1434,79,Preprocessed global MILP,3/2,4,optimal_numerical,True,matplotlib,compact,10000000,1856156,True,932503,932503.0,0.0,15.77026950000436,971.96484375,between_stages,7.31901160000416,3.887447200002498,0.007407299999613315,0.04010140000900719,0.0028396999987307936,3.354388599997037,1856156,353969,308786,41812,33309,7385,300255,307667,7375,544,7919,4,4,2237,3355,1856915/2,6731ccc80287866e675d723f4a04c1114bf34b216dd33a51b29d283aa25c2bef
1435,79,Join-restricted MILP,3/2,4,optimal_numerical,True,matplotlib,compact,10000000,1856156,True,932503,932503.0,0.0,23.328259500005515,1168.51171875,between_stages,14.914729000010993,0.02051930000016,0.7715536000032444,10.27772470000491,0.4382070000137901,3.3402301000023726,1856156,353969,308786,41812,0,0,0,0,0,1,1,308786,41812,350598,392410,246,f16c0d5b13e7fe36319b3c5020b4c40383130c69744b4eee7638c66217f72e61
1436,79,Global MILP baseline,3/2,4,METHOD_TIME_CAP,False,matplotlib,compact,10000000,1856156,False,,,,36.776295299991034,1543.37109375,reconstruct,,,,,,,,,,,,,,,,,,,,,,,
1437,79,Global MILP baseline,3/2,5,METHOD_TIME_CAP,False,matplotlib,compact,10000000,1856156,False,,,,36.730185299995355,1543.3125,reconstruct,,,,,,,,,,,,,,,,,,,,,,,
1438,79,Join-restricted MILP,3/2,5,optimal_numerical,True,matplotlib,compact,10000000,1856156,True,932503,932503.0,0.0,23.251302099990426,1167.60546875,between_stages,14.818043899998884,0.020934100000886247,0.7699448999919696,10.182405200001085,0.4434829000092577,3.3346861000027275,1856156,353969,308786,41812,0,0,0,0,0,1,1,308786,41812,350598,392410,246,f16c0d5b13e7fe36319b3c5020b4c40383130c69744b4eee7638c66217f72e61
1439,79,Preprocessed global MILP,3/2,5,optimal_numerical,True,matplotlib,compact,10000000,1856156,True,932503,932503.0,0.0,15.837791700003436,967.60546875,between_stages,7.366664100001799,3.8889391999982763,0.00715459999628365,0.03963709999516141,0.0028408000071067363,3.40135279999231,1856156,353969,308786,41812,33309,7385,300255,307667,7375,544,7919,4,4,2237,3355,1856915/2,6731ccc80287866e675d723f4a04c1114bf34b216dd33a51b29d283aa25c2bef
1440,80,Join-restricted MILP,3/2,0,METHOD_TIME_CAP,False,matplotlib,fielded,10000000,3373699,False,,,,42.44059089999064,2009.12109375,interpret,,,,,,,,,,,,,,,,,,,,,,,
1441,80,Global MILP baseline,3/2,0,METHOD_TIME_CAP,False,matplotlib,fielded,10000000,3373699,False,,,,42.43506940000225,2708.2578125,reconstruct,,,,,,,,,,,,,,,,,,,,,,,
1442,80,Preprocessed global MILP,3/2,0,optimal_numerical,True,matplotlib,fielded,10000000,3373699,True,1207319,1207319.0,0.0,31.13559350000287,1546.55078125,between_stages,16.02347529999679,11.976974100005464,0.015387600011308677,0.3256247999961488,0.006818599998950958,3.6470334000041476,3373699,595370,550187,62008,43115,16215,530125,547266,16006,932,16938,7,6,5599,8277,2397341/2,3ef549f95b3242511ac9c932cbeabc0d5b3b9986d144aad95e269f0da16293fb
1443,80,Join-restricted MILP,3/2,1,METHOD_TIME_CAP,False,matplotlib,fielded,10000000,3373699,False,,,,42.50655140000163,2009.28515625,interpret,,,,,,,,,,,,,,,,,,,,,,,
1444,80,Preprocessed global MILP,3/2,1,optimal_numerical,True,matplotlib,fielded,10000000,3373699,True,1207319,1207319.0,0.0,30.941186299998662,1547.140625,between_stages,15.841609300012351,11.838981299995794,0.01449539999885019,0.3209897000051569,0.008054600009927526,3.6075783999986015,3373699,595370,550187,62008,43115,16215,530125,547266,16006,932,16938,7,6,5599,8277,2397341/2,3ef549f95b3242511ac9c932cbeabc0d5b3b9986d144aad95e269f0da16293fb
1445,80,Global MILP baseline,3/2,1,METHOD_TIME_CAP,False,matplotlib,fielded,10000000,3373699,False,,,,42.43271249999816,2697.21875,interpret,,,,,,,,,,,,,,,,,,,,,,,
1446,80,Preprocessed global MILP,3/2,2,optimal_numerical,True,matplotlib,fielded,10000000,3373699,True,1207319,1207319.0,0.0,30.862767099999473,1578.6953125,between_stages,15.848712399994838,11.83446699999331,0.01468849999946542,0.31517580000218004,0.007027100000414066,3.62390669999877,3373699,595370,550187,62008,43115,16215,530125,547266,16006,932,16938,7,6,5599,8277,2397341/2,3ef549f95b3242511ac9c932cbeabc0d5b3b9986d144aad95e269f0da16293fb
1447,80,Global MILP baseline,3/2,2,METHOD_TIME_CAP,False,matplotlib,fielded,10000000,3373699,False,,,,42.36204139998881,2698.00390625,reconstruct,,,,,,,,,,,,,,,,,,,,,,,
1448,80,Join-restricted MILP,3/2,2,METHOD_TIME_CAP,False,matplotlib,fielded,10000000,3373699,False,,,,42.375760900002206,2009.49609375,solver,,,,,,,,,,,,,,,,,,,,,,,
1449,80,Preprocessed global MILP,3/2,3,optimal_numerical,True,matplotlib,fielded,10000000,3373699,True,1207319,1207319.0,0.0,30.916192200005753,1546.09765625,between_stages,15.864771800013841,11.811009899989585,0.014427600006456487,0.3232021000003442,0.007120000009308569,3.657273700009682,3373699,595370,550187,62008,43115,16215,530125,547266,16006,932,16938,7,6,5599,8277,2397341/2,3ef549f95b3242511ac9c932cbeabc0d5b3b9986d144aad95e269f0da16293fb
1450,80,Join-restricted MILP,3/2,3,METHOD_TIME_CAP,False,matplotlib,fielded,10000000,3373699,False,,,,42.42526150000049,2009.5,solver,,,,,,,,,,,,,,,,,,,,,,,
1451,80,Global MILP baseline,3/2,3,METHOD_TIME_CAP,False,matplotlib,fielded,10000000,3373699,False,,,,42.593569599994225,2697.71484375,interpret,,,,,,,,,,,,,,,,,,,,,,,
1452,80,Global MILP baseline,3/2,4,METHOD_TIME_CAP,False,matplotlib,fielded,10000000,3373699,False,,,,42.59714499999245,2708.8203125,interpret,,,,,,,,,,,,,,,,,,,,,,,
1453,80,Join-restricted MILP,3/2,4,METHOD_TIME_CAP,False,matplotlib,fielded,10000000,3373699,False,,,,42.453896399994846,2008.7890625,interpret,,,,,,,,,,,,,,,,,,,,,,,
1454,80,Preprocessed global MILP,3/2,4,optimal_numerical,True,matplotlib,fielded,10000000,3373699,True,1207319,1207319.0,0.0,31.032533599995077,1575.87109375,between_stages,15.851714300006279,11.823425900001894,0.01467090001096949,0.31679119999171235,0.007023999991361052,3.6375826000003144,3373699,595370,550187,62008,43115,16215,530125,547266,16006,932,16938,7,6,5599,8277,2397341/2,3ef549f95b3242511ac9c932cbeabc0d5b3b9986d144aad95e269f0da16293fb
1455,80,Global MILP baseline,3/2,5,METHOD_TIME_CAP,False,matplotlib,fielded,10000000,3373699,False,,,,42.45126329999766,2707.9140625,reconstruct,,,,,,,,,,,,,,,,,,,,,,,
1456,80,Preprocessed global MILP,3/2,5,optimal_numerical,True,matplotlib,fielded,10000000,3373699,True,1207319,1207319.0,0.0,30.987424599996302,1575.6640625,between_stages,15.88936349999858,11.849816400004784,0.014799399999901652,0.3195772000035504,0.00681980000808835,3.6467026000027545,3373699,595370,550187,62008,43115,16215,530125,547266,16006,932,16938,7,6,5599,8277,2397341/2,3ef549f95b3242511ac9c932cbeabc0d5b3b9986d144aad95e269f0da16293fb
1457,80,Join-restricted MILP,3/2,5,METHOD_TIME_CAP,False,matplotlib,fielded,10000000,3373699,False,,,,42.41636339999968,2014.55078125,solver,,,,,,,,,,,,,,,,,,,,,,,
1458,81,Join-restricted MILP,2,0,optimal_numerical,True,matplotlib,compact,10000000,1856156,True,949432,949432.0,0.0,25.476168399996823,1168.3671875,between_stages,16.970955299999332,0.02037870000640396,0.765362100006314,12.299653499998385,0.44563400000333786,3.373314099997515,1856156,353969,308786,41812,0,0,0,0,0,1,1,308786,41812,350598,392410,246,f16c0d5b13e7fe36319b3c5020b4c40383130c69744b4eee7638c66217f72e61
1459,81,Preprocessed global MILP,2,0,optimal_numerical,True,matplotlib,compact,10000000,1856156,True,949432,949432.0,0.0,15.686538900001324,968.5703125,between_stages,7.306608200000483,3.8747759999969276,0.005033599998569116,0.01718290000280831,0.0014364999951794744,3.3816497000079835,1856156,353969,308786,41812,33595,7696,300541,308265,7675,247,7922,4,4,1042,1563,947204,d2d3ace4341308cc9190845e68f9e230012e594b752a4f241d3bfad55fc87f72
1460,81,Global MILP baseline,2,0,METHOD_TIME_CAP,False,matplotlib,compact,10000000,1856156,False,,,,36.847426799999084,1542.86328125,reconstruct,,,,,,,,,,,,,,,,,,,,,,,
1461,81,Preprocessed global MILP,2,1,optimal_numerical,True,matplotlib,compact,10000000,1856156,True,949432,949432.0,0.0,15.68765410000924,973.41796875,between_stages,7.259522699998342,3.8517696999915643,0.0055893999960972,0.01609459999599494,0.0015490000077988952,3.356883200001903,1856156,353969,308786,41812,33595,7696,300541,308265,7675,247,7922,4,4,1042,1563,947204,d2d3ace4341308cc9190845e68f9e230012e594b752a4f241d3bfad55fc87f72
1462,81,Global MILP baseline,2,1,METHOD_TIME_CAP,False,matplotlib,compact,10000000,1856156,False,,,,36.810256700002356,1543.078125,reconstruct,,,,,,,,,,,,,,,,,,,,,,,
1463,81,Join-restricted MILP,2,1,optimal_numerical,True,matplotlib,compact,10000000,1856156,True,949432,949432.0,0.0,25.209494199996698,1167.37109375,between_stages,16.773202000011224,0.019846299997880124,0.7660547999985283,12.149927899998147,0.4431236000091303,3.329300900004455,1856156,353969,308786,41812,0,0,0,0,0,1,1,308786,41812,350598,392410,246,f16c0d5b13e7fe36319b3c5020b4c40383130c69744b4eee7638c66217f72e61
1464,81,Preprocessed global MILP,2,2,optimal_numerical,True,matplotlib,compact,10000000,1856156,True,949432,949432.0,0.0,15.659001099993475,1002.33984375,between_stages,7.280747600001632,3.8719482000014978,0.005086300006951205,0.017496400003437884,0.0015382999990833923,3.3580093999917153,1856156,353969,308786,41812,33595,7696,300541,308265,7675,247,7922,4,4,1042,1563,947204,d2d3ace4341308cc9190845e68f9e230012e594b752a4f241d3bfad55fc87f72
1465,81,Join-restricted MILP,2,2,optimal_numerical,True,matplotlib,compact,10000000,1856156,True,949432,949432.0,0.0,25.093550499994308,1168.6015625,between_stages,16.712712900000042,0.02036450000014156,0.766880700000911,12.124007799997344,0.43574630000512116,3.2988313999958336,1856156,353969,308786,41812,0,0,0,0,0,1,1,308786,41812,350598,392410,246,f16c0d5b13e7fe36319b3c5020b4c40383130c69744b4eee7638c66217f72e61
1466,81,Global MILP baseline,2,2,METHOD_TIME_CAP,False,matplotlib,compact,10000000,1856156,False,,,,36.73632389999693,1542.5859375,reconstruct,,,,,,,,,,,,,,,,,,,,,,,
1467,81,Global MILP baseline,2,3,METHOD_TIME_CAP,False,matplotlib,compact,10000000,1856156,False,,,,36.840583999990486,1543.23046875,reconstruct,,,,,,,,,,,,,,,,,,,,,,,
1468,81,Join-restricted MILP,2,3,optimal_numerical,True,matplotlib,compact,10000000,1856156,True,949432,949432.0,0.0,25.390160800001468,1168.11328125,between_stages,16.901346600003308,0.019971200003055856,0.768987899995409,12.290903599990997,0.43569669999124017,3.3189258000056725,1856156,353969,308786,41812,0,0,0,0,0,1,1,308786,41812,350598,392410,246,f16c0d5b13e7fe36319b3c5020b4c40383130c69744b4eee7638c66217f72e61
1469,81,Preprocessed global MILP,2,3,optimal_numerical,True,matplotlib,compact,10000000,1856156,True,949432,949432.0,0.0,15.711638099994161,971.12109375,between_stages,7.304392300007748,3.8507313000009162,0.00566419999813661,0.017795100007788278,0.0015175000007729977,3.4028935999958776,1856156,353969,308786,41812,33595,7696,300541,308265,7675,247,7922,4,4,1042,1563,947204,d2d3ace4341308cc9190845e68f9e230012e594b752a4f241d3bfad55fc87f72
1470,81,Global MILP baseline,2,4,METHOD_TIME_CAP,False,matplotlib,compact,10000000,1856156,False,,,,36.77507589999004,1543.03515625,reconstruct,,,,,,,,,,,,,,,,,,,,,,,
1471,81,Preprocessed global MILP,2,4,optimal_numerical,True,matplotlib,compact,10000000,1856156,True,949432,949432.0,0.0,15.70624559999851,965.05859375,between_stages,7.290790500002913,3.850667999999132,0.004862000001594424,0.01743630001146812,0.0014826999977231026,3.3894572999997763,1856156,353969,308786,41812,33595,7696,300541,308265,7675,247,7922,4,4,1042,1563,947204,d2d3ace4341308cc9190845e68f9e230012e594b752a4f241d3bfad55fc87f72
1472,81,Join-restricted MILP,2,4,optimal_numerical,True,matplotlib,compact,10000000,1856156,True,949432,949432.0,0.0,25.371620100006112,1168.72265625,between_stages,16.960476199994446,0.020808100001886487,0.7661519999965094,12.290798600006383,0.4456330999964848,3.371108799998183,1856156,353969,308786,41812,0,0,0,0,0,1,1,308786,41812,350598,392410,246,f16c0d5b13e7fe36319b3c5020b4c40383130c69744b4eee7638c66217f72e61
1473,81,Join-restricted MILP,2,5,optimal_numerical,True,matplotlib,compact,10000000,1856156,True,949432,949432.0,0.0,25.18431409999903,1167.6328125,between_stages,16.76260299999558,0.020952199993189424,0.7707512999913888,12.107212999995681,0.43989379999402445,3.3574898000078974,1856156,353969,308786,41812,0,0,0,0,0,1,1,308786,41812,350598,392410,246,f16c0d5b13e7fe36319b3c5020b4c40383130c69744b4eee7638c66217f72e61
1474,81,Global MILP baseline,2,5,METHOD_TIME_CAP,False,matplotlib,compact,10000000,1856156,False,,,,36.788204600001336,1543.28515625,reconstruct,,,,,,,,,,,,,,,,,,,,,,,
1475,81,Preprocessed global MILP,2,5,optimal_numerical,True,matplotlib,compact,10000000,1856156,True,949432,949432.0,0.0,15.681362800009083,966.828125,between_stages,7.288579800006119,3.8562844000116456,0.005248899993603118,0.016818200005218387,0.0014627000055043027,3.3829845000000205,1856156,353969,308786,41812,33595,7696,300541,308265,7675,247,7922,4,4,1042,1563,947204,d2d3ace4341308cc9190845e68f9e230012e594b752a4f241d3bfad55fc87f72
1476,82,Preprocessed global MILP,2,0,optimal_numerical,True,matplotlib,fielded,10000000,3373699,True,1229423,1229423.0,0.0,28.036900600010995,1548.48046875,between_stages,12.957232200002181,9.168173099998967,0.007268099987413734,0.038030399999115616,0.0023079999955371022,3.6911992999957874,3373699,595370,550187,62008,42051,19265,529066,549368,17123,233,17356,7,6,1511,2203,1226861,9af70e44903e8be4da98896c77829d5afd8021af43bd01099ecb8a0cf6b4420c
1477,82,Global MILP baseline,2,0,METHOD_TIME_CAP,False,matplotlib,fielded,10000000,3373699,False,,,,42.47250060000806,2707.44921875,reconstruct,,,,,,,,,,,,,,,,,,,,,,,
1478,82,Join-restricted MILP,2,0,METHOD_TIME_CAP,False,matplotlib,fielded,10000000,3373699,False,,,,42.344380499998806,2014.35546875,reconstruct,,,,,,,,,,,,,,,,,,,,,,,
1479,82,Preprocessed global MILP,2,1,optimal_numerical,True,matplotlib,fielded,10000000,3373699,True,1229423,1229423.0,0.0,27.86121559998719,1545.01171875,between_stages,12.857768600006239,9.139656400002423,0.0069097000086912885,0.03858460001356434,0.0024526999914087355,3.619144199998118,3373699,595370,550187,62008,42051,19265,529066,549368,17123,233,17356,7,6,1511,2203,1226861,9af70e44903e8be4da98896c77829d5afd8021af43bd01099ecb8a0cf6b4420c
1480,82,Join-restricted MILP,2,1,METHOD_TIME_CAP,False,matplotlib,fielded,10000000,3373699,False,,,,42.47823899998912,2010.15234375,reconstruct,,,,,,,,,,,,,,,,,,,,,,,
1481,82,Global MILP baseline,2,1,METHOD_TIME_CAP,False,matplotlib,fielded,10000000,3373699,False,,,,42.44081499999447,2698.62890625,reconstruct,,,,,,,,,,,,,,,,,,,,,,,
1482,82,Global MILP baseline,2,2,METHOD_TIME_CAP,False,matplotlib,fielded,10000000,3373699,False,,,,42.428869499999564,2698.41796875,reconstruct,,,,,,,,,,,,,,,,,,,,,,,
1483,82,Join-restricted MILP,2,2,METHOD_TIME_CAP,False,matplotlib,fielded,10000000,3373699,False,,,,42.48169689999486,2009.828125,reconstruct,,,,,,,,,,,,,,,,,,,,,,,
1484,82,Preprocessed global MILP,2,2,optimal_numerical,True,matplotlib,fielded,10000000,3373699,True,1229423,1229423.0,0.0,28.008822200004943,1544.953125,between_stages,12.961641800007783,9.150191300010192,0.006816200009780005,0.03914009999425616,0.0022767000045860186,3.709926200011978,3373699,595370,550187,62008,42051,19265,529066,549368,17123,233,17356,7,6,1511,2203,1226861,9af70e44903e8be4da98896c77829d5afd8021af43bd01099ecb8a0cf6b4420c
1485,82,Global MILP baseline,2,3,METHOD_TIME_CAP,False,matplotlib,fielded,10000000,3373699,False,,,,42.37786199999391,2705.9765625,reconstruct,,,,,,,,,,,,,,,,,,,,,,,
1486,82,Preprocessed global MILP,2,3,optimal_numerical,True,matplotlib,fielded,10000000,3373699,True,1229423,1229423.0,0.0,27.957662500004517,1544.99609375,between_stages,12.883775599999353,9.148139299999457,0.006711399997584522,0.03707649999705609,0.0021813999919686466,3.639347300006193,3373699,595370,550187,62008,42051,19265,529066,549368,17123,233,17356,7,6,1511,2203,1226861,9af70e44903e8be4da98896c77829d5afd8021af43bd01099ecb8a0cf6b4420c
1487,82,Join-restricted MILP,2,3,METHOD_TIME_CAP,False,matplotlib,fielded,10000000,3373699,False,,,,42.42182749998756,2009.875,reconstruct,,,,,,,,,,,,,,,,,,,,,,,
1488,82,Join-restricted MILP,2,4,METHOD_TIME_CAP,False,matplotlib,fielded,10000000,3373699,False,,,,42.467487499990966,2009.5625,reconstruct,,,,,,,,,,,,,,,,,,,,,,,
1489,82,Global MILP baseline,2,4,METHOD_TIME_CAP,False,matplotlib,fielded,10000000,3373699,False,,,,42.31539010000415,2698.9296875,reconstruct,,,,,,,,,,,,,,,,,,,,,,,
1490,82,Preprocessed global MILP,2,4,optimal_numerical,True,matplotlib,fielded,10000000,3373699,True,1229423,1229423.0,0.0,27.849272200008272,1547.890625,between_stages,12.828229600010673,9.103596800006926,0.006738199997926131,0.038883800007170066,0.00228169999900274,3.625375100004021,3373699,595370,550187,62008,42051,19265,529066,549368,17123,233,17356,7,6,1511,2203,1226861,9af70e44903e8be4da98896c77829d5afd8021af43bd01099ecb8a0cf6b4420c
1491,82,Join-restricted MILP,2,5,METHOD_TIME_CAP,False,matplotlib,fielded,10000000,3373699,False,,,,42.3449460999982,2010.01953125,reconstruct,,,,,,,,,,,,,,,,,,,,,,,
1492,82,Preprocessed global MILP,2,5,optimal_numerical,True,matplotlib,fielded,10000000,3373699,True,1229423,1229423.0,0.0,28.01517509999394,1548.63671875,between_stages,12.8543473000027,9.11933780000254,0.006296999999904074,0.03814499999862164,0.002136600000085309,3.637444100007997,3373699,595370,550187,62008,42051,19265,529066,549368,17123,233,17356,7,6,1511,2203,1226861,9af70e44903e8be4da98896c77829d5afd8021af43bd01099ecb8a0cf6b4420c
1493,82,Global MILP baseline,2,5,METHOD_TIME_CAP,False,matplotlib,fielded,10000000,3373699,False,,,,42.50691090000328,2707.640625,reconstruct,,,,,,,,,,,,,,,,,,,,,,,
1494,83,Preprocessed global MILP,32,0,optimal_numerical,True,matplotlib,compact,10000000,1856156,True,1258573,1258573.0,0.0,26.534966699997312,1008.6953125,between_stages,17.975162799993996,14.155820999993011,0.02703480000491254,0.33051759999943897,0.018934399995487183,3.413952299990342,1856156,353969,308786,41812,3692,36736,251349,300157,21342,330,21672,791,100,10013,11397,1174321,16c88da18ca67b1483c531cc09d722a501f093edbab576f92c41280018cab8ce
1495,83,Join-restricted MILP,32,0,optimal_numerical,True,matplotlib,compact,10000000,1856156,True,1258573,1258573.0,0.0,31.376495699994848,1186.04296875,between_stages,22.732741299987538,0.02041060000192374,0.7674278000049526,17.95768959999259,0.44536940001125913,3.474565000011353,1856156,353969,308786,41812,0,0,0,0,0,1,1,308786,41812,350598,392410,246,f16c0d5b13e7fe36319b3c5020b4c40383130c69744b4eee7638c66217f72e61
1496,83,Global MILP baseline,32,0,METHOD_TIME_CAP,False,matplotlib,compact,10000000,1856156,False,,,,36.76352269999916,1543.26171875,reconstruct,,,,,,,,,,,,,,,,,,,,,,,
1497,83,Global MILP baseline,32,1,METHOD_TIME_CAP,False,matplotlib,compact,10000000,1856156,False,,,,36.79269740000018,1542.77734375,reconstruct,,,,,,,,,,,,,,,,,,,,,,,
1498,83,Join-restricted MILP,32,1,optimal_numerical,True,matplotlib,compact,10000000,1856156,True,1258573,1258573.0,0.0,31.352624499995727,1188.0390625,between_stages,22.764203600003384,0.020447999995667487,0.7826552999904379,17.99750440000207,0.43788639998820145,3.460153399995761,1856156,353969,308786,41812,0,0,0,0,0,1,1,308786,41812,350598,392410,246,f16c0d5b13e7fe36319b3c5020b4c40383130c69744b4eee7638c66217f72e61
1499,83,Preprocessed global MILP,32,1,optimal_numerical,True,matplotlib,compact,10000000,1856156,True,1258573,1258573.0,0.0,26.455347899987828,1012.20703125,between_stages,17.884214699995937,14.074993899994297,0.02708159999747295,0.3315379999985453,0.018600399998831563,3.403907399988384,1856156,353969,308786,41812,3692,36736,251349,300157,21342,330,21672,791,100,10013,11397,1174321,16c88da18ca67b1483c531cc09d722a501f093edbab576f92c41280018cab8ce
1500,83,Global MILP baseline,32,2,METHOD_TIME_CAP,False,matplotlib,compact,10000000,1856156,False,,,,36.72666200000094,1542.75,reconstruct,,,,,,,,,,,,,,,,,,,,,,,
1501,83,Preprocessed global MILP,32,2,optimal_numerical,True,matplotlib,compact,10000000,1856156,True,1258573,1258573.0,0.0,26.509319100005087,1010.16796875,between_stages,17.946008200000506,14.111617400005343,0.02730899999733083,0.329955199995311,0.01855180000711698,3.429823700003908,1856156,353969,308786,41812,3692,36736,251349,300157,21342,330,21672,791,100,10013,11397,1174321,16c88da18ca67b1483c531cc09d722a501f093edbab576f92c41280018cab8ce
1502,83,Join-restricted MILP,32,2,optimal_numerical,True,matplotlib,compact,10000000,1856156,True,1258573,1258573.0,0.0,31.171029799996177,1186.6796875,between_stages,22.64529489999404,0.019701299999724142,0.766933799997787,17.86426250000659,0.4382742000016151,3.489504899989697,1856156,353969,308786,41812,0,0,0,0,0,1,1,308786,41812,350598,392410,246,f16c0d5b13e7fe36319b3c5020b4c40383130c69744b4eee7638c66217f72e61
1503,83,Join-restricted MILP,32,3,optimal_numerical,True,matplotlib,compact,10000000,1856156,True,1258573,1258573.0,0.0,31.436001800000668,1187.45703125,between_stages,22.79444610000064,0.019572299992432818,0.7671363999979803,17.981294000011985,0.43740889999025967,3.522052700005588,1856156,353969,308786,41812,0,0,0,0,0,1,1,308786,41812,350598,392410,246,f16c0d5b13e7fe36319b3c5020b4c40383130c69744b4eee7638c66217f72e61
1504,83,Global MILP baseline,32,3,METHOD_TIME_CAP,False,matplotlib,compact,10000000,1856156,False,,,,36.740563200000906,1543.5859375,reconstruct,,,,,,,,,,,,,,,,,,,,,,,
1505,83,Preprocessed global MILP,32,3,optimal_numerical,True,matplotlib,compact,10000000,1856156,True,1258573,1258573.0,0.0,26.443947199994,1003.5546875,between_stages,17.927455800003372,14.118282099996577,0.02763500000583008,0.33297199998924043,0.019188600010238588,3.4005154999904335,1856156,353969,308786,41812,3692,36736,251349,300157,21342,330,21672,791,100,10013,11397,1174321,16c88da18ca67b1483c531cc09d722a501f093edbab576f92c41280018cab8ce
1506,83,Join-restricted MILP,32,4,optimal_numerical,True,matplotlib,compact,10000000,1856156,True,1258573,1258573.0,0.0,31.232290400002967,1186.265625,between_stages,22.657329000008758,0.021057500009192154,0.7671585000061896,17.860818699991796,0.4415796999965096,3.4996927000029245,1856156,353969,308786,41812,0,0,0,0,0,1,1,308786,41812,350598,392410,246,f16c0d5b13e7fe36319b3c5020b4c40383130c69744b4eee7638c66217f72e61
1507,83,Preprocessed global MILP,32,4,optimal_numerical,True,matplotlib,compact,10000000,1856156,True,1258573,1258573.0,0.0,26.56909319999977,1005.72265625,between_stages,18.039421599998605,14.213241500008735,0.027608600008534268,0.33164980000583455,0.019086500004050322,3.4197233999875607,1856156,353969,308786,41812,3692,36736,251349,300157,21342,330,21672,791,100,10013,11397,1174321,16c88da18ca67b1483c531cc09d722a501f093edbab576f92c41280018cab8ce
1508,83,Global MILP baseline,32,4,METHOD_TIME_CAP,False,matplotlib,compact,10000000,1856156,False,,,,36.73138369999651,1545.97265625,reconstruct,,,,,,,,,,,,,,,,,,,,,,,
1509,83,Preprocessed global MILP,32,5,optimal_numerical,True,matplotlib,compact,10000000,1856156,True,1258573,1258573.0,0.0,26.4500221000053,1048.296875,between_stages,17.90473359999305,14.10589570000593,0.026772700002766214,0.3301657999982126,0.018941200003609993,3.3948438999941573,1856156,353969,308786,41812,3692,36736,251349,300157,21342,330,21672,791,100,10013,11397,1174321,16c88da18ca67b1483c531cc09d722a501f093edbab576f92c41280018cab8ce
1510,83,Global MILP baseline,32,5,METHOD_TIME_CAP,False,matplotlib,compact,10000000,1856156,False,,,,36.72862170000735,1543.375,reconstruct,,,,,,,,,,,,,,,,,,,,,,,
1511,83,Join-restricted MILP,32,5,optimal_numerical,True,matplotlib,compact,10000000,1856156,True,1258573,1258573.0,0.0,31.077859900004114,1186.890625,between_stages,22.562838400001056,0.022162300010677427,0.7732209000096191,17.781512200002908,0.4408276000031037,3.479384000005666,1856156,353969,308786,41812,0,0,0,0,0,1,1,308786,41812,350598,392410,246,f16c0d5b13e7fe36319b3c5020b4c40383130c69744b4eee7638c66217f72e61
1512,84,Global MILP baseline,32,0,METHOD_TIME_CAP,False,matplotlib,fielded,10000000,3373699,False,,,,42.46843290000106,2698.33203125,solver,,,,,,,,,,,,,,,,,,,,,,,
1513,84,Join-restricted MILP,32,0,METHOD_TIME_CAP,False,matplotlib,fielded,10000000,3373699,False,,,,42.56540710000263,2009.06640625,reconstruct,,,,,,,,,,,,,,,,,,,,,,,
1514,84,Preprocessed global MILP,32,0,METHOD_TIME_CAP,False,matplotlib,fielded,10000000,3373699,False,,,,42.37644890000229,1423.3046875,reconstruct,,,,,,,,,,,,,,,,,,,,,,,
1515,84,Global MILP baseline,32,1,METHOD_TIME_CAP,False,matplotlib,fielded,10000000,3373699,False,,,,42.46761260001222,2701.65234375,solver,,,,,,,,,,,,,,,,,,,,,,,
1516,84,Preprocessed global MILP,32,1,METHOD_TIME_CAP,False,matplotlib,fielded,10000000,3373699,False,,,,42.40991740000027,1433.73828125,reconstruct,,,,,,,,,,,,,,,,,,,,,,,
1517,84,Join-restricted MILP,32,1,METHOD_TIME_CAP,False,matplotlib,fielded,10000000,3373699,False,,,,42.47230119998858,2008.96875,reconstruct,,,,,,,,,,,,,,,,,,,,,,,
1518,84,Join-restricted MILP,32,2,METHOD_TIME_CAP,False,matplotlib,fielded,10000000,3373699,False,,,,42.39157200000773,2009.40625,reconstruct,,,,,,,,,,,,,,,,,,,,,,,
1519,84,Global MILP baseline,32,2,METHOD_TIME_CAP,False,matplotlib,fielded,10000000,3373699,False,,,,42.48608060000697,2698.421875,solver,,,,,,,,,,,,,,,,,,,,,,,
1520,84,Preprocessed global MILP,32,2,METHOD_TIME_CAP,False,matplotlib,fielded,10000000,3373699,False,,,,42.425250200001756,1435.58984375,reconstruct,,,,,,,,,,,,,,,,,,,,,,,
1521,84,Join-restricted MILP,32,3,METHOD_TIME_CAP,False,matplotlib,fielded,10000000,3373699,False,,,,42.501855599999544,2009.05859375,reconstruct,,,,,,,,,,,,,,,,,,,,,,,
1522,84,Preprocessed global MILP,32,3,METHOD_TIME_CAP,False,matplotlib,fielded,10000000,3373699,False,,,,42.394459099989035,1444.3203125,reconstruct,,,,,,,,,,,,,,,,,,,,,,,
1523,84,Global MILP baseline,32,3,METHOD_TIME_CAP,False,matplotlib,fielded,10000000,3373699,False,,,,42.48587830000906,2696.390625,solver,,,,,,,,,,,,,,,,,,,,,,,
1524,84,Preprocessed global MILP,32,4,METHOD_TIME_CAP,False,matplotlib,fielded,10000000,3373699,False,,,,42.517873599994346,1423.90625,reconstruct,,,,,,,,,,,,,,,,,,,,,,,
1525,84,Global MILP baseline,32,4,METHOD_TIME_CAP,False,matplotlib,fielded,10000000,3373699,False,,,,42.40955810000014,2698.66015625,solver,,,,,,,,,,,,,,,,,,,,,,,
1526,84,Join-restricted MILP,32,4,METHOD_TIME_CAP,False,matplotlib,fielded,10000000,3373699,False,,,,42.46571519999998,2009.40234375,reconstruct,,,,,,,,,,,,,,,,,,,,,,,
1527,84,Preprocessed global MILP,32,5,METHOD_TIME_CAP,False,matplotlib,fielded,10000000,3373699,False,,,,42.48582469999383,1442.46875,reconstruct,,,,,,,,,,,,,,,,,,,,,,,
1528,84,Join-restricted MILP,32,5,METHOD_TIME_CAP,False,matplotlib,fielded,10000000,3373699,False,,,,42.39348269999027,2010.88671875,reconstruct,,,,,,,,,,,,,,,,,,,,,,,
1529,84,Global MILP baseline,32,5,METHOD_TIME_CAP,False,matplotlib,fielded,10000000,3373699,False,,,,42.468569400007254,2697.671875,solver,,,,,,,,,,,,,,,,,,,,,,,
