slot,h,method,repeat,kind,status,valid_return,input_id,distribution,representation,target_nodes,actual_nodes,known_integer_optimum,process_seconds,peak_sampled_rss_bytes,cost,lp_status,lp_full_objective_numeric,lp_residual_objective_numeric,lp_max_fractionality,lp_feasibility_violation,solver_invoked,error,seconds_primary,seconds_preprocess,seconds_model,seconds_solver,profile_residual_signature,profile_fixed_cost,profile_residual_candidates,profile_components,profile_max_component_candidates,full_objective_gap,full_gap_percent,residual_integer_optimum,zero_gap_numeric,gap_reference_kind,reference_minus_lp_numeric,residual_gap_percent,seconds_interpret,seconds_reconstruct,profile_N,profile_subterms,profile_initial_candidates,profile_joins,profile_forced,profile_excluded,profile_count_one,profile_fixed_count_vertices,profile_deterministic_components,profile_raw_components,profile_max_component_vertices,profile_variables,profile_constraints,witness_checked,quality_gap_percent,seconds_selection
0,11/10,LP-on,0,LP,LP_OPTIMAL_NUMERICAL,True,matplotlib-compact-100000,matplotlib,compact,100000,109859,756903/10,0.7474256999994395,124989440,,0,75685.75,57.35,0.5,0.0,True,,0.10358910000286414,0.09580570000252919,0.001909200000227429,0.005257199998595752,87c46aa31a52df2878f69b5673b45bed3a01dfb9bad58cd8dc5f1879f8d9ca16,378142/5,19,9,3,4.55000000000291,0.006011338308875656,61.9,False,numeric_integer_optimum,4.55000000000291,7.350565428114557,,,,,,,,,,,,,,,,,,
1,11/10,LP-off,0,LP,LP_OPTIMAL_NUMERICAL,True,matplotlib-compact-100000,matplotlib,compact,100000,109859,756903/10,0.761619699998846,125222912,,0,75685.75,57.35,0.5,0.0,True,,0.10377189999780967,0.09826539999994566,0.0022664999996777624,0.0025703999999677762,87c46aa31a52df2878f69b5673b45bed3a01dfb9bad58cd8dc5f1879f8d9ca16,378142/5,19,9,3,4.55000000000291,0.006011338308875656,61.9,False,numeric_integer_optimum,4.55000000000291,7.350565428114557,,,,,,,,,,,,,,,,,,
2,11/10,A1,0,ablation,optimal_numerical,True,matplotlib-compact-100000,matplotlib,compact,100000,109859,756903/10,1.0182926999987103,140267520,756903/10,,,,,,,,0.25002409999797237,0.11365980000118725,0.0017717999980959576,0.0062893000031181145,87c46aa31a52df2878f69b5673b45bed3a01dfb9bad58cd8dc5f1879f8d9ca16,378142/5,,9,3,,,,,,,,0.0003077000001212582,0.12302280000221799,109859,34952,23711,2400,1684,697,22993,23692,697,706,3,38,57,True,0.0,
3,11/10,RG-add,0,ablation,FEASIBLE,True,matplotlib-compact-100000,matplotlib,compact,100000,109859,756903/10,1.0189327000007324,139112448,756903/10,,,,,,,,0.25212739999915357,0.12190449999980046,,,87c46aa31a52df2878f69b5673b45bed3a01dfb9bad58cd8dc5f1879f8d9ca16,378142/5,19,9,3,,,,,,,,,0.12692339999921387,,,,,,,,,,,,,,True,0.0,0.002366000000620261
4,11/10,RG-prune,0,ablation,FEASIBLE,True,matplotlib-compact-100000,matplotlib,compact,100000,109859,756903/10,0.9821411000011722,145305600,756903/10,,,,,,,,0.23574619999999413,0.10758899999927962,,,87c46aa31a52df2878f69b5673b45bed3a01dfb9bad58cd8dc5f1879f8d9ca16,378142/5,19,9,3,,,,,,,,,0.1247786999992968,,,,,,,,,,,,,,True,0.0,0.0024693000013940036
5,11/10,RG-add,1,ablation,FEASIBLE,True,matplotlib-compact-100000,matplotlib,compact,100000,109859,756903/10,0.9781110000003537,139309056,756903/10,,,,,,,,0.24047169999903417,0.09921119999853545,,,87c46aa31a52df2878f69b5673b45bed3a01dfb9bad58cd8dc5f1879f8d9ca16,378142/5,19,9,3,,,,,,,,,0.13851669999712612,,,,,,,,,,,,,,True,0.0,0.0019207000004826114
6,11/10,RG-prune,1,ablation,FEASIBLE,True,matplotlib-compact-100000,matplotlib,compact,100000,109859,756903/10,0.9808995999992476,138899456,756903/10,,,,,,,,0.23390099999960512,0.10476870000275085,,,87c46aa31a52df2878f69b5673b45bed3a01dfb9bad58cd8dc5f1879f8d9ca16,378142/5,19,9,3,,,,,,,,,0.12349040000117384,,,,,,,,,,,,,,True,0.0,0.0046764999970037024
7,11/10,A1,1,ablation,optimal_numerical,True,matplotlib-compact-100000,matplotlib,compact,100000,109859,756903/10,1.0130470000003697,140427264,756903/10,,,,,,,,0.22478050000063377,0.10172210000018822,0.0020263999977032654,0.0033918999979505315,87c46aa31a52df2878f69b5673b45bed3a01dfb9bad58cd8dc5f1879f8d9ca16,378142/5,,9,3,,,,,,,,0.00017970000044442713,0.11302340000111144,109859,34952,23711,2400,1684,697,22993,23692,697,706,3,38,57,True,0.0,
8,11/10,RG-prune,2,ablation,FEASIBLE,True,matplotlib-compact-100000,matplotlib,compact,100000,109859,756903/10,0.9586439000013343,139915264,756903/10,,,,,,,,0.21341910000046482,0.09756879999986268,,,87c46aa31a52df2878f69b5673b45bed3a01dfb9bad58cd8dc5f1879f8d9ca16,378142/5,19,9,3,,,,,,,,,0.11258430000088993,,,,,,,,,,,,,,True,0.0,0.0022634000015386846
9,11/10,A1,2,ablation,optimal_numerical,True,matplotlib-compact-100000,matplotlib,compact,100000,109859,756903/10,0.9649792999989586,139718656,756903/10,,,,,,,,0.21935929999744985,0.09800129999712226,0.001868700001068646,0.0038028999988455325,87c46aa31a52df2878f69b5673b45bed3a01dfb9bad58cd8dc5f1879f8d9ca16,378142/5,,9,3,,,,,,,,0.00018930000078398734,0.11072890000286861,109859,34952,23711,2400,1684,697,22993,23692,697,706,3,38,57,True,0.0,
10,11/10,RG-add,2,ablation,FEASIBLE,True,matplotlib-compact-100000,matplotlib,compact,100000,109859,756903/10,0.9681390000005194,139546624,756903/10,,,,,,,,0.214420299998892,0.09867279999889433,,,87c46aa31a52df2878f69b5673b45bed3a01dfb9bad58cd8dc5f1879f8d9ca16,378142/5,19,9,3,,,,,,,,,0.11080749999746331,,,,,,,,,,,,,,True,0.0,0.004136399998969864
11,5/4,LP-on,0,LP,LP_OPTIMAL_NUMERICAL,True,matplotlib-compact-100000,matplotlib,compact,100000,109859,303777/4,0.7803271000011591,123695104,,0,75939.875,58.875,0.5,0.0,True,,0.10360389999914332,0.09834689999843249,0.0017821000001276843,0.002826799998729257,01be878c555b40e144f50231e743694e4132e48bd856c31cb574bc80987d7b50,75881,19,9,3,4.375,0.005760804800890126,63.25,False,numeric_integer_optimum,4.375,6.91699604743083,,,,,,,,,,,,,,,,,,
12,5/4,LP-off,0,LP,LP_OPTIMAL_NUMERICAL,True,matplotlib-compact-100000,matplotlib,compact,100000,109859,303777/4,0.7483922999999777,126033920,,0,75939.875,58.875,0.5,0.0,True,,0.10471719999986817,0.09970360000079381,0.0017963999998755753,0.0025434999988647178,01be878c555b40e144f50231e743694e4132e48bd856c31cb574bc80987d7b50,75881,19,9,3,4.375,0.005760804800890126,63.25,False,numeric_integer_optimum,4.375,6.91699604743083,,,,,,,,,,,,,,,,,,
13,5/4,A1,0,ablation,optimal_numerical,True,matplotlib-compact-100000,matplotlib,compact,100000,109859,303777/4,0.9501075000007404,139214848,303777/4,,,,,,,,0.22278929999811226,0.10241709999900195,0.0021605000001727603,0.0035711000018636696,01be878c555b40e144f50231e743694e4132e48bd856c31cb574bc80987d7b50,75881,,9,3,,,,,,,,0.000170599996636156,0.11016670000026352,109859,34952,23711,2400,1684,697,22993,23692,697,706,3,38,57,True,0.0,
14,5/4,RG-add,0,ablation,FEASIBLE,True,matplotlib-compact-100000,matplotlib,compact,100000,109859,303777/4,1.0020412000012584,139177984,303777/4,,,,,,,,0.22430529999837745,0.10129830000005313,,,01be878c555b40e144f50231e743694e4132e48bd856c31cb574bc80987d7b50,75881,19,9,3,,,,,,,,,0.11980929999845102,,,,,,,,,,,,,,True,0.0,0.0023982000020623673
15,5/4,RG-prune,0,ablation,FEASIBLE,True,matplotlib-compact-100000,matplotlib,compact,100000,109859,303777/4,0.9784126999984437,140025856,303777/4,,,,,,,,0.21994329999870388,0.10123920000114595,,,01be878c555b40e144f50231e743694e4132e48bd856c31cb574bc80987d7b50,75881,19,9,3,,,,,,,,,0.11622740000166232,,,,,,,,,,,,,,True,0.0,0.0017547999996168073
16,5/4,RG-add,1,ablation,FEASIBLE,True,matplotlib-compact-100000,matplotlib,compact,100000,109859,303777/4,1.0882297999996808,142442496,303777/4,,,,,,,,0.27269779999915045,0.1216433000008692,,,01be878c555b40e144f50231e743694e4132e48bd856c31cb574bc80987d7b50,75881,19,9,3,,,,,,,,,0.14752979999684612,,,,,,,,,,,,,,True,0.0,0.002575899998191744
17,5/4,RG-prune,1,ablation,FEASIBLE,True,matplotlib-compact-100000,matplotlib,compact,100000,109859,303777/4,1.0314720999995188,139603968,303777/4,,,,,,,,0.2478397999984736,0.10630849999870406,,,01be878c555b40e144f50231e743694e4132e48bd856c31cb574bc80987d7b50,75881,19,9,3,,,,,,,,,0.13838680000117165,,,,,,,,,,,,,,True,0.0,0.002314400000614114
18,5/4,A1,1,ablation,optimal_numerical,True,matplotlib-compact-100000,matplotlib,compact,100000,109859,303777/4,0.9852184999981546,141950976,303777/4,,,,,,,,0.23154069999873172,0.09610560000146506,0.0021890999996685423,0.005043400000431575,01be878c555b40e144f50231e743694e4132e48bd856c31cb574bc80987d7b50,75881,,9,3,,,,,,,,0.0001742999993439298,0.12326940000275499,109859,34952,23711,2400,1684,697,22993,23692,697,706,3,38,57,True,0.0,
19,5/4,RG-prune,2,ablation,FEASIBLE,True,matplotlib-compact-100000,matplotlib,compact,100000,109859,303777/4,0.9688539999988279,139218944,303777/4,,,,,,,,0.21004200000243145,0.09903729999859934,,,01be878c555b40e144f50231e743694e4132e48bd856c31cb574bc80987d7b50,75881,19,9,3,,,,,,,,,0.10806329999832087,,,,,,,,,,,,,,True,0.0,0.0020607000005838927
20,5/4,A1,2,ablation,optimal_numerical,True,matplotlib-compact-100000,matplotlib,compact,100000,109859,303777/4,0.9954304999992019,142942208,303777/4,,,,,,,,0.22241980000035255,0.0982231000016327,0.0021721999983128626,0.0033868999998958316,01be878c555b40e144f50231e743694e4132e48bd856c31cb574bc80987d7b50,75881,,9,3,,,,,,,,0.0001686000032350421,0.11416760000065551,109859,34952,23711,2400,1684,697,22993,23692,697,706,3,38,57,True,0.0,
21,5/4,RG-add,2,ablation,FEASIBLE,True,matplotlib-compact-100000,matplotlib,compact,100000,109859,303777/4,0.949025600002642,139317248,303777/4,,,,,,,,0.21021749999999884,0.09567810000226018,,,01be878c555b40e144f50231e743694e4132e48bd856c31cb574bc80987d7b50,75881,19,9,3,,,,,,,,,0.1120757999997295,,,,,,,,,,,,,,True,0.0,0.0016491999995196238
22,3/2,LP-on,0,LP,LP_OPTIMAL_NUMERICAL,True,matplotlib-compact-100000,matplotlib,compact,100000,109859,152735/2,0.7602913000009721,125505536,,0,76363.41666666667,61.41666666666667,0.5,0.0,True,,0.1109202000006917,0.10389990000112448,0.002028200000495417,0.00427529999797116,d0ae5685d9a0697824e854d444df977a1ab08e8c9ca67f6dd14232f465cb3cea,76302,19,9,3,4.083333333328483,0.005346951691921934,65.5,False,numeric_integer_optimum,4.083333333328483,6.234096692104553,,,,,,,,,,,,,,,,,,
23,3/2,LP-off,0,LP,LP_OPTIMAL_NUMERICAL,True,matplotlib-compact-100000,matplotlib,compact,100000,109859,152735/2,0.7442313999999897,125407232,,0,76363.41666666667,61.416666666666664,0.5,0.0,True,,0.1051110999978846,0.10024519999933545,0.0019044000000576489,0.002288100000441773,d0ae5685d9a0697824e854d444df977a1ab08e8c9ca67f6dd14232f465cb3cea,76302,19,9,3,4.083333333328483,0.005346951691921934,65.5,False,numeric_integer_optimum,4.083333333328483,6.234096692104553,,,,,,,,,,,,,,,,,,
24,3/2,A1,0,ablation,optimal_numerical,True,matplotlib-compact-100000,matplotlib,compact,100000,109859,152735/2,0.9676158000002033,140910592,152735/2,,,,,,,,0.22829130000172881,0.10102369999731309,0.00195960000201012,0.004550300000119023,d0ae5685d9a0697824e854d444df977a1ab08e8c9ca67f6dd14232f465cb3cea,76302,,9,3,,,,,,,,0.00020399999993969686,0.11593319999883533,109859,34952,23711,2400,1684,697,22993,23692,697,706,3,38,57,True,0.0,
25,3/2,RG-add,0,ablation,FEASIBLE,True,matplotlib-compact-100000,matplotlib,compact,100000,109859,152735/2,0.9557272999991255,139227136,152735/2,,,,,,,,0.2204234999990149,0.10326809999969555,,,d0ae5685d9a0697824e854d444df977a1ab08e8c9ca67f6dd14232f465cb3cea,76302,19,9,3,,,,,,,,,0.11436580000008689,,,,,,,,,,,,,,True,0.0,0.00196719999803463
26,3/2,RG-prune,0,ablation,FEASIBLE,True,matplotlib-compact-100000,matplotlib,compact,100000,109859,152735/2,1.0107488999965426,139603968,152735/2,,,,,,,,0.23877600000196253,0.10276639999938197,,,d0ae5685d9a0697824e854d444df977a1ab08e8c9ca67f6dd14232f465cb3cea,76302,19,9,3,,,,,,,,,0.1327025999999023,,,,,,,,,,,,,,True,0.0,0.002490300001227297
27,3/2,RG-add,1,ablation,FEASIBLE,True,matplotlib-compact-100000,matplotlib,compact,100000,109859,152735/2,0.9698131000004651,139616256,152735/2,,,,,,,,0.22699610000199755,0.10185089999868069,,,d0ae5685d9a0697824e854d444df977a1ab08e8c9ca67f6dd14232f465cb3cea,76302,19,9,3,,,,,,,,,0.12252559999978985,,,,,,,,,,,,,,True,0.0,0.0019279000007372815
28,3/2,RG-prune,1,ablation,FEASIBLE,True,matplotlib-compact-100000,matplotlib,compact,100000,109859,152735/2,0.9758782999997493,138297344,152735/2,,,,,,,,0.2319180000013148,0.11302450000221143,,,d0ae5685d9a0697824e854d444df977a1ab08e8c9ca67f6dd14232f465cb3cea,76302,19,9,3,,,,,,,,,0.11562430000049062,,,,,,,,,,,,,,True,0.0,0.002319100000022445
29,3/2,A1,1,ablation,optimal_numerical,True,matplotlib-compact-100000,matplotlib,compact,100000,109859,152735/2,1.0116155999967305,140034048,152735/2,,,,,,,,0.2274692999999388,0.10310430000026827,0.001875300000392599,0.004568599997583078,d0ae5685d9a0697824e854d444df977a1ab08e8c9ca67f6dd14232f465cb3cea,76302,,9,3,,,,,,,,0.00018669999917619862,0.11299289999806206,109859,34952,23711,2400,1684,697,22993,23692,697,706,3,38,57,True,0.0,
30,3/2,RG-prune,2,ablation,FEASIBLE,True,matplotlib-compact-100000,matplotlib,compact,100000,109859,152735/2,0.9912049000013212,139616256,152735/2,,,,,,,,0.23883000000205357,0.10493370000040159,,,d0ae5685d9a0697824e854d444df977a1ab08e8c9ca67f6dd14232f465cb3cea,76302,19,9,3,,,,,,,,,0.1305925999986357,,,,,,,,,,,,,,True,0.0,0.002147700000932673
31,3/2,A1,2,ablation,optimal_numerical,True,matplotlib-compact-100000,matplotlib,compact,100000,109859,152735/2,0.9859851000001072,139943936,152735/2,,,,,,,,0.23870720000195433,0.09810950000246521,0.001881899999716552,0.0032148999998753425,d0ae5685d9a0697824e854d444df977a1ab08e8c9ca67f6dd14232f465cb3cea,76302,,9,3,,,,,,,,0.00015770000027259812,0.13145230000009178,109859,34952,23711,2400,1684,697,22993,23692,697,706,3,38,57,True,0.0,
32,3/2,RG-add,2,ablation,FEASIBLE,True,matplotlib-compact-100000,matplotlib,compact,100000,109859,152735/2,1.0095425999970757,139612160,152735/2,,,,,,,,0.2358985000028042,0.10815360000196961,,,d0ae5685d9a0697824e854d444df977a1ab08e8c9ca67f6dd14232f465cb3cea,76302,19,9,3,,,,,,,,,0.12487830000100075,,,,,,,,,,,,,,True,0.0,0.002055000000837026
33,2,LP-on,0,LP,LP_OPTIMAL_NUMERICAL,True,matplotlib-compact-100000,matplotlib,compact,100000,109859,77214,0.825175500001933,124243968,,0,77212.0,19.0,0.5,0.0,True,,0.14867140000205836,0.14220100000238745,0.0024330000014742836,0.0030213999998522922,f9626533a53478ad640622a9ffe41372fac771b39142aa5c411bfbc997575283,77193,5,2,3,2.0,0.00259020384904292,21.0,False,numeric_integer_optimum,2.0,9.523809523809524,,,,,,,,,,,,,,,,,,
34,2,LP-off,0,LP,LP_OPTIMAL_NUMERICAL,True,matplotlib-compact-100000,matplotlib,compact,100000,109859,77214,0.8219164999973145,124014592,,0,77212.0,19.0,0.5,0.0,True,,0.13896830000157934,0.13356920000296668,0.0019753000015043654,0.0026829000016732607,f9626533a53478ad640622a9ffe41372fac771b39142aa5c411bfbc997575283,77193,5,2,3,2.0,0.00259020384904292,21.0,False,numeric_integer_optimum,2.0,9.523809523809524,,,,,,,,,,,,,,,,,,
35,2,A1,0,ablation,optimal_numerical,True,matplotlib-compact-100000,matplotlib,compact,100000,109859,77214,1.043027900002926,141545472,77214,,,,,,,,0.27109439999912865,0.13734300000214716,0.004752400000143098,0.00407910000285483,f9626533a53478ad640622a9ffe41372fac771b39142aa5c411bfbc997575283,77193,,2,3,,,,,,,,0.00035120000029564835,0.11757820000275387,109859,34952,23711,2400,1691,704,23000,23706,704,706,3,10,15,True,0.0,
36,2,RG-add,0,ablation,FEASIBLE,True,matplotlib-compact-100000,matplotlib,compact,100000,109859,77214,1.0390035999989777,139567104,77214,,,,,,,,0.27017630000045756,0.13234519999969052,,,f9626533a53478ad640622a9ffe41372fac771b39142aa5c411bfbc997575283,77193,5,2,3,,,,,,,,,0.13552100000015344,,,,,,,,,,,,,,True,0.0,0.0015155999972193968
37,2,RG-prune,0,ablation,FEASIBLE,True,matplotlib-compact-100000,matplotlib,compact,100000,109859,77214,1.0050474999989092,139063296,77214,,,,,,,,0.25195610000082524,0.1280999000009615,,,f9626533a53478ad640622a9ffe41372fac771b39142aa5c411bfbc997575283,77193,5,2,3,,,,,,,,,0.11949649999951362,,,,,,,,,,,,,,True,0.0,0.0017637999990256503
38,2,RG-add,1,ablation,FEASIBLE,True,matplotlib-compact-100000,matplotlib,compact,100000,109859,77214,1.017369500001223,139423744,77214,,,,,,,,0.23625400000310037,0.12551299999904586,,,f9626533a53478ad640622a9ffe41372fac771b39142aa5c411bfbc997575283,77193,5,2,3,,,,,,,,,0.1079823000000033,,,,,,,,,,,,,,True,0.0,0.0019203999981982633
39,2,RG-prune,1,ablation,FEASIBLE,True,matplotlib-compact-100000,matplotlib,compact,100000,109859,77214,1.054482999999891,141320192,77214,,,,,,,,0.25990660000024945,0.1318064000006416,,,f9626533a53478ad640622a9ffe41372fac771b39142aa5c411bfbc997575283,77193,5,2,3,,,,,,,,,0.12521930000002612,,,,,,,,,,,,,,True,0.0,0.002135999999154592
40,2,A1,1,ablation,optimal_numerical,True,matplotlib-compact-100000,matplotlib,compact,100000,109859,77214,0.989059499999712,140980224,77214,,,,,,,,0.252049700000498,0.12645580000025802,0.001962499998626299,0.0044643000001087785,f9626533a53478ad640622a9ffe41372fac771b39142aa5c411bfbc997575283,77193,,2,3,,,,,,,,0.00014939999891794287,0.11505179999949178,109859,34952,23711,2400,1691,704,23000,23706,704,706,3,10,15,True,0.0,
41,2,RG-prune,2,ablation,FEASIBLE,True,matplotlib-compact-100000,matplotlib,compact,100000,109859,77214,0.9948750999974436,142159872,77214,,,,,,,,0.2546699999984412,0.13122529999964172,,,f9626533a53478ad640622a9ffe41372fac771b39142aa5c411bfbc997575283,77193,5,2,3,,,,,,,,,0.11925489999703132,,,,,,,,,,,,,,True,0.0,0.0032903999999689404
42,2,A1,2,ablation,optimal_numerical,True,matplotlib-compact-100000,matplotlib,compact,100000,109859,77214,1.023657200003072,140906496,77214,,,,,,,,0.25649260000136564,0.12792179999814834,0.0018544000013207551,0.007097099998645717,f9626533a53478ad640622a9ffe41372fac771b39142aa5c411bfbc997575283,77193,,2,3,,,,,,,,0.000161599997227313,0.11528009999892674,109859,34952,23711,2400,1691,704,23000,23706,704,706,3,10,15,True,0.0,
43,2,RG-add,2,ablation,FEASIBLE,True,matplotlib-compact-100000,matplotlib,compact,100000,109859,77214,1.0095338999999512,139345920,77214,,,,,,,,0.2517293000018981,0.13019440000061877,,,f9626533a53478ad640622a9ffe41372fac771b39142aa5c411bfbc997575283,77193,5,2,3,,,,,,,,,0.11896419999902719,,,,,,,,,,,,,,True,0.0,0.001675999999861233
44,32,LP-on,0,LP,LP_OPTIMAL_NUMERICAL,True,matplotlib-compact-100000,matplotlib,compact,100000,109859,99010,0.8610477999973227,126087168,,0,98951.95074696545,1171.9507469654527,0.5,0.0,True,,0.184348200000386,0.1741665000008652,0.0023780999981681816,0.007084199998644181,6731a1e0fc71c1cc3d1dca24d8c3a3f463d176ff18548900d85d05a0f3589b65,97780,24,6,13,58.04925303455093,0.0586296869352095,1230.0,False,numeric_integer_optimum,58.04925303455093,4.719451466223653,,,,,,,,,,,,,,,,,,
45,32,LP-off,0,LP,LP_OPTIMAL_NUMERICAL,True,matplotlib-compact-100000,matplotlib,compact,100000,109859,99010,0.8267008000002534,125341696,,0,98951.95074696545,1171.950746965453,0.5,0.0,True,,0.18255519999729586,0.1744567999994615,0.002433599998767022,0.004912600001262035,6731a1e0fc71c1cc3d1dca24d8c3a3f463d176ff18548900d85d05a0f3589b65,97780,24,6,13,58.04925303455093,0.0586296869352095,1230.0,False,numeric_integer_optimum,58.04925303455093,4.719451466223653,,,,,,,,,,,,,,,,,,
46,32,A1,0,ablation,optimal_numerical,True,matplotlib-compact-100000,matplotlib,compact,100000,109859,99010,1.1139306999975815,142135296,99010,,,,,,,,0.3315208999993047,0.18016589999751886,0.0022935999986657407,0.009116099998209393,6731a1e0fc71c1cc3d1dca24d8c3a3f463d176ff18548900d85d05a0f3589b65,97780,,6,13,,,,,,,,0.0003742000008060131,0.13204050000058487,109859,34952,23711,2400,375,2001,21340,23605,1531,1537,69,130,154,True,0.0,
47,32,RG-add,0,ablation,FEASIBLE,True,matplotlib-compact-100000,matplotlib,compact,100000,109859,99010,1.0483289000003424,141213696,99010,,,,,,,,0.2979233000005479,0.17462109999905806,,,6731a1e0fc71c1cc3d1dca24d8c3a3f463d176ff18548900d85d05a0f3589b65,97780,24,6,13,,,,,,,,,0.11953239999638754,,,,,,,,,,,,,,True,0.0,0.0028407999998307787
48,32,RG-prune,0,ablation,FEASIBLE,True,matplotlib-compact-100000,matplotlib,compact,100000,109859,99010,1.0658427000016673,141344768,99017,,,,,,,,0.2985356999997748,0.17656609999903594,,,6731a1e0fc71c1cc3d1dca24d8c3a3f463d176ff18548900d85d05a0f3589b65,97780,24,6,13,,,,,,,,,0.11753870000029565,,,,,,,,,,,,,,True,0.00706999293000707,0.0036888999966322444
49,32,RG-add,1,ablation,FEASIBLE,True,matplotlib-compact-100000,matplotlib,compact,100000,109859,99010,1.0513013000017963,141529088,99010,,,,,,,,0.2937449999990349,0.17229949999818928,,,6731a1e0fc71c1cc3d1dca24d8c3a3f463d176ff18548900d85d05a0f3589b65,97780,24,6,13,,,,,,,,,0.11766410000200267,,,,,,,,,,,,,,True,0.0,0.003095199997915188
50,32,RG-prune,1,ablation,FEASIBLE,True,matplotlib-compact-100000,matplotlib,compact,100000,109859,99010,1.1065396999983932,144515072,99017,,,,,,,,0.33760139999867533,0.18994029999885242,,,6731a1e0fc71c1cc3d1dca24d8c3a3f463d176ff18548900d85d05a0f3589b65,97780,24,6,13,,,,,,,,,0.14339430000109132,,,,,,,,,,,,,,True,0.00706999293000707,0.0033092000012402423
51,32,A1,1,ablation,optimal_numerical,True,matplotlib-compact-100000,matplotlib,compact,100000,109859,99010,1.1812762999979896,141996032,99010,,,,,,,,0.38268220000099973,0.19093640000210144,0.0018257000010635238,0.009084100001928164,6731a1e0fc71c1cc3d1dca24d8c3a3f463d176ff18548900d85d05a0f3589b65,97780,,6,13,,,,,,,,0.0003195000026607886,0.176336699998501,109859,34952,23711,2400,375,2001,21340,23605,1531,1537,69,130,154,True,0.0,
52,32,RG-prune,2,ablation,FEASIBLE,True,matplotlib-compact-100000,matplotlib,compact,100000,109859,99010,1.1129761999982293,141471744,99017,,,,,,,,0.3176330999995116,0.18194989999756217,,,6731a1e0fc71c1cc3d1dca24d8c3a3f463d176ff18548900d85d05a0f3589b65,97780,24,6,13,,,,,,,,,0.1306107999989763,,,,,,,,,,,,,,True,0.00706999293000707,0.003628399997978704
53,32,A1,2,ablation,optimal_numerical,True,matplotlib-compact-100000,matplotlib,compact,100000,109859,99010,1.1031752999988385,141742080,99010,,,,,,,,0.32401759999993374,0.18293420000190963,0.0020573999972839374,0.009494999998423737,6731a1e0fc71c1cc3d1dca24d8c3a3f463d176ff18548900d85d05a0f3589b65,97780,,6,13,,,,,,,,0.00038829999903100543,0.12458740000147372,109859,34952,23711,2400,375,2001,21340,23605,1531,1537,69,130,154,True,0.0,
54,32,RG-add,2,ablation,FEASIBLE,True,matplotlib-compact-100000,matplotlib,compact,100000,109859,99010,1.1064046999999846,141127680,99010,,,,,,,,0.30071200000020326,0.17378870000175084,,,6731a1e0fc71c1cc3d1dca24d8c3a3f463d176ff18548900d85d05a0f3589b65,97780,24,6,13,,,,,,,,,0.12322370000038063,,,,,,,,,,,,,,True,0.0,0.002961500002129469
55,11/10,LP-on,0,LP,LP_OPTIMAL_NUMERICAL,True,matplotlib-compact-1000000,matplotlib,compact,1000000,1004814,5621249/10,6.076828499997646,519331840,,0,561838.8545104895,1731.4545104895103,0.5,0.0,True,,1.9330082000014954,1.9202150999990408,0.005401899998105364,0.006603400001040427,4123015561832693dff7efe1356583f6c72c2301d73eb7880e63928cc77f546e,2800537/5,598,292,5,286.0454895105213,0.05088646482490302,2017.5,False,numeric_integer_optimum,286.0454895105213,14.178215093458304,,,,,,,,,,,,,,,,,,
56,11/10,LP-off,0,LP,LP_OPTIMAL_NUMERICAL,True,matplotlib-compact-1000000,matplotlib,compact,1000000,1004814,5621249/10,6.124721799998952,517935104,,0,561838.8545104895,1731.4545104895103,0.5,0.0,True,,1.991188299998612,1.9789242999977432,0.0053120000011404045,0.006019100001140032,4123015561832693dff7efe1356583f6c72c2301d73eb7880e63928cc77f546e,2800537/5,598,292,5,286.0454895105213,0.05088646482490302,2017.5,False,numeric_integer_optimum,286.0454895105213,14.178215093458304,,,,,,,,,,,,,,,,,,
57,11/10,A1,0,ablation,optimal_numerical,True,matplotlib-compact-1000000,matplotlib,compact,1000000,1004814,5621249/10,9.34405500000139,617570304,5621249/10,,,,,,,,4.021993599999405,1.9576086999986728,0.005537899996852502,0.025074000001040986,4123015561832693dff7efe1356583f6c72c2301d73eb7880e63928cc77f546e,2800537/5,,292,5,,,,,,,,0.001461100000597071,2.0138895999989472,1004814,221524,188125,25190,19744,4848,182660,187526,4840,5132,5,1197,1795,True,0.0,
58,11/10,RG-add,0,ablation,FEASIBLE,True,matplotlib-compact-1000000,matplotlib,compact,1000000,1004814,5621249/10,9.197478999998566,622284800,2810629/5,,,,,,,,3.931302000000869,1.9449732000030053,,,4123015561832693dff7efe1356583f6c72c2301d73eb7880e63928cc77f546e,2800537/5,598,292,5,,,,,,,,,1.968559400000231,,,,,,,,,,,,,,True,0.0001601067663076302,0.014905699998053024
59,11/10,RG-prune,0,ablation,FEASIBLE,True,matplotlib-compact-1000000,matplotlib,compact,1000000,1004814,5621249/10,9.319997300000978,624820224,2810626/5,,,,,,,,4.098961700001382,2.013209699998697,,,4123015561832693dff7efe1356583f6c72c2301d73eb7880e63928cc77f546e,2800537/5,598,292,5,,,,,,,,,2.069374399998196,,,,,,,,,,,,,,True,5.33689221025434e-05,0.013747299999522511
60,11/10,RG-add,1,ablation,FEASIBLE,True,matplotlib-compact-1000000,matplotlib,compact,1000000,1004814,5621249/10,9.027287799999613,627912704,2810629/5,,,,,,,,3.85979899999802,1.9345054000004893,,,4123015561832693dff7efe1356583f6c72c2301d73eb7880e63928cc77f546e,2800537/5,598,292,5,,,,,,,,,1.9118894999992335,,,,,,,,,,,,,,True,0.0001601067663076302,0.011110800001915777
61,11/10,RG-prune,1,ablation,FEASIBLE,True,matplotlib-compact-1000000,matplotlib,compact,1000000,1004814,5621249/10,9.247372199999518,628285440,2810626/5,,,,,,,,3.970306499999424,1.964779300000373,,,4123015561832693dff7efe1356583f6c72c2301d73eb7880e63928cc77f546e,2800537/5,598,292,5,,,,,,,,,1.990996800002904,,,,,,,,,,,,,,True,5.33689221025434e-05,0.01194720000057714
62,11/10,A1,1,ablation,optimal_numerical,True,matplotlib-compact-1000000,matplotlib,compact,1000000,1004814,5621249/10,9.006701300000714,622092288,5621249/10,,,,,,,,3.884049500000401,1.88729560000138,0.005271599999105092,0.023058099999616388,4123015561832693dff7efe1356583f6c72c2301d73eb7880e63928cc77f546e,2800537/5,,292,5,,,,,,,,0.0014818999989074655,1.9485652000003029,1004814,221524,188125,25190,19744,4848,182660,187526,4840,5132,5,1197,1795,True,0.0,
63,11/10,RG-prune,2,ablation,FEASIBLE,True,matplotlib-compact-1000000,matplotlib,compact,1000000,1004814,5621249/10,9.081216200000199,628981760,2810626/5,,,,,,,,3.9437462000023515,1.946098799999163,,,4123015561832693dff7efe1356583f6c72c2301d73eb7880e63928cc77f546e,2800537/5,598,292,5,,,,,,,,,1.9832996000004641,,,,,,,,,,,,,,True,5.33689221025434e-05,0.011924700000236044
64,11/10,A1,2,ablation,optimal_numerical,True,matplotlib-compact-1000000,matplotlib,compact,1000000,1004814,5621249/10,9.178976500003046,619929600,5621249/10,,,,,,,,3.9107877999995253,1.9114502999982506,0.005974499999865657,0.022119699999166187,4123015561832693dff7efe1356583f6c72c2301d73eb7880e63928cc77f546e,2800537/5,,292,5,,,,,,,,0.001766900000802707,1.950869899999816,1004814,221524,188125,25190,19744,4848,182660,187526,4840,5132,5,1197,1795,True,0.0,
65,11/10,RG-add,2,ablation,FEASIBLE,True,matplotlib-compact-1000000,matplotlib,compact,1000000,1004814,5621249/10,9.157825199999934,648589312,2810629/5,,,,,,,,3.8512224000005517,1.8886841000021377,,,4123015561832693dff7efe1356583f6c72c2301d73eb7880e63928cc77f546e,2800537/5,598,292,5,,,,,,,,,1.9492155999978422,,,,,,,,,,,,,,True,0.0001601067663076302,0.010757799998827977
66,5/4,LP-on,0,LP,LP_OPTIMAL_NUMERICAL,True,matplotlib-compact-1000000,matplotlib,compact,1000000,1004814,2260523/4,6.404519599997002,518057984,,0,564845.8441183816,1776.8441183816185,0.5,0.0,True,,1.9729007999994792,1.9602562000000034,0.004898799998045433,0.006675900000118418,574d3074cd28624469650924047e8f6809fa0e4a21004fc5cd006f71cf5fac30,563069,598,292,5,284.9058816183824,0.05041415311737724,2061.75,False,numeric_integer_optimum,284.9058816183824,13.818643463969075,,,,,,,,,,,,,,,,,,
67,5/4,LP-off,0,LP,LP_OPTIMAL_NUMERICAL,True,matplotlib-compact-1000000,matplotlib,compact,1000000,1004814,2260523/4,6.416569000000891,518287360,,0,564845.8441183816,1776.8441183816185,0.5,0.0,True,,1.967562400001043,1.9557440000025963,0.005012200002965983,0.005876299997908063,574d3074cd28624469650924047e8f6809fa0e4a21004fc5cd006f71cf5fac30,563069,598,292,5,284.9058816183824,0.05041415311737724,2061.75,False,numeric_integer_optimum,284.9058816183824,13.818643463969075,,,,,,,,,,,,,,,,,,
68,5/4,A1,0,ablation,optimal_numerical,True,matplotlib-compact-1000000,matplotlib,compact,1000000,1004814,2260523/4,9.397240199999942,619175936,2260523/4,,,,,,,,4.079187800001819,1.9738024999969639,0.005330399999365909,0.024392499999521533,574d3074cd28624469650924047e8f6809fa0e4a21004fc5cd006f71cf5fac30,563069,,292,5,,,,,,,,0.0015233999984047841,2.055122299996583,1004814,221524,188125,25190,19744,4848,182660,187526,4840,5132,5,1197,1795,True,0.0,
69,5/4,RG-add,0,ablation,FEASIBLE,True,matplotlib-compact-1000000,matplotlib,compact,1000000,1004814,2260523/4,8.974784199999704,627044352,1130263/2,,,,,,,,3.790099400001054,1.8606462000025203,,,574d3074cd28624469650924047e8f6809fa0e4a21004fc5cd006f71cf5fac30,563069,598,292,5,,,,,,,,,1.915930600000138,,,,,,,,,,,,,,True,0.00013271265101040777,0.011003499999787891
70,5/4,RG-prune,0,ablation,FEASIBLE,True,matplotlib-compact-1000000,matplotlib,compact,1000000,1004814,2260523/4,9.007138200002373,629350400,1130263/2,,,,,,,,3.817054300001473,1.882973799998581,,,574d3074cd28624469650924047e8f6809fa0e4a21004fc5cd006f71cf5fac30,563069,598,292,5,,,,,,,,,1.9211897999994108,,,,,,,,,,,,,,True,0.00013271265101040777,0.010361600001488114
71,5/4,RG-add,1,ablation,FEASIBLE,True,matplotlib-compact-1000000,matplotlib,compact,1000000,1004814,2260523/4,9.268886100002419,624734208,1130263/2,,,,,,,,3.9484205999979167,1.9737655999997514,,,574d3074cd28624469650924047e8f6809fa0e4a21004fc5cd006f71cf5fac30,563069,598,292,5,,,,,,,,,1.961095300001034,,,,,,,,,,,,,,True,0.00013271265101040777,0.010985299999447307
72,5/4,RG-prune,1,ablation,FEASIBLE,True,matplotlib-compact-1000000,matplotlib,compact,1000000,1004814,2260523/4,9.157263999997667,621142016,1130263/2,,,,,,,,3.8358872000026167,1.9564668999992136,,,574d3074cd28624469650924047e8f6809fa0e4a21004fc5cd006f71cf5fac30,563069,598,292,5,,,,,,,,,1.86632340000142,,,,,,,,,,,,,,True,0.00013271265101040777,0.010579699999652803
73,5/4,A1,1,ablation,optimal_numerical,True,matplotlib-compact-1000000,matplotlib,compact,1000000,1004814,2260523/4,8.960293200001615,643809280,2260523/4,,,,,,,,3.8115866000007372,1.8871719000017038,0.004747899998619687,0.023172099998191698,574d3074cd28624469650924047e8f6809fa0e4a21004fc5cd006f71cf5fac30,563069,,292,5,,,,,,,,0.001467000001866836,1.8772958999979892,1004814,221524,188125,25190,19744,4848,182660,187526,4840,5132,5,1197,1795,True,0.0,
74,5/4,RG-prune,2,ablation,FEASIBLE,True,matplotlib-compact-1000000,matplotlib,compact,1000000,1004814,2260523/4,9.126267699997697,626249728,1130263/2,,,,,,,,3.8092187000002014,1.8922090000014578,,,574d3074cd28624469650924047e8f6809fa0e4a21004fc5cd006f71cf5fac30,563069,598,292,5,,,,,,,,,1.9037750999996206,,,,,,,,,,,,,,True,0.00013271265101040777,0.010844799999176757
75,5/4,A1,2,ablation,optimal_numerical,True,matplotlib-compact-1000000,matplotlib,compact,1000000,1004814,2260523/4,9.065543900000193,620150784,2260523/4,,,,,,,,3.8226375999984157,1.8708944999998494,0.004999199998565018,0.023322799999732524,574d3074cd28624469650924047e8f6809fa0e4a21004fc5cd006f71cf5fac30,563069,,292,5,,,,,,,,0.0015633000002708286,1.9016534000002139,1004814,221524,188125,25190,19744,4848,182660,187526,4840,5132,5,1197,1795,True,0.0,
76,5/4,RG-add,2,ablation,FEASIBLE,True,matplotlib-compact-1000000,matplotlib,compact,1000000,1004814,2260523/4,9.30901939999967,625381376,1130263/2,,,,,,,,3.948234200001025,1.9432640000013635,,,574d3074cd28624469650924047e8f6809fa0e4a21004fc5cd006f71cf5fac30,563069,598,292,5,,,,,,,,,1.9916635000008682,,,,,,,,,,,,,,True,0.00013271265101040777,0.0108198000016273
77,3/2,LP-on,0,LP,LP_OPTIMAL_NUMERICAL,True,matplotlib-compact-1000000,matplotlib,compact,1000000,1004814,1140281/2,6.30741929999931,518656000,,0,569857.4934648685,1852.4934648684653,0.5,0.0,True,,1.9813891999983753,1.9674420999981521,0.005014800000935793,0.0075793999967572745,9997af28e753ff0ce562d4d85d532931e1f3259070bc54751304531a6da02e3a,568005,598,292,5,283.00653513148427,0.04963803398135798,2135.5,False,numeric_integer_optimum,283.00653513148427,13.25247179262394,,,,,,,,,,,,,,,,,,
78,3/2,LP-off,0,LP,LP_OPTIMAL_NUMERICAL,True,matplotlib-compact-1000000,matplotlib,compact,1000000,1004814,1140281/2,6.260040799999842,519135232,,0,569857.4934648685,1852.4934648684653,0.5,0.0,True,,1.9599063999994542,1.9484918000016478,0.00473480000073323,0.0058706000017991755,9997af28e753ff0ce562d4d85d532931e1f3259070bc54751304531a6da02e3a,568005,598,292,5,283.00653513148427,0.04963803398135798,2135.5,False,numeric_integer_optimum,283.00653513148427,13.25247179262394,,,,,,,,,,,,,,,,,,
79,3/2,A1,0,ablation,optimal_numerical,True,matplotlib-compact-1000000,matplotlib,compact,1000000,1004814,1140281/2,9.11840630000006,642699264,1140281/2,,,,,,,,3.8038998000010906,1.8885542999996687,0.004852199999731965,0.022430000000895234,9997af28e753ff0ce562d4d85d532931e1f3259070bc54751304531a6da02e3a,568005,,292,5,,,,,,,,0.001688199998170603,1.866373000000749,1004814,221524,188125,25190,19744,4848,182660,187526,4840,5132,5,1197,1795,True,0.0,
80,3/2,RG-add,0,ablation,FEASIBLE,True,matplotlib-compact-1000000,matplotlib,compact,1000000,1004814,1140281/2,8.966258899999957,649867264,570141,,,,,,,,3.7560177000013937,1.8878478000005998,,,9997af28e753ff0ce562d4d85d532931e1f3259070bc54751304531a6da02e3a,568005,598,292,5,,,,,,,,,1.8538105999978143,,,,,,,,,,,,,,True,8.769768153639322e-05,0.011103599998023128
81,3/2,RG-prune,0,ablation,FEASIBLE,True,matplotlib-compact-1000000,matplotlib,compact,1000000,1004814,1140281/2,8.96150089999719,627175424,570142,,,,,,,,3.726864399999613,1.854240500000742,,,9997af28e753ff0ce562d4d85d532931e1f3259070bc54751304531a6da02e3a,568005,598,292,5,,,,,,,,,1.8593072999974538,,,,,,,,,,,,,,True,0.0002630930446091797,0.010753699996712385
82,3/2,RG-add,1,ablation,FEASIBLE,True,matplotlib-compact-1000000,matplotlib,compact,1000000,1004814,1140281/2,9.2119735999986,627990528,570141,,,,,,,,3.911209999998391,1.909130500000174,,,9997af28e753ff0ce562d4d85d532931e1f3259070bc54751304531a6da02e3a,568005,598,292,5,,,,,,,,,1.989273700000922,,,,,,,,,,,,,,True,8.769768153639322e-05,0.009881699999823468
83,3/2,RG-prune,1,ablation,FEASIBLE,True,matplotlib-compact-1000000,matplotlib,compact,1000000,1004814,1140281/2,8.962769199999457,624070656,570142,,,,,,,,3.7471752999990713,1.8533900999973412,,,9997af28e753ff0ce562d4d85d532931e1f3259070bc54751304531a6da02e3a,568005,598,292,5,,,,,,,,,1.8807102000027953,,,,,,,,,,,,,,True,0.0002630930446091797,0.010588999997708015
84,3/2,A1,1,ablation,optimal_numerical,True,matplotlib-compact-1000000,matplotlib,compact,1000000,1004814,1140281/2,9.215943199997128,619044864,1140281/2,,,,,,,,4.057813699997496,1.8961485999971046,0.005354699998861179,0.026286499996786006,9997af28e753ff0ce562d4d85d532931e1f3259070bc54751304531a6da02e3a,568005,,292,5,,,,,,,,0.001564999998663552,2.110627800000657,1004814,221524,188125,25190,19744,4848,182660,187526,4840,5132,5,1197,1795,True,0.0,
85,3/2,RG-prune,2,ablation,FEASIBLE,True,matplotlib-compact-1000000,matplotlib,compact,1000000,1004814,1140281/2,8.988186099999439,628559872,570142,,,,,,,,3.8375712999986717,1.8974462000005587,,,9997af28e753ff0ce562d4d85d532931e1f3259070bc54751304531a6da02e3a,568005,598,292,5,,,,,,,,,1.9269057999990764,,,,,,,,,,,,,,True,0.0002630930446091797,0.010508400002436247
86,3/2,A1,2,ablation,optimal_numerical,True,matplotlib-compact-1000000,matplotlib,compact,1000000,1004814,1140281/2,9.22845949999828,619831296,1140281/2,,,,,,,,4.094938300000649,2.0004128999971726,0.0058642000003601424,0.03387930000099004,9997af28e753ff0ce562d4d85d532931e1f3259070bc54751304531a6da02e3a,568005,,292,5,,,,,,,,0.0017960000004677568,2.031338800003141,1004814,221524,188125,25190,19744,4848,182660,187526,4840,5132,5,1197,1795,True,0.0,
87,3/2,RG-add,2,ablation,FEASIBLE,True,matplotlib-compact-1000000,matplotlib,compact,1000000,1004814,1140281/2,9.396262000002025,626241536,570141,,,,,,,,4.044220199997653,1.9957690999981423,,,9997af28e753ff0ce562d4d85d532931e1f3259070bc54751304531a6da02e3a,568005,598,292,5,,,,,,,,,2.030725499997061,,,,,,,,,,,,,,True,8.769768153639322e-05,0.015423799999553012
88,2,LP-on,0,LP,LP_OPTIMAL_NUMERICAL,True,matplotlib-compact-1000000,matplotlib,compact,1000000,1004814,580160,6.30292819999886,518217728,,0,579992.1483266733,946.1483266733267,0.5,0.0,True,,1.9554763000014646,1.9458128000005672,0.003419100001337938,0.00548019999769167,a46ce12a7292f864f2e794d34492d9c9b0d1ea479ef4aa60906e68e7bb6970f2,579046,264,126,4,167.8516733266879,0.028931962445995565,1114.0,False,numeric_integer_optimum,167.8516733266879,15.067475163975574,,,,,,,,,,,,,,,,,,
89,2,LP-off,0,LP,LP_OPTIMAL_NUMERICAL,True,matplotlib-compact-1000000,matplotlib,compact,1000000,1004814,580160,6.29083829999945,518336512,,0,579992.1483266733,946.1483266733267,0.5,0.0,True,,1.9553200000009383,1.9472739999982878,0.0035356000007595867,0.0035706999988178723,a46ce12a7292f864f2e794d34492d9c9b0d1ea479ef4aa60906e68e7bb6970f2,579046,264,126,4,167.8516733266879,0.028931962445995565,1114.0,False,numeric_integer_optimum,167.8516733266879,15.067475163975574,,,,,,,,,,,,,,,,,,
90,2,A1,0,ablation,optimal_numerical,True,matplotlib-compact-1000000,matplotlib,compact,1000000,1004814,580160,8.795911400000477,619024384,580160,,,,,,,,3.722314300001017,1.8745420000013837,0.0035433999983069953,0.010395799999969313,a46ce12a7292f864f2e794d34492d9c9b0d1ea479ef4aa60906e68e7bb6970f2,579046,,126,4,,,,,,,,0.0009045999977388419,1.8147872999979882,1004814,221524,188125,25190,19907,5019,182823,187860,5007,5133,4,529,793,True,0.0,
91,2,RG-add,0,ablation,FEASIBLE,True,matplotlib-compact-1000000,matplotlib,compact,1000000,1004814,580160,8.632664299999306,623165440,580160,,,,,,,,3.6765406999984407,1.855171999999584,,,a46ce12a7292f864f2e794d34492d9c9b0d1ea479ef4aa60906e68e7bb6970f2,579046,264,126,4,,,,,,,,,1.8136741000016627,,,,,,,,,,,,,,True,0.0,0.005182299999432871
92,2,RG-prune,0,ablation,FEASIBLE,True,matplotlib-compact-1000000,matplotlib,compact,1000000,1004814,580160,8.54256329999771,625745920,580163,,,,,,,,3.639250700001867,1.8317621999995026,,,a46ce12a7292f864f2e794d34492d9c9b0d1ea479ef4aa60906e68e7bb6970f2,579046,264,126,4,,,,,,,,,1.7995434000004025,,,,,,,,,,,,,,True,0.0005170987313844456,0.005606700000498677
93,2,RG-add,1,ablation,FEASIBLE,True,matplotlib-compact-1000000,matplotlib,compact,1000000,1004814,580160,8.675619800000277,649564160,580160,,,,,,,,3.684565499999735,1.8475156999993487,,,a46ce12a7292f864f2e794d34492d9c9b0d1ea479ef4aa60906e68e7bb6970f2,579046,264,126,4,,,,,,,,,1.8285853999987012,,,,,,,,,,,,,,True,0.0,0.005873699999938253
94,2,RG-prune,1,ablation,FEASIBLE,True,matplotlib-compact-1000000,matplotlib,compact,1000000,1004814,580160,8.634256699999241,622542848,580163,,,,,,,,3.64988269999958,1.8357284999983676,,,a46ce12a7292f864f2e794d34492d9c9b0d1ea479ef4aa60906e68e7bb6970f2,579046,264,126,4,,,,,,,,,1.8066392999971868,,,,,,,,,,,,,,True,0.0005170987313844456,0.005267099997581681
95,2,A1,1,ablation,optimal_numerical,True,matplotlib-compact-1000000,matplotlib,compact,1000000,1004814,580160,8.623855900001217,612700160,580160,,,,,,,,3.674037100001442,1.8304816000018036,0.0034113000001525506,0.01102800000080606,a46ce12a7292f864f2e794d34492d9c9b0d1ea479ef4aa60906e68e7bb6970f2,579046,,126,4,,,,,,,,0.0008686999972269405,1.8103224000005866,1004814,221524,188125,25190,19907,5019,182823,187860,5007,5133,4,529,793,True,0.0,
96,2,RG-prune,2,ablation,FEASIBLE,True,matplotlib-compact-1000000,matplotlib,compact,1000000,1004814,580160,8.607064499999979,624795648,580163,,,,,,,,3.6669734999995853,1.8447675999996136,,,a46ce12a7292f864f2e794d34492d9c9b0d1ea479ef4aa60906e68e7bb6970f2,579046,264,126,4,,,,,,,,,1.8143361000002187,,,,,,,,,,,,,,True,0.0005170987313844456,0.005428500000562053
97,2,A1,2,ablation,optimal_numerical,True,matplotlib-compact-1000000,matplotlib,compact,1000000,1004814,580160,8.62365890000001,619790336,580160,,,,,,,,3.7083247999980813,1.841079699999682,0.0037345999990066048,0.012218100000609411,a46ce12a7292f864f2e794d34492d9c9b0d1ea479ef4aa60906e68e7bb6970f2,579046,,126,4,,,,,,,,0.0007832000010239426,1.8325072000006912,1004814,221524,188125,25190,19907,5019,182823,187860,5007,5133,4,529,793,True,0.0,
98,2,RG-add,2,ablation,FEASIBLE,True,matplotlib-compact-1000000,matplotlib,compact,1000000,1004814,580160,8.648299600001337,620527616,580160,,,,,,,,3.6660572000000684,1.8408191000016814,,,a46ce12a7292f864f2e794d34492d9c9b0d1ea479ef4aa60906e68e7bb6970f2,579046,264,126,4,,,,,,,,,1.8174751000005926,,,,,,,,,,,,,,True,0.0,0.005186599999433383
99,32,LP-on,0,LP,LP_OPTIMAL_NUMERICAL,True,matplotlib-compact-1000000,matplotlib,compact,1000000,1004814,755194,10.390324600000895,523108352,,0,753747.4379229306,36119.4379229306,0.5,0.0,True,,6.288832799997181,6.262388799998007,0.013214099999458995,0.012042100002872758,9e08c6d1e51012a095e9a11dfd3bc4033a900a4442c42f7991b6f7135f542d0b,717628,600,150,33,1446.5620770694222,0.19154840704102816,37566.0,False,numeric_integer_optimum,1446.5620770694222,3.850721602165315,,,,,,,,,,,,,,,,,,
100,32,LP-off,0,LP,LP_OPTIMAL_NUMERICAL,True,matplotlib-compact-1000000,matplotlib,compact,1000000,1004814,755194,10.326933299998927,518209536,,0,753747.4379229306,36119.4379229306,0.5,0.0,True,,6.296885100000509,6.259672699998191,0.013003899999603163,0.02263469999888912,9e08c6d1e51012a095e9a11dfd3bc4033a900a4442c42f7991b6f7135f542d0b,717628,600,150,33,1446.5620770694222,0.19154840704102816,37566.0,False,numeric_integer_optimum,1446.5620770694222,3.850721602165315,,,,,,,,,,,,,,,,,,
101,32,A1,0,ablation,optimal_numerical,True,matplotlib-compact-1000000,matplotlib,compact,1000000,1004814,755194,13.348741900001187,644550656,755194,,,,,,,,8.237600500000553,6.27213440000196,0.015322700000979239,0.0807438000010734,9e08c6d1e51012a095e9a11dfd3bc4033a900a4442c42f7991b6f7135f542d0b,717628,,150,33,,,,,,,,0.007413499999529449,1.8421124999986205,1004814,221524,188125,25190,2055,22535,155012,184331,13833,13983,232,4394,4994,True,0.0,
102,32,RG-add,0,ablation,FEASIBLE,True,matplotlib-compact-1000000,matplotlib,compact,1000000,1004814,755194,12.60699399999794,646098944,755219,,,,,,,,7.729876299999887,5.910632999999507,,,9e08c6d1e51012a095e9a11dfd3bc4033a900a4442c42f7991b6f7135f542d0b,717628,600,150,33,,,,,,,,,1.7608890000010433,,,,,,,,,,,,,,True,0.003310407656840494,0.05691089999891119
103,32,RG-prune,0,ablation,FEASIBLE,True,matplotlib-compact-1000000,matplotlib,compact,1000000,1004814,755194,12.479305500000919,677625856,755296,,,,,,,,7.701081499999418,5.8738014999980805,,,9e08c6d1e51012a095e9a11dfd3bc4033a900a4442c42f7991b6f7135f542d0b,717628,600,150,33,,,,,,,,,1.7544592000012926,,,,,,,,,,,,,,True,0.013506463239909217,0.07119349999993574
104,32,RG-add,1,ablation,FEASIBLE,True,matplotlib-compact-1000000,matplotlib,compact,1000000,1004814,755194,12.517927200002305,651169792,755219,,,,,,,,7.754264900002454,5.895025400001032,,,9e08c6d1e51012a095e9a11dfd3bc4033a900a4442c42f7991b6f7135f542d0b,717628,600,150,33,,,,,,,,,1.7977984999997716,,,,,,,,,,,,,,True,0.003310407656840494,0.0600921000004746
105,32,RG-prune,1,ablation,FEASIBLE,True,matplotlib-compact-1000000,matplotlib,compact,1000000,1004814,755194,12.69283279999945,645410816,755296,,,,,,,,7.815486299998156,5.922168099998089,,,9e08c6d1e51012a095e9a11dfd3bc4033a900a4442c42f7991b6f7135f542d0b,717628,600,150,33,,,,,,,,,1.8208451999998942,,,,,,,,,,,,,,True,0.013506463239909217,0.07122419999723206
106,32,A1,1,ablation,optimal_numerical,True,matplotlib-compact-1000000,matplotlib,compact,1000000,1004814,755194,12.5464209999991,670674944,755194,,,,,,,,7.680814999999711,5.889119600000413,0.011585899999772664,0.072511400001531,9e08c6d1e51012a095e9a11dfd3bc4033a900a4442c42f7991b6f7135f542d0b,717628,,150,33,,,,,,,,0.006718600001477171,1.6826182000004337,1004814,221524,188125,25190,2055,22535,155012,184331,13833,13983,232,4394,4994,True,0.0,
107,32,RG-prune,2,ablation,FEASIBLE,True,matplotlib-compact-1000000,matplotlib,compact,1000000,1004814,755194,12.29641619999893,650457088,755296,,,,,,,,7.682564700000512,5.830456600000616,,,9e08c6d1e51012a095e9a11dfd3bc4033a900a4442c42f7991b6f7135f542d0b,717628,600,150,33,,,,,,,,,1.7772909000013897,,,,,,,,,,,,,,True,0.013506463239909217,0.07343550000223331
108,32,A1,2,ablation,optimal_numerical,True,matplotlib-compact-1000000,matplotlib,compact,1000000,1004814,755194,12.251675600000453,644866048,755194,,,,,,,,7.617833799999062,5.832852999999886,0.011374300000170479,0.07224870000209194,9e08c6d1e51012a095e9a11dfd3bc4033a900a4442c42f7991b6f7135f542d0b,717628,,150,33,,,,,,,,0.006915200003277278,1.677535999999236,1004814,221524,188125,25190,2055,22535,155012,184331,13833,13983,232,4394,4994,True,0.0,
109,32,RG-add,2,ablation,FEASIBLE,True,matplotlib-compact-1000000,matplotlib,compact,1000000,1004814,755194,12.229852000000392,647634944,755219,,,,,,,,7.621016699999018,5.875980500000878,,,9e08c6d1e51012a095e9a11dfd3bc4033a900a4442c42f7991b6f7135f542d0b,717628,600,150,33,,,,,,,,,1.685454899998149,,,,,,,,,,,,,,True,0.003310407656840494,0.0583160999995016
110,11/10,LP-on,0,LP,LP_OPTIMAL_NUMERICAL,True,matplotlib-compact-10000000,matplotlib,compact,10000000,1856156,4594799/5,10.626804300001822,878161920,,0,918357.3843404211,3223.4843404210974,0.5,0.0,True,,3.8606810999990557,3.8438198000003467,0.006990500001847977,0.009032999998453306,7cd028ffae57cc6fd28d7b815fc155fdd9e13994c07675324af813bf9de3e242,9151339/10,1118,544,4,602.4156595789827,0.06555408186288265,3825.9,False,numeric_integer_optimum,602.4156595789827,15.745724132334423,,,,,,,,,,,,,,,,,,
111,11/10,LP-off,0,LP,LP_OPTIMAL_NUMERICAL,True,matplotlib-compact-10000000,matplotlib,compact,10000000,1856156,4594799/5,10.634477599996899,877187072,,0,918357.3843404211,3223.484340421098,0.5,0.0,True,,3.8481076000025496,3.8324340999970445,0.00707450000118115,0.007779600000503706,7cd028ffae57cc6fd28d7b815fc155fdd9e13994c07675324af813bf9de3e242,9151339/10,1118,544,4,602.4156595789827,0.06555408186288265,3825.9,False,numeric_integer_optimum,602.4156595789827,15.745724132334423,,,,,,,,,,,,,,,,,,
112,11/10,A1,0,ablation,optimal_numerical,True,matplotlib-compact-10000000,matplotlib,compact,10000000,1856156,4594799/5,15.43110549999983,1015992320,4594799/5,,,,,,,,7.120718499998475,3.7944298000002163,0.007284100000106264,0.04126879999967059,7cd028ffae57cc6fd28d7b815fc155fdd9e13994c07675324af813bf9de3e242,9151339/10,,544,4,,,,,,,,0.0029064999980619177,3.246281200001249,1856156,353969,308786,41812,33309,7385,300255,307667,7375,7919,4,2237,3355,True,0.0,
113,11/10,RG-add,0,ablation,FEASIBLE,True,matplotlib-compact-10000000,matplotlib,compact,10000000,1856156,4594799/5,15.321267800001806,1026736128,9189607/10,,,,,,,,7.057379199999559,3.7875869999988936,,,7cd028ffae57cc6fd28d7b815fc155fdd9e13994c07675324af813bf9de3e242,9151339/10,1118,544,4,,,,,,,,,3.2483527999975195,,,,,,,,,,,,,,True,9.793681943432128e-05,0.018377100001089275
114,11/10,RG-prune,0,ablation,FEASIBLE,True,matplotlib-compact-10000000,matplotlib,compact,10000000,1856156,4594799/5,15.349405500001012,1023352832,4594801/5,,,,,,,,7.127576700000645,3.7848887000000104,,,7cd028ffae57cc6fd28d7b815fc155fdd9e13994c07675324af813bf9de3e242,9151339/10,1118,544,4,,,,,,,,,3.3196046000011847,,,,,,,,,,,,,,True,4.35274753041428e-05,0.019939900001190836
115,11/10,RG-add,1,ablation,FEASIBLE,True,matplotlib-compact-10000000,matplotlib,compact,10000000,1856156,4594799/5,15.39105340000242,1030287360,9189607/10,,,,,,,,7.152441800000815,3.815468900000269,,,7cd028ffae57cc6fd28d7b815fc155fdd9e13994c07675324af813bf9de3e242,9151339/10,1118,544,4,,,,,,,,,3.3149104000003717,,,,,,,,,,,,,,True,9.793681943432128e-05,0.018900399998528883
116,11/10,RG-prune,1,ablation,FEASIBLE,True,matplotlib-compact-10000000,matplotlib,compact,10000000,1856156,4594799/5,15.456861800001207,1029255168,4594801/5,,,,,,,,7.191477899999882,3.812524899996788,,,7cd028ffae57cc6fd28d7b815fc155fdd9e13994c07675324af813bf9de3e242,9151339/10,1118,544,4,,,,,,,,,3.356285099998786,,,,,,,,,,,,,,True,4.35274753041428e-05,0.01958100000047125
117,11/10,A1,1,ablation,optimal_numerical,True,matplotlib-compact-10000000,matplotlib,compact,10000000,1856156,4594799/5,15.451729600001272,1054482432,4594799/5,,,,,,,,7.160988999999972,3.8293768000003183,0.007064699999318691,0.04481359999772394,7cd028ffae57cc6fd28d7b815fc155fdd9e13994c07675324af813bf9de3e242,9151339/10,,544,4,,,,,,,,0.002852300000085961,3.2505418000000645,1856156,353969,308786,41812,33309,7385,300255,307667,7375,7919,4,2237,3355,True,0.0,
118,11/10,RG-prune,2,ablation,FEASIBLE,True,matplotlib-compact-10000000,matplotlib,compact,10000000,1856156,4594799/5,15.314695400000346,1024745472,4594801/5,,,,,,,,7.063788499999646,3.793428299999505,,,7cd028ffae57cc6fd28d7b815fc155fdd9e13994c07675324af813bf9de3e242,9151339/10,1118,544,4,,,,,,,,,3.2479316999997536,,,,,,,,,,,,,,True,4.35274753041428e-05,0.019205399999918882
119,11/10,A1,2,ablation,optimal_numerical,True,matplotlib-compact-10000000,matplotlib,compact,10000000,1856156,4594799/5,15.405496100000164,1055887360,4594799/5,,,,,,,,7.156044799998199,3.7932054000011703,0.006980800000746967,0.040314599998964695,7cd028ffae57cc6fd28d7b815fc155fdd9e13994c07675324af813bf9de3e242,9151339/10,,544,4,,,,,,,,0.002850699998816708,3.286687700001494,1856156,353969,308786,41812,33309,7385,300255,307667,7375,7919,4,2237,3355,True,0.0,
120,11/10,RG-add,2,ablation,FEASIBLE,True,matplotlib-compact-10000000,matplotlib,compact,10000000,1856156,4594799/5,15.347910000000411,1061396480,9189607/10,,,,,,,,7.102452899998752,3.7891652999969665,,,7cd028ffae57cc6fd28d7b815fc155fdd9e13994c07675324af813bf9de3e242,9151339/10,1118,544,4,,,,,,,,,3.291392300001462,,,,,,,,,,,,,,True,9.793681943432128e-05,0.018735900001047412
121,5/4,LP-on,0,LP,LP_OPTIMAL_NUMERICAL,True,matplotlib-compact-10000000,matplotlib,compact,10000000,1856156,1848077/2,10.544826199999079,878317568,,0,923436.8663387629,3306.616338762865,0.5,0.0,True,,3.793262800001685,3.774787299997115,0.007601899997098371,0.010007500000938307,92c4009aac03f74efbbb8b6143a78002dfff791abec4fec14101a26ab297cbc6,3680521/4,1118,544,4,601.6336612370797,0.06510915521778364,3908.25,False,numeric_integer_optimum,601.6336612370797,15.393940030373688,,,,,,,,,,,,,,,,,,
122,5/4,LP-off,0,LP,LP_OPTIMAL_NUMERICAL,True,matplotlib-compact-10000000,matplotlib,compact,10000000,1856156,1848077/2,10.675535099999252,879067136,,0,923436.8663387629,3306.616338762866,0.5,0.0,True,,3.8681952000006277,3.852628900000127,0.007025999999314081,0.0076926000001549255,92c4009aac03f74efbbb8b6143a78002dfff791abec4fec14101a26ab297cbc6,3680521/4,1118,544,4,601.6336612370797,0.06510915521778364,3908.25,False,numeric_integer_optimum,601.6336612370797,15.393940030373688,,,,,,,,,,,,,,,,,,
123,5/4,A1,0,ablation,optimal_numerical,True,matplotlib-compact-10000000,matplotlib,compact,10000000,1856156,1848077/2,15.525892800000292,1048682496,1848077/2,,,,,,,,7.18838820000019,3.793256199998723,0.007232100000692299,0.040263900002173614,92c4009aac03f74efbbb8b6143a78002dfff791abec4fec14101a26ab297cbc6,3680521/4,,544,4,,,,,,,,0.0028620000011869706,3.3186069000003044,1856156,353969,308786,41812,33309,7385,300255,307667,7375,7919,4,2237,3355,True,0.0,
124,5/4,RG-add,0,ablation,FEASIBLE,True,matplotlib-compact-10000000,matplotlib,compact,10000000,1856156,1848077/2,15.364770899999712,1024090112,3696157/4,,,,,,,,7.0982019000002765,3.79659090000132,,,92c4009aac03f74efbbb8b6143a78002dfff791abec4fec14101a26ab297cbc6,3680521/4,1118,544,4,,,,,,,,,3.2797026000007463,,,,,,,,,,,,,,True,8.116544927511138e-05,0.018670099998416845
125,5/4,RG-prune,0,ablation,FEASIBLE,True,matplotlib-compact-10000000,matplotlib,compact,10000000,1856156,1848077/2,15.352296000000933,1060020224,1848079/2,,,,,,,,7.0814022999984445,3.8087636999989627,,,92c4009aac03f74efbbb8b6143a78002dfff791abec4fec14101a26ab297cbc6,3680521/4,1118,544,4,,,,,,,,,3.2503974999999627,,,,,,,,,,,,,,True,0.00010822059903348183,0.01900229999955627
126,5/4,RG-add,1,ablation,FEASIBLE,True,matplotlib-compact-10000000,matplotlib,compact,10000000,1856156,1848077/2,15.261261999999988,1025155072,3696157/4,,,,,,,,7.049674199999572,3.7664371999999275,,,92c4009aac03f74efbbb8b6143a78002dfff791abec4fec14101a26ab297cbc6,3680521/4,1118,544,4,,,,,,,,,3.261380600000848,,,,,,,,,,,,,,True,8.116544927511138e-05,0.01875819999986561
127,5/4,RG-prune,1,ablation,FEASIBLE,True,matplotlib-compact-10000000,matplotlib,compact,10000000,1856156,1848077/2,15.268472600000678,1025945600,1848079/2,,,,,,,,7.053384300001198,3.7744454000021506,,,92c4009aac03f74efbbb8b6143a78002dfff791abec4fec14101a26ab297cbc6,3680521/4,1118,544,4,,,,,,,,,3.25706259999788,,,,,,,,,,,,,,True,0.00010822059903348183,0.018788400000630645
128,5/4,A1,1,ablation,optimal_numerical,True,matplotlib-compact-10000000,matplotlib,compact,10000000,1856156,1848077/2,15.437412200000836,1016332288,1848077/2,,,,,,,,7.18028140000024,3.798628700002155,0.006899699998029973,0.039064099997631274,92c4009aac03f74efbbb8b6143a78002dfff791abec4fec14101a26ab297cbc6,3680521/4,,544,4,,,,,,,,0.0028696000008494593,3.3060175999999046,1856156,353969,308786,41812,33309,7385,300255,307667,7375,7919,4,2237,3355,True,0.0,
129,5/4,RG-prune,2,ablation,FEASIBLE,True,matplotlib-compact-10000000,matplotlib,compact,10000000,1856156,1848077/2,15.37682069999937,1026469888,1848079/2,,,,,,,,7.09456240000145,3.7694154999990133,,,92c4009aac03f74efbbb8b6143a78002dfff791abec4fec14101a26ab297cbc6,3680521/4,1118,544,4,,,,,,,,,3.3029390000010608,,,,,,,,,,,,,,True,0.00010822059903348183,0.01905590000023949
130,5/4,A1,2,ablation,optimal_numerical,True,matplotlib-compact-10000000,matplotlib,compact,10000000,1856156,1848077/2,15.502915799999755,1021722624,1848077/2,,,,,,,,7.23217730000033,3.809104899999511,0.007844700001442106,0.04002499999842257,92c4009aac03f74efbbb8b6143a78002dfff791abec4fec14101a26ab297cbc6,3680521/4,,544,4,,,,,,,,0.002866799997718772,3.344098900000972,1856156,353969,308786,41812,33309,7385,300255,307667,7375,7919,4,2237,3355,True,0.0,
131,5/4,RG-add,2,ablation,FEASIBLE,True,matplotlib-compact-10000000,matplotlib,compact,10000000,1856156,1848077/2,15.287458499999047,1023107072,3696157/4,,,,,,,,7.068616500000644,3.8068323000006785,,,92c4009aac03f74efbbb8b6143a78002dfff791abec4fec14101a26ab297cbc6,3680521/4,1118,544,4,,,,,,,,,3.239932000000408,,,,,,,,,,,,,,True,8.116544927511138e-05,0.018824299997504568
132,3/2,LP-on,0,LP,LP_OPTIMAL_NUMERICAL,True,matplotlib-compact-10000000,matplotlib,compact,10000000,1856156,932503,10.55821090000245,876883968,,0,931901.5128886132,3444.012888613195,0.5,0.0,True,,3.781161599999905,3.763380300002609,0.007017299998551607,0.009928699997544754,6731ccc80287866e675d723f4a04c1114bf34b216dd33a51b29d283aa25c2bef,1856915/2,1118,544,4,601.487111386843,0.06450243177628845,4045.5,False,numeric_integer_optimum,601.487111386843,14.868053674127871,,,,,,,,,,,,,,,,,,
133,3/2,LP-off,0,LP,LP_OPTIMAL_NUMERICAL,True,matplotlib-compact-10000000,matplotlib,compact,10000000,1856156,932503,10.698989399999846,877195264,,0,931901.5128886132,3444.0128886131934,0.5,0.0,True,,3.8626528999993752,3.8467324000012013,0.007327699997404125,0.0077676000000792556,6731ccc80287866e675d723f4a04c1114bf34b216dd33a51b29d283aa25c2bef,1856915/2,1118,544,4,601.487111386843,0.06450243177628845,4045.5,False,numeric_integer_optimum,601.487111386843,14.868053674127871,,,,,,,,,,,,,,,,,,
134,3/2,A1,0,ablation,optimal_numerical,True,matplotlib-compact-10000000,matplotlib,compact,10000000,1856156,932503,15.375686200000928,1019396096,932503,,,,,,,,7.117888700002368,3.800949899999978,0.007127500000933651,0.03946609999911743,6731ccc80287866e675d723f4a04c1114bf34b216dd33a51b29d283aa25c2bef,1856915/2,,544,4,,,,,,,,0.002837199997884454,3.2414783999993233,1856156,353969,308786,41812,33309,7385,300255,307667,7375,7919,4,2237,3355,True,0.0,
135,3/2,RG-add,0,ablation,FEASIBLE,True,matplotlib-compact-10000000,matplotlib,compact,10000000,1856156,932503,15.391958000000159,1028186112,1865007/2,,,,,,,,7.116992300001584,3.8140941000019666,,,6731ccc80287866e675d723f4a04c1114bf34b216dd33a51b29d283aa25c2bef,1856915/2,1118,544,4,,,,,,,,,3.28088900000148,,,,,,,,,,,,,,True,5.361913044783771e-05,0.018679999997402774
136,3/2,RG-prune,0,ablation,FEASIBLE,True,matplotlib-compact-10000000,matplotlib,compact,10000000,1856156,932503,15.45946080000067,1028214784,932505,,,,,,,,7.190665499998431,3.829464200000075,,,6731ccc80287866e675d723f4a04c1114bf34b216dd33a51b29d283aa25c2bef,1856915/2,1118,544,4,,,,,,,,,3.3386491000019305,,,,,,,,,,,,,,True,0.00021447652179135083,0.019422800000029383
137,3/2,RG-add,1,ablation,FEASIBLE,True,matplotlib-compact-10000000,matplotlib,compact,10000000,1856156,932503,15.534567899998365,1027526656,1865007/2,,,,,,,,7.196183800002473,3.8410295999965456,,,6731ccc80287866e675d723f4a04c1114bf34b216dd33a51b29d283aa25c2bef,1856915/2,1118,544,4,,,,,,,,,3.33244520000153,,,,,,,,,,,,,,True,5.361913044783771e-05,0.018815700001141522
138,3/2,RG-prune,1,ablation,FEASIBLE,True,matplotlib-compact-10000000,matplotlib,compact,10000000,1856156,932503,15.454643099998066,1028587520,932505,,,,,,,,7.14090330000181,3.8354415000030713,,,6731ccc80287866e675d723f4a04c1114bf34b216dd33a51b29d283aa25c2bef,1856915/2,1118,544,4,,,,,,,,,3.281839899998886,,,,,,,,,,,,,,True,0.00021447652179135083,0.020421000001078937
139,3/2,A1,1,ablation,optimal_numerical,True,matplotlib-compact-10000000,matplotlib,compact,10000000,1856156,932503,15.440889900000911,1033424896,932503,,,,,,,,7.149813699998049,3.796208100000513,0.0070956000017758925,0.040416199997707736,6731ccc80287866e675d723f4a04c1114bf34b216dd33a51b29d283aa25c2bef,1856915/2,,544,4,,,,,,,,0.00286229999983334,3.2775222000018402,1856156,353969,308786,41812,33309,7385,300255,307667,7375,7919,4,2237,3355,True,0.0,
140,3/2,RG-prune,2,ablation,FEASIBLE,True,matplotlib-compact-10000000,matplotlib,compact,10000000,1856156,932503,15.329782500000874,1027342336,932505,,,,,,,,7.067202500002168,3.788366299999325,,,6731ccc80287866e675d723f4a04c1114bf34b216dd33a51b29d283aa25c2bef,1856915/2,1118,544,4,,,,,,,,,3.2540891999997257,,,,,,,,,,,,,,True,0.00021447652179135083,0.021682699996745214
141,3/2,A1,2,ablation,optimal_numerical,True,matplotlib-compact-10000000,matplotlib,compact,10000000,1856156,932503,15.445690900000045,1018306560,932503,,,,,,,,7.2234160999978485,3.810097300000052,0.009782499997527339,0.04029820000141626,6731ccc80287866e675d723f4a04c1114bf34b216dd33a51b29d283aa25c2bef,1856915/2,,544,4,,,,,,,,0.0028243000015208963,3.3346201999993355,1856156,353969,308786,41812,33309,7385,300255,307667,7375,7919,4,2237,3355,True,0.0,
142,3/2,RG-add,2,ablation,FEASIBLE,True,matplotlib-compact-10000000,matplotlib,compact,10000000,1856156,932503,15.32727209999939,1037148160,1865007/2,,,,,,,,7.068623900002422,3.7970728000000236,,,6731ccc80287866e675d723f4a04c1114bf34b216dd33a51b29d283aa25c2bef,1856915/2,1118,544,4,,,,,,,,,3.2495823000026576,,,,,,,,,,,,,,True,5.361913044783771e-05,0.01892290000250796
143,2,LP-on,0,LP,LP_OPTIMAL_NUMERICAL,True,matplotlib-compact-10000000,matplotlib,compact,10000000,1856156,949432,10.57216519999929,876871680,,0,949058.1159036892,1854.1159036891777,0.5,0.0,True,,3.807096900000033,3.7951179000010598,0.00466700000106357,0.006559600002219668,d2d3ace4341308cc9190845e68f9e230012e594b752a4f241d3bfad55fc87f72,947204,521,247,4,373.8840963108232,0.0393797656188988,2228.0,False,numeric_integer_optimum,373.8840963108232,16.781153335315224,,,,,,,,,,,,,,,,,,
144,2,LP-off,0,LP,LP_OPTIMAL_NUMERICAL,True,matplotlib-compact-10000000,matplotlib,compact,10000000,1856156,949432,10.509864799998468,876744704,,0,949058.1159036892,1854.1159036891777,0.5,0.0,True,,3.7619862999999896,3.751696899998933,0.004736299997603055,0.004774299999553477,d2d3ace4341308cc9190845e68f9e230012e594b752a4f241d3bfad55fc87f72,947204,521,247,4,373.8840963108232,0.0393797656188988,2228.0,False,numeric_integer_optimum,373.8840963108232,16.781153335315224,,,,,,,,,,,,,,,,,,
145,2,A1,0,ablation,optimal_numerical,True,matplotlib-compact-10000000,matplotlib,compact,10000000,1856156,949432,15.433540499998344,1023832064,949432,,,,,,,,7.111067500001809,3.769384400002309,0.00470359999962966,0.01670669999657548,d2d3ace4341308cc9190845e68f9e230012e594b752a4f241d3bfad55fc87f72,947204,,247,4,,,,,,,,0.0015268999995896593,3.292895500002487,1856156,353969,308786,41812,33595,7696,300541,308265,7675,7922,4,1042,1563,True,0.0,
146,2,RG-add,0,ablation,FEASIBLE,True,matplotlib-compact-10000000,matplotlib,compact,10000000,1856156,949432,15.345112199996947,1021161472,949432,,,,,,,,7.0785738000013225,3.767529699998704,,,d2d3ace4341308cc9190845e68f9e230012e594b752a4f241d3bfad55fc87f72,947204,521,247,4,,,,,,,,,3.298715999997512,,,,,,,,,,,,,,True,0.0,0.009275299998989794
147,2,RG-prune,0,ablation,FEASIBLE,True,matplotlib-compact-10000000,matplotlib,compact,10000000,1856156,949432,15.347319700002117,1027395584,949436,,,,,,,,7.0794779999996535,3.7900260999995226,,,d2d3ace4341308cc9190845e68f9e230012e594b752a4f241d3bfad55fc87f72,947204,521,247,4,,,,,,,,,3.2771269000004395,,,,,,,,,,,,,,True,0.00042130452733845074,0.009328999996796483
148,2,RG-add,1,ablation,FEASIBLE,True,matplotlib-compact-10000000,matplotlib,compact,10000000,1856156,949432,15.327996899999562,1060454400,949432,,,,,,,,7.065366099999665,3.797247200000129,,,d2d3ace4341308cc9190845e68f9e230012e594b752a4f241d3bfad55fc87f72,947204,521,247,4,,,,,,,,,3.2557799000023806,,,,,,,,,,,,,,True,0.0,0.009311999998317333
149,2,RG-prune,1,ablation,FEASIBLE,True,matplotlib-compact-10000000,matplotlib,compact,10000000,1856156,949432,15.225094199999148,1027907584,949436,,,,,,,,7.006958699999814,3.7559515999964788,,,d2d3ace4341308cc9190845e68f9e230012e594b752a4f241d3bfad55fc87f72,947204,521,247,4,,,,,,,,,3.2381709999972372,,,,,,,,,,,,,,True,0.00042130452733845074,0.009867500000837026
150,2,A1,1,ablation,optimal_numerical,True,matplotlib-compact-10000000,matplotlib,compact,10000000,1856156,949432,15.328096500001266,1050136576,949432,,,,,,,,7.098589600002015,3.778392399999575,0.0048586000011709984,0.019398400003410643,d2d3ace4341308cc9190845e68f9e230012e594b752a4f241d3bfad55fc87f72,947204,,247,4,,,,,,,,0.0014733999996678904,3.2690927000003285,1856156,353969,308786,41812,33595,7696,300541,308265,7675,7922,4,1042,1563,True,0.0,
151,2,RG-prune,2,ablation,FEASIBLE,True,matplotlib-compact-10000000,matplotlib,compact,10000000,1856156,949432,15.238955900000292,1024651264,949436,,,,,,,,7.034794499999407,3.778432700000849,,,d2d3ace4341308cc9190845e68f9e230012e594b752a4f241d3bfad55fc87f72,947204,521,247,4,,,,,,,,,3.2440629999982775,,,,,,,,,,,,,,True,0.00042130452733845074,0.009296899999753805
152,2,A1,2,ablation,optimal_numerical,True,matplotlib-compact-10000000,matplotlib,compact,10000000,1856156,949432,15.312741300000198,1018130432,949432,,,,,,,,7.108646600001521,3.7782327999993868,0.004666099997848505,0.01660039999842411,d2d3ace4341308cc9190845e68f9e230012e594b752a4f241d3bfad55fc87f72,947204,,247,4,,,,,,,,0.001460600000427803,3.282189199999266,1856156,353969,308786,41812,33595,7696,300541,308265,7675,7922,4,1042,1563,True,0.0,
153,2,RG-add,2,ablation,FEASIBLE,True,matplotlib-compact-10000000,matplotlib,compact,10000000,1856156,949432,15.342029300001741,1025069056,949432,,,,,,,,7.114501399999426,3.8162193999996816,,,d2d3ace4341308cc9190845e68f9e230012e594b752a4f241d3bfad55fc87f72,947204,521,247,4,,,,,,,,,3.2857887000027404,,,,,,,,,,,,,,True,0.0,0.009530700001050718
154,32,LP-on,0,LP,LP_OPTIMAL_NUMERICAL,True,matplotlib-compact-10000000,matplotlib,compact,10000000,1856156,1258573,20.52572379999765,877281280,,0,1254796.7571222933,80475.75712229342,0.5,1.7763568394002505e-15,True,,13.748624500000005,13.696827299998404,0.026699800000642426,0.023459700001694728,16c88da18ca67b1483c531cc09d722a501f093edbab576f92c41280018cab8ce,1174321,1384,330,100,3776.2428777066525,0.300041624737433,84252.0,False,numeric_integer_optimum,3776.2428777066525,4.482080992387899,,,,,,,,,,,,,,,,,,
155,32,LP-off,0,LP,LP_OPTIMAL_NUMERICAL,True,matplotlib-compact-10000000,matplotlib,compact,10000000,1856156,1258573,20.489763599998696,876916736,,0,1254796.7571222933,80475.75712229342,0.5,1.7763568394002505e-15,True,,13.743298600002163,13.660237699998106,0.02620290000049863,0.055148399998870445,16c88da18ca67b1483c531cc09d722a501f093edbab576f92c41280018cab8ce,1174321,1384,330,100,3776.2428777066525,0.300041624737433,84252.0,False,numeric_integer_optimum,3776.2428777066525,4.482080992387899,,,,,,,,,,,,,,,,,,
156,32,A1,0,ablation,optimal_numerical,True,matplotlib-compact-10000000,matplotlib,compact,10000000,1856156,1258573,25.755674200001522,1056849920,1258573,,,,,,,,17.39297230000011,13.658201300000655,0.02610129999811761,0.32066630000190344,16c88da18ca67b1483c531cc09d722a501f093edbab576f92c41280018cab8ce,1174321,,330,100,,,,,,,,0.018174299999373034,3.3423661000015272,1856156,353969,308786,41812,3692,36736,251349,300157,21342,21672,791,10013,11397,True,0.0,
157,32,RG-add,0,ablation,FEASIBLE,True,matplotlib-compact-10000000,matplotlib,compact,10000000,1856156,1258573,25.68635269999868,1108803584,1258676,,,,,,,,17.319891799998004,13.640275200003089,,,16c88da18ca67b1483c531cc09d722a501f093edbab576f92c41280018cab8ce,1174321,1384,330,100,,,,,,,,,3.378204699998605,,,,,,,,,,,,,,True,0.008183871734098857,0.29904529999839724
158,32,RG-prune,0,ablation,FEASIBLE,True,matplotlib-compact-10000000,matplotlib,compact,10000000,1856156,1258573,25.803786899999977,1062313984,1258845,,,,,,,,17.44677220000085,13.679381599999033,,,16c88da18ca67b1483c531cc09d722a501f093edbab576f92c41280018cab8ce,1174321,1384,330,100,,,,,,,,,3.3869491999976162,,,,,,,,,,,,,,True,0.021611777783251348,0.3785041999981331
159,32,RG-add,1,ablation,FEASIBLE,True,matplotlib-compact-10000000,matplotlib,compact,10000000,1856156,1258573,25.81639179999911,1072521216,1258676,,,,,,,,17.406962900000508,13.692250600000989,,,16c88da18ca67b1483c531cc09d722a501f093edbab576f92c41280018cab8ce,1174321,1384,330,100,,,,,,,,,3.416544100000465,,,,,,,,,,,,,,True,0.008183871734098857,0.29604939999990165
160,32,RG-prune,1,ablation,FEASIBLE,True,matplotlib-compact-10000000,matplotlib,compact,10000000,1856156,1258573,25.89378719999877,1107230720,1258845,,,,,,,,17.485445700000128,13.705970499999239,,,16c88da18ca67b1483c531cc09d722a501f093edbab576f92c41280018cab8ce,1174321,1384,330,100,,,,,,,,,3.3948954999978014,,,,,,,,,,,,,,True,0.021611777783251348,0.3826052000003983
161,32,A1,1,ablation,optimal_numerical,True,matplotlib-compact-10000000,matplotlib,compact,10000000,1856156,1258573,25.76591769999868,1056935936,1258573,,,,,,,,17.382852700000512,13.638311900002009,0.02687820000210195,0.31863870000233874,16c88da18ca67b1483c531cc09d722a501f093edbab576f92c41280018cab8ce,1174321,,330,100,,,,,,,,0.01790690000052564,3.347783299999719,1856156,353969,308786,41812,3692,36736,251349,300157,21342,21672,791,10013,11397,True,0.0,
162,32,RG-prune,2,ablation,FEASIBLE,True,matplotlib-compact-10000000,matplotlib,compact,10000000,1856156,1258573,25.840078500001255,1065930752,1258845,,,,,,,,17.44917279999936,13.667903400000796,,,16c88da18ca67b1483c531cc09d722a501f093edbab576f92c41280018cab8ce,1174321,1384,330,100,,,,,,,,,3.4000092999995104,,,,,,,,,,,,,,True,0.021611777783251348,0.3791763000008359
163,32,A1,2,ablation,optimal_numerical,True,matplotlib-compact-10000000,matplotlib,compact,10000000,1856156,1258573,25.752033700002357,1053675520,1258573,,,,,,,,17.35285659999863,13.623474199997872,0.026551900002232287,0.31889679999949294,16c88da18ca67b1483c531cc09d722a501f093edbab576f92c41280018cab8ce,1174321,,330,100,,,,,,,,0.01810029999978724,3.338328099998762,1856156,353969,308786,41812,3692,36736,251349,300157,21342,21672,791,10013,11397,True,0.0,
164,32,RG-add,2,ablation,FEASIBLE,True,matplotlib-compact-10000000,matplotlib,compact,10000000,1856156,1258573,25.664778500002285,1061634048,1258676,,,,,,,,17.32745150000119,13.659162199997809,,,16c88da18ca67b1483c531cc09d722a501f093edbab576f92c41280018cab8ce,1174321,1384,330,100,,,,,,,,,3.3693303000000014,,,,,,,,,,,,,,True,0.008183871734098857,0.2969849000000977
165,11/10,LP-on,0,LP,LP_OPTIMAL_NUMERICAL,True,matplotlib-fielded-100000,matplotlib,fielded,100000,130113,253848/5,0.6981238000007579,121470976,,0,50739.687575757576,159.58757575757576,0.5,0.0,True,,0.0812588999979198,0.07625330000155373,0.001748900001985021,0.0025955999990401324,9352841a497562158c51831bca24d36068bf35a26cebd1e5486b1265664e5d11,505801/10,61,20,5,29.912424242422276,0.058917982892168305,189.5,False,numeric_integer_optimum,29.912424242422276,15.784920444550012,,,,,,,,,,,,,,,,,,
166,11/10,LP-off,0,LP,LP_OPTIMAL_NUMERICAL,True,matplotlib-fielded-100000,matplotlib,fielded,100000,130113,253848/5,0.7231604000007792,119689216,,0,50739.687575757576,159.58757575757576,0.5,0.0,True,,0.07973579999816138,0.07429299999785144,0.0020272000001568813,0.002800900001602713,9352841a497562158c51831bca24d36068bf35a26cebd1e5486b1265664e5d11,505801/10,61,20,5,29.912424242422276,0.058917982892168305,189.5,False,numeric_integer_optimum,29.912424242422276,15.784920444550012,,,,,,,,,,,,,,,,,,
167,11/10,A1,0,ablation,optimal_numerical,True,matplotlib-fielded-100000,matplotlib,fielded,100000,130113,253848/5,0.8631143999991764,131031040,253848/5,,,,,,,,0.15000890000010259,0.07478689999697963,0.0019577999992179684,0.00731630000154837,9352841a497562158c51831bca24d36068bf35a26cebd1e5486b1265664e5d11,505801/10,,20,5,,,,,,,,0.00021909999850322492,0.06216919999860693,130113,20699,17792,2881,2391,429,17269,17724,421,441,7,129,190,True,0.0,
168,11/10,RG-add,0,ablation,FEASIBLE,True,matplotlib-fielded-100000,matplotlib,fielded,100000,130113,253848/5,0.8465108999989752,127709184,253866/5,,,,,,,,0.1471867000000202,0.07645779999802471,,,9352841a497562158c51831bca24d36068bf35a26cebd1e5486b1265664e5d11,505801/10,61,20,5,,,,,,,,,0.06779939999978524,,,,,,,,,,,,,,True,0.007090857521036211,0.002131199998984812
169,11/10,RG-prune,0,ablation,FEASIBLE,True,matplotlib-fielded-100000,matplotlib,fielded,100000,130113,253848/5,0.8567360000015469,128036864,253848/5,,,,,,,,0.14142460000221035,0.07434160000047996,,,9352841a497562158c51831bca24d36068bf35a26cebd1e5486b1265664e5d11,505801/10,61,20,5,,,,,,,,,0.0640665999999328,,,,,,,,,,,,,,True,0.0,0.0022939000009500887
170,11/10,RG-add,1,ablation,FEASIBLE,True,matplotlib-fielded-100000,matplotlib,fielded,100000,130113,253848/5,0.8495871999984956,127762432,253866/5,,,,,,,,0.13905630000226665,0.07564280000224244,,,9352841a497562158c51831bca24d36068bf35a26cebd1e5486b1265664e5d11,505801/10,61,20,5,,,,,,,,,0.060548800000105985,,,,,,,,,,,,,,True,0.007090857521036211,0.0021446999999170657
171,11/10,RG-prune,1,ablation,FEASIBLE,True,matplotlib-fielded-100000,matplotlib,fielded,100000,130113,253848/5,0.8420064999991155,127397888,253848/5,,,,,,,,0.14399799999955576,0.07474029999866616,,,9352841a497562158c51831bca24d36068bf35a26cebd1e5486b1265664e5d11,505801/10,61,20,5,,,,,,,,,0.06614249999984168,,,,,,,,,,,,,,True,0.0,0.0023671999988437165
172,11/10,A1,1,ablation,optimal_numerical,True,matplotlib-fielded-100000,matplotlib,fielded,100000,130113,253848/5,0.8681384000010439,129318912,253848/5,,,,,,,,0.16269660000034492,0.07764010000028065,0.0021438000003399793,0.008949999999458669,9352841a497562158c51831bca24d36068bf35a26cebd1e5486b1265664e5d11,505801/10,,20,5,,,,,,,,0.0002654000018083025,0.06911870000112685,130113,20699,17792,2881,2391,429,17269,17724,421,441,7,129,190,True,0.0,
173,11/10,RG-prune,2,ablation,FEASIBLE,True,matplotlib-fielded-100000,matplotlib,fielded,100000,130113,253848/5,0.896326100002625,127639552,253848/5,,,,,,,,0.14707730000009178,0.0756930999996257,,,9352841a497562158c51831bca24d36068bf35a26cebd1e5486b1265664e5d11,505801/10,61,20,5,,,,,,,,,0.06843659999867668,,,,,,,,,,,,,,True,0.0,0.0021558999978879
174,11/10,A1,2,ablation,optimal_numerical,True,matplotlib-fielded-100000,matplotlib,fielded,100000,130113,253848/5,0.8665705000021262,130793472,253848/5,,,,,,,,0.15283509999790112,0.07448690000092029,0.0020022999997308943,0.008329799999046372,9352841a497562158c51831bca24d36068bf35a26cebd1e5486b1265664e5d11,505801/10,,20,5,,,,,,,,0.00024399999892921187,0.0641544000027352,130113,20699,17792,2881,2391,429,17269,17724,421,441,7,129,190,True,0.0,
175,11/10,RG-add,2,ablation,FEASIBLE,True,matplotlib-fielded-100000,matplotlib,fielded,100000,130113,253848/5,0.8730465000007825,128151552,253866/5,,,,,,,,0.15966299999854527,0.08418370000072173,,,9352841a497562158c51831bca24d36068bf35a26cebd1e5486b1265664e5d11,505801/10,61,20,5,,,,,,,,,0.07257680000111577,,,,,,,,,,,,,,True,0.007090857521036211,0.0019872000011673663
176,5/4,LP-on,0,LP,LP_OPTIMAL_NUMERICAL,True,matplotlib-fielded-100000,matplotlib,fielded,100000,130113,51132,0.7028390999985277,120557568,,0,51102.691233766236,163.94123376623378,0.5,0.0,True,,0.08246610000060173,0.07745120000254246,0.0017434000001230743,0.0026378000002296176,a21590a08a4fa45e1791cf50e8017ada97759d3e8e27206614ed35b7a48f8da2,203755/4,61,20,5,29.30876623376389,0.0573198119255337,193.25,False,numeric_integer_optimum,29.30876623376389,15.166243846708353,,,,,,,,,,,,,,,,,,
177,5/4,LP-off,0,LP,LP_OPTIMAL_NUMERICAL,True,matplotlib-fielded-100000,matplotlib,fielded,100000,130113,51132,0.7221801000014239,120160256,,0,51102.691233766236,163.94123376623378,0.5,0.0,True,,0.08068809999895166,0.07562099999995553,0.0016920000016398262,0.002526899999793386,a21590a08a4fa45e1791cf50e8017ada97759d3e8e27206614ed35b7a48f8da2,203755/4,61,20,5,29.30876623376389,0.0573198119255337,193.25,False,numeric_integer_optimum,29.30876623376389,15.166243846708353,,,,,,,,,,,,,,,,,,
178,5/4,A1,0,ablation,optimal_numerical,True,matplotlib-fielded-100000,matplotlib,fielded,100000,130113,51132,0.860504199998104,130383872,51132,,,,,,,,0.15970089999973425,0.08211759999903734,0.004966600001353072,0.006644699999014847,a21590a08a4fa45e1791cf50e8017ada97759d3e8e27206614ed35b7a48f8da2,203755/4,,20,5,,,,,,,,0.0002347999979974702,0.06265679999705753,130113,20699,17792,2881,2391,429,17269,17724,421,441,7,129,190,True,0.0,
179,5/4,RG-add,0,ablation,FEASIBLE,True,matplotlib-fielded-100000,matplotlib,fielded,100000,130113,51132,0.8548613999992085,128008192,51135,,,,,,,,0.1411614999997255,0.07519280000269646,,,a21590a08a4fa45e1791cf50e8017ada97759d3e8e27206614ed35b7a48f8da2,203755/4,61,20,5,,,,,,,,,0.06320620000042254,,,,,,,,,,,,,,True,0.005867167331612298,0.0020378000008349773
180,5/4,RG-prune,0,ablation,FEASIBLE,True,matplotlib-fielded-100000,matplotlib,fielded,100000,130113,51132,0.841992300000129,127975424,51132,,,,,,,,0.14069390000076964,0.07468940000035218,,,a21590a08a4fa45e1791cf50e8017ada97759d3e8e27206614ed35b7a48f8da2,203755/4,61,20,5,,,,,,,,,0.06285340000249562,,,,,,,,,,,,,,True,0.0,0.0024105999982566573
181,5/4,RG-add,1,ablation,FEASIBLE,True,matplotlib-fielded-100000,matplotlib,fielded,100000,130113,51132,0.8734177999976964,127676416,51135,,,,,,,,0.1500376999974833,0.07812239999839221,,,a21590a08a4fa45e1791cf50e8017ada97759d3e8e27206614ed35b7a48f8da2,203755/4,61,20,5,,,,,,,,,0.06839989999934915,,,,,,,,,,,,,,True,0.005867167331612298,0.002384100000199396
182,5/4,RG-prune,1,ablation,FEASIBLE,True,matplotlib-fielded-100000,matplotlib,fielded,100000,130113,51132,0.8593154000009235,127934464,51132,,,,,,,,0.1453986000014993,0.07965200000035111,,,a21590a08a4fa45e1791cf50e8017ada97759d3e8e27206614ed35b7a48f8da2,203755/4,61,20,5,,,,,,,,,0.06284949999826495,,,,,,,,,,,,,,True,0.0,0.0021130999994056765
183,5/4,A1,1,ablation,optimal_numerical,True,matplotlib-fielded-100000,matplotlib,fielded,100000,130113,51132,0.8942895000000135,129986560,51132,,,,,,,,0.15183049999905052,0.07682779999959166,0.0018622000025061425,0.006096799999795621,a21590a08a4fa45e1791cf50e8017ada97759d3e8e27206614ed35b7a48f8da2,203755/4,,20,5,,,,,,,,0.00024449999909847975,0.06339219999790657,130113,20699,17792,2881,2391,429,17269,17724,421,441,7,129,190,True,0.0,
184,5/4,RG-prune,2,ablation,FEASIBLE,True,matplotlib-fielded-100000,matplotlib,fielded,100000,130113,51132,0.8538589000017964,127713280,51132,,,,,,,,0.14177569999810657,0.07626689999960945,,,a21590a08a4fa45e1791cf50e8017ada97759d3e8e27206614ed35b7a48f8da2,203755/4,61,20,5,,,,,,,,,0.06245680000210996,,,,,,,,,,,,,,True,0.0,0.002341899999009911
185,5/4,A1,2,ablation,optimal_numerical,True,matplotlib-fielded-100000,matplotlib,fielded,100000,130113,51132,0.8493156999975326,130224128,51132,,,,,,,,0.1556148999989091,0.07779460000165273,0.0017178999987663701,0.006226000001333887,a21590a08a4fa45e1791cf50e8017ada97759d3e8e27206614ed35b7a48f8da2,203755/4,,20,5,,,,,,,,0.00023419999706675299,0.0661510999998427,130113,20699,17792,2881,2391,429,17269,17724,421,441,7,129,190,True,0.0,
186,5/4,RG-add,2,ablation,FEASIBLE,True,matplotlib-fielded-100000,matplotlib,fielded,100000,130113,51132,0.8351187000007485,127754240,51135,,,,,,,,0.14414249999754247,0.07414360000257147,,,a21590a08a4fa45e1791cf50e8017ada97759d3e8e27206614ed35b7a48f8da2,203755/4,61,20,5,,,,,,,,,0.06683780000093975,,,,,,,,,,,,,,True,0.005867167331612298,0.002401000001555076
187,3/2,LP-on,0,LP,LP_OPTIMAL_NUMERICAL,True,matplotlib-fielded-100000,matplotlib,fielded,100000,130113,51736,0.7550201000012748,122605568,,0,51707.545815295816,171.0458152958153,0.5,0.0,True,,0.08115840000027674,0.07470380000086152,0.001683700000285171,0.004001500001322711,38c5c2078171d56fe87ae6932b8787f3ec448b1b16ce905ba349e4d65bce717a,103073/2,61,20,5,28.454184704183717,0.05499881070083446,199.5,False,numeric_integer_optimum,28.454184704183717,14.262749225154744,,,,,,,,,,,,,,,,,,
188,3/2,LP-off,0,LP,LP_OPTIMAL_NUMERICAL,True,matplotlib-fielded-100000,matplotlib,fielded,100000,130113,51736,0.7296352000012121,120188928,,0,51707.545815295816,171.04581529581526,0.5,0.0,True,,0.08382779999737977,0.07549769999968703,0.00450980000096024,0.003078300000197487,38c5c2078171d56fe87ae6932b8787f3ec448b1b16ce905ba349e4d65bce717a,103073/2,61,20,5,28.454184704183717,0.05499881070083446,199.5,False,numeric_integer_optimum,28.454184704183717,14.262749225154744,,,,,,,,,,,,,,,,,,
189,3/2,A1,0,ablation,optimal_numerical,True,matplotlib-fielded-100000,matplotlib,fielded,100000,130113,51736,0.8853233999980148,130031616,51736,,,,,,,,0.15281150000009802,0.0765544999994745,0.0017989000007219147,0.005995999999868218,38c5c2078171d56fe87ae6932b8787f3ec448b1b16ce905ba349e4d65bce717a,103073/2,,20,5,,,,,,,,0.0002317000034963712,0.06484859999909531,130113,20699,17792,2881,2391,429,17269,17724,421,441,7,129,190,True,0.0,
190,3/2,RG-add,0,ablation,FEASIBLE,True,matplotlib-fielded-100000,matplotlib,fielded,100000,130113,51736,0.8600792000033834,127643648,51738,,,,,,,,0.14906999999948312,0.07870550000006915,,,38c5c2078171d56fe87ae6932b8787f3ec448b1b16ce905ba349e4d65bce717a,103073/2,61,20,5,,,,,,,,,0.06733710000116844,,,,,,,,,,,,,,True,0.003865780114427091,0.0022357999987434596
191,3/2,RG-prune,0,ablation,FEASIBLE,True,matplotlib-fielded-100000,matplotlib,fielded,100000,130113,51736,0.9439480999972147,128049152,51736,,,,,,,,0.16556100000161678,0.08681520000027376,,,38c5c2078171d56fe87ae6932b8787f3ec448b1b16ce905ba349e4d65bce717a,103073/2,61,20,5,,,,,,,,,0.07539580000229762,,,,,,,,,,,,,,True,0.0,0.0023600999993504956
192,3/2,RG-add,1,ablation,FEASIBLE,True,matplotlib-fielded-100000,matplotlib,fielded,100000,130113,51736,0.8566843000007793,128741376,51738,,,,,,,,0.14843800000016927,0.08058509999682428,,,38c5c2078171d56fe87ae6932b8787f3ec448b1b16ce905ba349e4d65bce717a,103073/2,61,20,5,,,,,,,,,0.06412410000120872,,,,,,,,,,,,,,True,0.003865780114427091,0.002992500001710141
193,3/2,RG-prune,1,ablation,FEASIBLE,True,matplotlib-fielded-100000,matplotlib,fielded,100000,130113,51736,0.8597440000012284,129622016,51736,,,,,,,,0.14196200000151293,0.07512889999998151,,,38c5c2078171d56fe87ae6932b8787f3ec448b1b16ce905ba349e4d65bce717a,103073/2,61,20,5,,,,,,,,,0.06359579999843845,,,,,,,,,,,,,,True,0.0,0.0024855999981809873
194,3/2,A1,1,ablation,optimal_numerical,True,matplotlib-fielded-100000,matplotlib,fielded,100000,130113,51736,0.8636368000006769,130105344,51736,,,,,,,,0.15025669999886304,0.07382620000134921,0.002096000000165077,0.006611400000110734,38c5c2078171d56fe87ae6932b8787f3ec448b1b16ce905ba349e4d65bce717a,103073/2,,20,5,,,,,,,,0.00024479999774484895,0.06254679999983637,130113,20699,17792,2881,2391,429,17269,17724,421,441,7,129,190,True,0.0,
195,3/2,RG-prune,2,ablation,FEASIBLE,True,matplotlib-fielded-100000,matplotlib,fielded,100000,130113,51736,0.8639700999992783,127893504,51736,,,,,,,,0.1477737999994133,0.07511770000201068,,,38c5c2078171d56fe87ae6932b8787f3ec448b1b16ce905ba349e4d65bce717a,103073/2,61,20,5,,,,,,,,,0.06682549999823095,,,,,,,,,,,,,,True,0.0,0.005081800001789816
196,3/2,A1,2,ablation,optimal_numerical,True,matplotlib-fielded-100000,matplotlib,fielded,100000,130113,51736,0.8459335000006831,129867776,51736,,,,,,,,0.15459960000225692,0.07443720000082976,0.0019517000000632834,0.007174200000008568,38c5c2078171d56fe87ae6932b8787f3ec448b1b16ce905ba349e4d65bce717a,103073/2,,20,5,,,,,,,,0.00020980000044801272,0.06712500000139698,130113,20699,17792,2881,2391,429,17269,17724,421,441,7,129,190,True,0.0,
197,3/2,RG-add,2,ablation,FEASIBLE,True,matplotlib-fielded-100000,matplotlib,fielded,100000,130113,51736,0.8350845000022673,130297856,51738,,,,,,,,0.13782290000017383,0.07369439999820315,,,38c5c2078171d56fe87ae6932b8787f3ec448b1b16ce905ba349e4d65bce717a,103073/2,61,20,5,,,,,,,,,0.06143279999741935,,,,,,,,,,,,,,True,0.003865780114427091,0.0019394999981159344
198,2,LP-on,0,LP,LP_OPTIMAL_NUMERICAL,True,matplotlib-fielded-100000,matplotlib,fielded,100000,130113,52944,0.7050158999991254,121090048,,0,52934.03571428572,64.03571428571428,0.5,0.0,True,,0.082808399998612,0.07739389999915147,0.001800300000468269,0.0028297000026213937,fe01d9736b04696127356d15b064bd54e83fec0a7a843ef7e7ba9046563235e2,52870,21,6,5,9.964285714282596,0.018820424815432526,74.0,False,numeric_integer_optimum,9.964285714282596,13.46525096524675,,,,,,,,,,,,,,,,,,
199,2,LP-off,0,LP,LP_OPTIMAL_NUMERICAL,True,matplotlib-fielded-100000,matplotlib,fielded,100000,130113,52944,0.7309907999988354,119123968,,0,52934.03571428572,64.03571428571428,0.5,0.0,True,,0.08225459999812301,0.0772873999994772,0.0017972999994526617,0.002378000001044711,fe01d9736b04696127356d15b064bd54e83fec0a7a843ef7e7ba9046563235e2,52870,21,6,5,9.964285714282596,0.018820424815432526,74.0,False,numeric_integer_optimum,9.964285714282596,13.46525096524675,,,,,,,,,,,,,,,,,,
200,2,A1,0,ablation,optimal_numerical,True,matplotlib-fielded-100000,matplotlib,fielded,100000,130113,52944,0.8648104000021704,130211840,52944,,,,,,,,0.15486130000135745,0.07690419999926235,0.0018617999994603451,0.004594199999701232,fe01d9736b04696127356d15b064bd54e83fec0a7a843ef7e7ba9046563235e2,52870,,6,5,,,,,,,,0.00017250000018975697,0.06780670000080136,130113,20699,17792,2881,2333,527,17211,17767,443,449,7,46,67,True,0.0,
201,2,RG-add,0,ablation,FEASIBLE,True,matplotlib-fielded-100000,matplotlib,fielded,100000,130113,52944,0.8551653000031365,129077248,52944,,,,,,,,0.14024890000291634,0.0752751999971224,,,fe01d9736b04696127356d15b064bd54e83fec0a7a843ef7e7ba9046563235e2,52870,21,6,5,,,,,,,,,0.06248499999855994,,,,,,,,,,,,,,True,0.0,0.0016829999985930044
202,2,RG-prune,0,ablation,FEASIBLE,True,matplotlib-fielded-100000,matplotlib,fielded,100000,130113,52944,0.8847849000012502,129122304,52944,,,,,,,,0.15206549999857089,0.07739850000143633,,,fe01d9736b04696127356d15b064bd54e83fec0a7a843ef7e7ba9046563235e2,52870,21,6,5,,,,,,,,,0.0720989000001282,,,,,,,,,,,,,,True,0.0,0.0018401999986963347
203,2,RG-add,1,ablation,FEASIBLE,True,matplotlib-fielded-100000,matplotlib,fielded,100000,130113,52944,0.8550367999996524,127959040,52944,,,,,,,,0.1456575000011071,0.07619780000095489,,,fe01d9736b04696127356d15b064bd54e83fec0a7a843ef7e7ba9046563235e2,52870,21,6,5,,,,,,,,,0.06689650000043912,,,,,,,,,,,,,,True,0.0,0.0018368000019108877
204,2,RG-prune,1,ablation,FEASIBLE,True,matplotlib-fielded-100000,matplotlib,fielded,100000,130113,52944,0.864763600002334,128782336,52944,,,,,,,,0.1460713999986183,0.07810750000135158,,,fe01d9736b04696127356d15b064bd54e83fec0a7a843ef7e7ba9046563235e2,52870,21,6,5,,,,,,,,,0.06532290000177454,,,,,,,,,,,,,,True,0.0,0.0019054999975196552
205,2,A1,1,ablation,optimal_numerical,True,matplotlib-fielded-100000,matplotlib,fielded,100000,130113,52944,0.8537772999989102,130846720,52944,,,,,,,,0.15141969999967841,0.07880069999737316,0.00167679999867687,0.004282900001271628,fe01d9736b04696127356d15b064bd54e83fec0a7a843ef7e7ba9046563235e2,52870,,6,5,,,,,,,,0.00016799999866634607,0.062276500000734814,130113,20699,17792,2881,2333,527,17211,17767,443,449,7,46,67,True,0.0,
206,2,RG-prune,2,ablation,FEASIBLE,True,matplotlib-fielded-100000,matplotlib,fielded,100000,130113,52944,0.8656540999982099,128356352,52944,,,,,,,,0.1457358999978169,0.07752079999772832,,,fe01d9736b04696127356d15b064bd54e83fec0a7a843ef7e7ba9046563235e2,52870,21,6,5,,,,,,,,,0.0657069999979285,,,,,,,,,,,,,,True,0.0,0.0017824999995355029
207,2,A1,2,ablation,optimal_numerical,True,matplotlib-fielded-100000,matplotlib,fielded,100000,130113,52944,0.8612591000019165,130449408,52944,,,,,,,,0.1551231999983429,0.07541760000094655,0.0017907000001287088,0.00615749999997206,fe01d9736b04696127356d15b064bd54e83fec0a7a843ef7e7ba9046563235e2,52870,,6,5,,,,,,,,0.00019830000019283034,0.06805629999871599,130113,20699,17792,2881,2333,527,17211,17767,443,449,7,46,67,True,0.0,
208,2,RG-add,2,ablation,FEASIBLE,True,matplotlib-fielded-100000,matplotlib,fielded,100000,130113,52944,0.8645006000006106,127922176,52944,,,,,,,,0.1439276000019163,0.07852840000123251,,,fe01d9736b04696127356d15b064bd54e83fec0a7a843ef7e7ba9046563235e2,52870,21,6,5,,,,,,,,,0.06312820000312058,,,,,,,,,,,,,,True,0.0,0.0015286999987438321
209,32,LP-on,0,LP,LP_OPTIMAL_NUMERICAL,True,matplotlib-fielded-100000,matplotlib,fielded,100000,130113,82157,0.7488931000007142,122228736,,0,81993.83091576968,4757.8309157696785,0.5,0.0,True,,0.1336531000015384,0.12547380000250996,0.002606099998956779,0.0048537999973632395,d4421f096cc7998f0cae673f3829f6f5216026d383a7de1bf5972c024617a7fe,77236,67,6,53,163.16908423032146,0.19860642943428006,4921.0,False,numeric_integer_optimum,163.16908423032146,3.315770864261765,,,,,,,,,,,,,,,,,,
210,32,LP-off,0,LP,LP_OPTIMAL_NUMERICAL,True,matplotlib-fielded-100000,matplotlib,fielded,100000,130113,82157,0.7663691000016115,121163776,,0,81993.83091576968,4757.8309157696785,0.5,0.0,True,,0.13341140000193263,0.1250755000000936,0.002914299999247305,0.00473000000056345,d4421f096cc7998f0cae673f3829f6f5216026d383a7de1bf5972c024617a7fe,77236,67,6,53,163.16908423032146,0.19860642943428006,4921.0,False,numeric_integer_optimum,163.16908423032146,3.315770864261765,,,,,,,,,,,,,,,,,,
211,32,A1,0,ablation,optimal_numerical,True,matplotlib-fielded-100000,matplotlib,fielded,100000,130113,82157,0.9742718999987119,133873664,82157,,,,,,,,0.2183976000014809,0.12663240000256337,0.002669500001502456,0.01321020000250428,d4421f096cc7998f0cae673f3829f6f5216026d383a7de1bf5972c024617a7fe,77236,,6,53,,,,,,,,0.0008379999999306165,0.07091779999973369,130113,20699,17792,2881,551,2263,13361,17080,1445,1451,525,779,846,True,0.0,
212,32,RG-add,0,ablation,FEASIBLE,True,matplotlib-fielded-100000,matplotlib,fielded,100000,130113,82157,0.9944922999966366,129867776,82163,,,,,,,,0.21910170000046492,0.1293974000000162,,,d4421f096cc7998f0cae673f3829f6f5216026d383a7de1bf5972c024617a7fe,77236,67,6,53,,,,,,,,,0.0684581999994407,,,,,,,,,,,,,,True,0.007303090424431272,0.02032560000225203
213,32,RG-prune,0,ablation,FEASIBLE,True,matplotlib-fielded-100000,matplotlib,fielded,100000,130113,82157,0.9830447000022104,130318336,82165,,,,,,,,0.22441579999940586,0.12542239999675076,,,d4421f096cc7998f0cae673f3829f6f5216026d383a7de1bf5972c024617a7fe,77236,67,6,53,,,,,,,,,0.06765480000103707,,,,,,,,,,,,,,True,0.009737453899241697,0.030479900000500493
214,32,RG-add,1,ablation,FEASIBLE,True,matplotlib-fielded-100000,matplotlib,fielded,100000,130113,82157,0.9814664000004996,129884160,82163,,,,,,,,0.2184387000015704,0.12951709999833838,,,d4421f096cc7998f0cae673f3829f6f5216026d383a7de1bf5972c024617a7fe,77236,67,6,53,,,,,,,,,0.06820090000110213,,,,,,,,,,,,,,True,0.007303090424431272,0.02001190000009956
215,32,RG-prune,1,ablation,FEASIBLE,True,matplotlib-fielded-100000,matplotlib,fielded,100000,130113,82157,1.0038663000013912,129945600,82165,,,,,,,,0.2273663999985729,0.12745820000054664,,,d4421f096cc7998f0cae673f3829f6f5216026d383a7de1bf5972c024617a7fe,77236,67,6,53,,,,,,,,,0.06909259999883943,,,,,,,,,,,,,,True,0.009737453899241697,0.03008659999977681
216,32,A1,1,ablation,optimal_numerical,True,matplotlib-fielded-100000,matplotlib,fielded,100000,130113,82157,0.9831198000028962,132243456,82157,,,,,,,,0.2138775000021269,0.1258190000007744,0.0025872000005620066,0.013504700000339653,d4421f096cc7998f0cae673f3829f6f5216026d383a7de1bf5972c024617a7fe,77236,,6,53,,,,,,,,0.0008751999994274229,0.06763089999731164,130113,20699,17792,2881,551,2263,13361,17080,1445,1451,525,779,846,True,0.0,
217,32,RG-prune,2,ablation,FEASIBLE,True,matplotlib-fielded-100000,matplotlib,fielded,100000,130113,82157,0.9954169999982696,132071424,82165,,,,,,,,0.22295370000210823,0.12473420000242186,,,d4421f096cc7998f0cae673f3829f6f5216026d383a7de1bf5972c024617a7fe,77236,67,6,53,,,,,,,,,0.06745039999805158,,,,,,,,,,,,,,True,0.009737453899241697,0.029974099998071324
218,32,A1,2,ablation,optimal_numerical,True,matplotlib-fielded-100000,matplotlib,fielded,100000,130113,82157,0.9691641999997955,132239360,82157,,,,,,,,0.21348249999937252,0.12534600000071805,0.0027061000000685453,0.012622999998711748,d4421f096cc7998f0cae673f3829f6f5216026d383a7de1bf5972c024617a7fe,77236,,6,53,,,,,,,,0.0008613999998487998,0.06848119999995106,130113,20699,17792,2881,551,2263,13361,17080,1445,1451,525,779,846,True,0.0,
219,32,RG-add,2,ablation,FEASIBLE,True,matplotlib-fielded-100000,matplotlib,fielded,100000,130113,82157,0.969890000000305,129900544,82163,,,,,,,,0.21428190000005998,0.12508519999755663,,,d4421f096cc7998f0cae673f3829f6f5216026d383a7de1bf5972c024617a7fe,77236,67,6,53,,,,,,,,,0.06772410000121454,,,,,,,,,,,,,,True,0.007303090424431272,0.020759600000019418
220,11/10,LP-on,0,LP,LP_OPTIMAL_NUMERICAL,True,matplotlib-fielded-1000000,matplotlib,fielded,1000000,1011144,4383747/10,5.129700099998445,517283840,,0,437941.3902786401,2271.690278640065,0.5,0.0,True,,1.508516400001099,1.4934936999998172,0.005253600000287406,0.008918899999116547,c1c87c8fde8f7995f7c9659e766079fc658646a28e087935be60aa874f658a65,4356697/10,887,294,7,433.3097213599249,0.09884460060307423,2705.0,False,numeric_integer_optimum,433.3097213599249,16.018843673195004,,,,,,,,,,,,,,,,,,
221,11/10,LP-off,0,LP,LP_OPTIMAL_NUMERICAL,True,matplotlib-fielded-1000000,matplotlib,fielded,1000000,1011144,4383747/10,5.1595651999996335,516395008,,0,437941.3902786401,2271.690278640065,0.5,0.0,True,,1.509902099998726,1.4966875999998592,0.005279600001813378,0.006669200000033015,c1c87c8fde8f7995f7c9659e766079fc658646a28e087935be60aa874f658a65,4356697/10,887,294,7,433.3097213599249,0.09884460060307423,2705.0,False,numeric_integer_optimum,433.3097213599249,16.018843673195004,,,,,,,,,,,,,,,,,,
222,11/10,A1,0,ablation,optimal_numerical,True,matplotlib-fielded-1000000,matplotlib,fielded,1000000,1011144,4383747/10,6.849101099996915,586899456,4383747/10,,,,,,,,2.4752870999982406,1.4966281000015442,0.005290099998092046,0.0496646999999939,c1c87c8fde8f7995f7c9659e766079fc658646a28e087935be60aa874f658a65,4356697/10,,294,7,,,,,,,,0.001755999997840263,0.9022266000029049,1011144,230852,204845,21803,15087,5829,197749,203882,5775,6069,8,1850,2737,True,0.0,
223,11/10,RG-add,0,ablation,FEASIBLE,True,matplotlib-fielded-1000000,matplotlib,fielded,1000000,1011144,4383747/10,6.8568288999995275,596946944,2192063/5,,,,,,,,2.4272407999997085,1.5036627000008593,,,c1c87c8fde8f7995f7c9659e766079fc658646a28e087935be60aa874f658a65,4356697/10,887,294,7,,,,,,,,,0.9093592999997782,,,,,,,,,,,,,,True,0.008645571927394532,0.012287699999433244
224,11/10,RG-prune,0,ablation,FEASIBLE,True,matplotlib-fielded-1000000,matplotlib,fielded,1000000,1011144,4383747/10,6.773862300000474,590307328,4383749/10,,,,,,,,2.4204608000000007,1.519792300001427,,,c1c87c8fde8f7995f7c9659e766079fc658646a28e087935be60aa874f658a65,4356697/10,887,294,7,,,,,,,,,0.8818097000003036,,,,,,,,,,,,,,True,4.5623070856963234e-05,0.016927500000747386
225,11/10,RG-add,1,ablation,FEASIBLE,True,matplotlib-fielded-1000000,matplotlib,fielded,1000000,1011144,4383747/10,6.787882100001298,594632704,2192063/5,,,,,,,,2.4125767000005,1.5105481999999029,,,c1c87c8fde8f7995f7c9659e766079fc658646a28e087935be60aa874f658a65,4356697/10,887,294,7,,,,,,,,,0.8879444999984116,,,,,,,,,,,,,,True,0.008645571927394532,0.012352099998679478
226,11/10,RG-prune,1,ablation,FEASIBLE,True,matplotlib-fielded-1000000,matplotlib,fielded,1000000,1011144,4383747/10,6.740660399998887,598102016,4383749/10,,,,,,,,2.403218999999808,1.5079974999971455,,,c1c87c8fde8f7995f7c9659e766079fc658646a28e087935be60aa874f658a65,4356697/10,887,294,7,,,,,,,,,0.8770801999999094,,,,,,,,,,,,,,True,4.5623070856963234e-05,0.015998599999875296
227,11/10,A1,1,ablation,optimal_numerical,True,matplotlib-fielded-1000000,matplotlib,fielded,1000000,1011144,4383747/10,6.844751199998427,593899520,4383747/10,,,,,,,,2.489551999999094,1.5016098999985843,0.005374100001063198,0.0497107999981381,c1c87c8fde8f7995f7c9659e766079fc658646a28e087935be60aa874f658a65,4356697/10,,294,7,,,,,,,,0.0017164000018965453,0.9117657999995572,1011144,230852,204845,21803,15087,5829,197749,203882,5775,6069,8,1850,2737,True,0.0,
228,11/10,RG-prune,2,ablation,FEASIBLE,True,matplotlib-fielded-1000000,matplotlib,fielded,1000000,1011144,4383747/10,6.733903700001974,609984512,4383749/10,,,,,,,,2.4044667999987723,1.5077189000003273,,,c1c87c8fde8f7995f7c9659e766079fc658646a28e087935be60aa874f658a65,4356697/10,887,294,7,,,,,,,,,0.8788559999993595,,,,,,,,,,,,,,True,4.5623070856963234e-05,0.015884700002061436
229,11/10,A1,2,ablation,optimal_numerical,True,matplotlib-fielded-1000000,matplotlib,fielded,1000000,1011144,4383747/10,6.883802800002741,589246464,4383747/10,,,,,,,,2.496925600000395,1.5250409000000218,0.005445800001325551,0.04815569999846048,c1c87c8fde8f7995f7c9659e766079fc658646a28e087935be60aa874f658a65,4356697/10,,294,7,,,,,,,,0.0017847999988589436,0.8963646000011067,1011144,230852,204845,21803,15087,5829,197749,203882,5775,6069,8,1850,2737,True,0.0,
230,11/10,RG-add,2,ablation,FEASIBLE,True,matplotlib-fielded-1000000,matplotlib,fielded,1000000,1011144,4383747/10,6.720065600002272,597569536,2192063/5,,,,,,,,2.3986671999991813,1.506291699999565,,,c1c87c8fde8f7995f7c9659e766079fc658646a28e087935be60aa874f658a65,4356697/10,887,294,7,,,,,,,,,0.8780449999976554,,,,,,,,,,,,,,True,0.008645571927394532,0.012546800000563962
231,5/4,LP-on,0,LP,LP_OPTIMAL_NUMERICAL,True,matplotlib-fielded-1000000,matplotlib,fielded,1000000,1011144,1762767/4,5.132263600000442,517447680,,0,440266.9605664001,2334.21056640007,0.5,0.0,True,,1.5244806000009703,1.5105786999993143,0.0052353999999468215,0.007860400000936352,6d47ae2cf644d8873dd899f876ae861b8eacd42c87ac6299fd2b2f2e4775c09c,1751731/4,887,294,7,424.78943359991536,0.09639151030168261,2759.0,False,numeric_integer_optimum,424.78943359991536,15.396499949253908,,,,,,,,,,,,,,,,,,
232,5/4,LP-off,0,LP,LP_OPTIMAL_NUMERICAL,True,matplotlib-fielded-1000000,matplotlib,fielded,1000000,1011144,1762767/4,5.1136009999972885,515485696,,0,440266.9605664001,2334.2105664000705,0.5,0.0,True,,1.5088184000014735,1.4967226999979175,0.004905400001007365,0.006609899999602931,6d47ae2cf644d8873dd899f876ae861b8eacd42c87ac6299fd2b2f2e4775c09c,1751731/4,887,294,7,424.78943359991536,0.09639151030168261,2759.0,False,numeric_integer_optimum,424.78943359991536,15.396499949253908,,,,,,,,,,,,,,,,,,
233,5/4,A1,0,ablation,optimal_numerical,True,matplotlib-fielded-1000000,matplotlib,fielded,1000000,1011144,1762767/4,6.842472100001032,585306112,1762767/4,,,,,,,,2.4888088000006974,1.5114384999978938,0.005354399996576831,0.050478999997721985,6d47ae2cf644d8873dd899f876ae861b8eacd42c87ac6299fd2b2f2e4775c09c,1751731/4,,294,7,,,,,,,,0.001735400001052767,0.900269699999626,1011144,230852,204845,21803,15087,5829,197749,203882,5775,6069,8,1850,2737,True,0.0,
234,5/4,RG-add,0,ablation,FEASIBLE,True,matplotlib-fielded-1000000,matplotlib,fielded,1000000,1011144,1762767/4,6.75479279999854,596570112,881447/2,,,,,,,,2.4068318999998155,1.5090292999993835,,,6d47ae2cf644d8873dd899f876ae861b8eacd42c87ac6299fd2b2f2e4775c09c,1751731/4,887,294,7,,,,,,,,,0.8837053999995987,,,,,,,,,,,,,,True,0.007204582341285036,0.012300900001719128
235,5/4,RG-prune,0,ablation,FEASIBLE,True,matplotlib-fielded-1000000,matplotlib,fielded,1000000,1011144,1762767/4,6.789059999999154,593166336,1762769/4,,,,,,,,2.4123605999993742,1.5043086999976367,,,6d47ae2cf644d8873dd899f876ae861b8eacd42c87ac6299fd2b2f2e4775c09c,1751731/4,887,294,7,,,,,,,,,0.8906865999997535,,,,,,,,,,,,,,True,0.000113457989626536,0.015383300000394229
236,5/4,RG-add,1,ablation,FEASIBLE,True,matplotlib-fielded-1000000,matplotlib,fielded,1000000,1011144,1762767/4,6.7590444999987085,596381696,881447/2,,,,,,,,2.399739700002101,1.501593100001628,,,6d47ae2cf644d8873dd899f876ae861b8eacd42c87ac6299fd2b2f2e4775c09c,1751731/4,887,294,7,,,,,,,,,0.884028299999045,,,,,,,,,,,,,,True,0.007204582341285036,0.01223050000044168
237,5/4,RG-prune,1,ablation,FEASIBLE,True,matplotlib-fielded-1000000,matplotlib,fielded,1000000,1011144,1762767/4,6.709769999997661,595046400,1762769/4,,,,,,,,2.403165399999125,1.5067815000002156,,,6d47ae2cf644d8873dd899f876ae861b8eacd42c87ac6299fd2b2f2e4775c09c,1751731/4,887,294,7,,,,,,,,,0.8789455000005546,,,,,,,,,,,,,,True,0.000113457989626536,0.015562500000669388
238,5/4,A1,1,ablation,optimal_numerical,True,matplotlib-fielded-1000000,matplotlib,fielded,1000000,1011144,1762767/4,6.827746700000716,591204352,1762767/4,,,,,,,,2.4607565000005707,1.504424000002473,0.005421400001068832,0.05039519999991171,6d47ae2cf644d8873dd899f876ae861b8eacd42c87ac6299fd2b2f2e4775c09c,1751731/4,,294,7,,,,,,,,0.0017833000019891188,0.8777203999998164,1011144,230852,204845,21803,15087,5829,197749,203882,5775,6069,8,1850,2737,True,0.0,
239,5/4,RG-prune,2,ablation,FEASIBLE,True,matplotlib-fielded-1000000,matplotlib,fielded,1000000,1011144,1762767/4,6.735745699999825,596205568,1762769/4,,,,,,,,2.3965929000005417,1.4981788000004599,,,6d47ae2cf644d8873dd899f876ae861b8eacd42c87ac6299fd2b2f2e4775c09c,1751731/4,887,294,7,,,,,,,,,0.880693600000086,,,,,,,,,,,,,,True,0.000113457989626536,0.015689299998484785
240,5/4,A1,2,ablation,optimal_numerical,True,matplotlib-fielded-1000000,matplotlib,fielded,1000000,1011144,1762767/4,6.884026600000652,587534336,1762767/4,,,,,,,,2.4744322000005923,1.5073861999990186,0.005571500001678942,0.05105840000032913,6d47ae2cf644d8873dd899f876ae861b8eacd42c87ac6299fd2b2f2e4775c09c,1751731/4,,294,7,,,,,,,,0.0017207000018970575,0.888645600000018,1011144,230852,204845,21803,15087,5829,197749,203882,5775,6069,8,1850,2737,True,0.0,
241,5/4,RG-add,2,ablation,FEASIBLE,True,matplotlib-fielded-1000000,matplotlib,fielded,1000000,1011144,1762767/4,6.817363300000579,597729280,881447/2,,,,,,,,2.4140487000004214,1.506564499999513,,,6d47ae2cf644d8873dd899f876ae861b8eacd42c87ac6299fd2b2f2e4775c09c,1751731/4,887,294,7,,,,,,,,,0.8926499999979569,,,,,,,,,,,,,,True,0.007204582341285036,0.012969200000952696
242,3/2,LP-on,0,LP,LP_OPTIMAL_NUMERICAL,True,matplotlib-fielded-1000000,matplotlib,fielded,1000000,1011144,889107/2,5.184530400001677,517251072,,0,444142.0633277461,2437.563327746111,0.5,0.0,True,,1.5343603000001167,1.5192690000003495,0.005387199998949654,0.008929899999202462,49fa7f9d0c95c8c4a162d3f755f7a96c92ab9b3ede3467f8c2bab000076ae79a,883409/2,887,294,7,411.43667225388344,0.092550541667962,2849.0,False,numeric_integer_optimum,411.43667225388344,14.441441637552947,,,,,,,,,,,,,,,,,,
243,3/2,LP-off,0,LP,LP_OPTIMAL_NUMERICAL,True,matplotlib-fielded-1000000,matplotlib,fielded,1000000,1011144,889107/2,5.159439200000634,517378048,,0,444142.0633277461,2437.5633277461097,0.5,0.0,True,,1.5172488000025623,1.5043197000013606,0.005464499998197425,0.006661200000962708,49fa7f9d0c95c8c4a162d3f755f7a96c92ab9b3ede3467f8c2bab000076ae79a,883409/2,887,294,7,411.43667225388344,0.092550541667962,2849.0,False,numeric_integer_optimum,411.43667225388344,14.441441637552947,,,,,,,,,,,,,,,,,,
244,3/2,A1,0,ablation,optimal_numerical,True,matplotlib-fielded-1000000,matplotlib,fielded,1000000,1011144,889107/2,6.946320099999866,587702272,889107/2,,,,,,,,2.521276300001773,1.5109898000009707,0.005202399999689078,0.055992699999478646,49fa7f9d0c95c8c4a162d3f755f7a96c92ab9b3ede3467f8c2bab000076ae79a,883409/2,,294,7,,,,,,,,0.0017335999982606154,0.9279291999991983,1011144,230852,204845,21803,15087,5829,197749,203882,5775,6069,8,1850,2737,True,0.0,
245,3/2,RG-add,0,ablation,FEASIBLE,True,matplotlib-fielded-1000000,matplotlib,fielded,1000000,1011144,889107/2,6.826590500000748,610742272,444575,,,,,,,,2.418375900000683,1.5070030000024417,,,49fa7f9d0c95c8c4a162d3f755f7a96c92ab9b3ede3467f8c2bab000076ae79a,883409/2,887,294,7,,,,,,,,,0.8968993999988015,,,,,,,,,,,,,,True,0.004836313289626558,0.012615600000572158
246,3/2,RG-prune,0,ablation,FEASIBLE,True,matplotlib-fielded-1000000,matplotlib,fielded,1000000,1011144,889107/2,6.744427800000267,592064512,889109/2,,,,,,,,2.402472300000227,1.5065142999992531,,,49fa7f9d0c95c8c4a162d3f755f7a96c92ab9b3ede3467f8c2bab000076ae79a,883409/2,887,294,7,,,,,,,,,0.8783341000016662,,,,,,,,,,,,,,True,0.0002249448041686771,0.01577210000323248
247,3/2,RG-add,1,ablation,FEASIBLE,True,matplotlib-fielded-1000000,matplotlib,fielded,1000000,1011144,889107/2,6.879283700000087,595865600,444575,,,,,,,,2.4341120999997656,1.509580099998857,,,49fa7f9d0c95c8c4a162d3f755f7a96c92ab9b3ede3467f8c2bab000076ae79a,883409/2,887,294,7,,,,,,,,,0.910395900002186,,,,,,,,,,,,,,True,0.004836313289626558,0.012308399996982189
248,3/2,RG-prune,1,ablation,FEASIBLE,True,matplotlib-fielded-1000000,matplotlib,fielded,1000000,1011144,889107/2,6.836748099998658,599592960,889109/2,,,,,,,,2.423963299999741,1.4991139000012481,,,49fa7f9d0c95c8c4a162d3f755f7a96c92ab9b3ede3467f8c2bab000076ae79a,883409/2,887,294,7,,,,,,,,,0.9074694999981148,,,,,,,,,,,,,,True,0.0002249448041686771,0.01547260000006645
249,3/2,A1,1,ablation,optimal_numerical,True,matplotlib-fielded-1000000,matplotlib,fielded,1000000,1011144,889107/2,6.854420700001356,595607552,889107/2,,,,,,,,2.484893500000908,1.5116151000001992,0.005387100001826184,0.05558430000019143,49fa7f9d0c95c8c4a162d3f755f7a96c92ab9b3ede3467f8c2bab000076ae79a,883409/2,,294,7,,,,,,,,0.0017463000003772322,0.8908320999980788,1011144,230852,204845,21803,15087,5829,197749,203882,5775,6069,8,1850,2737,True,0.0,
250,3/2,RG-prune,2,ablation,FEASIBLE,True,matplotlib-fielded-1000000,matplotlib,fielded,1000000,1011144,889107/2,6.744071200002509,596025344,889109/2,,,,,,,,2.4048293999985617,1.5098692999999912,,,49fa7f9d0c95c8c4a162d3f755f7a96c92ab9b3ede3467f8c2bab000076ae79a,883409/2,887,294,7,,,,,,,,,0.8774459000014758,,,,,,,,,,,,,,True,0.0002249448041686771,0.015742399998998735
251,3/2,A1,2,ablation,optimal_numerical,True,matplotlib-fielded-1000000,matplotlib,fielded,1000000,1011144,889107/2,6.851434099997277,587763712,889107/2,,,,,,,,2.4907404000005045,1.5064779999993334,0.005452599998534424,0.05574479999995674,49fa7f9d0c95c8c4a162d3f755f7a96c92ab9b3ede3467f8c2bab000076ae79a,883409/2,,294,7,,,,,,,,0.0017336000018985942,0.9017707000020891,1011144,230852,204845,21803,15087,5829,197749,203882,5775,6069,8,1850,2737,True,0.0,
252,3/2,RG-add,2,ablation,FEASIBLE,True,matplotlib-fielded-1000000,matplotlib,fielded,1000000,1011144,889107/2,6.838067999997293,596234240,444575,,,,,,,,2.425081000001228,1.5064039999997476,,,49fa7f9d0c95c8c4a162d3f755f7a96c92ab9b3ede3467f8c2bab000076ae79a,883409/2,887,294,7,,,,,,,,,0.9045838999991247,,,,,,,,,,,,,,True,0.004836313289626558,0.012178400000266265
253,2,LP-on,0,LP,LP_OPTIMAL_NUMERICAL,True,matplotlib-fielded-1000000,matplotlib,fielded,1000000,1011144,452277,5.085122699998465,517615616,,0,452129.52039821056,750.5203982105636,0.5,0.0,True,,1.5305842999987362,1.5222278000001097,0.0030845000001136214,0.004607999999279855,87861300f53a5d4807e803bcdfcaf3ca53571dd4aff9ed37f3dcbdb3f707b3c4,451379,237,74,6,147.4796017894405,0.03260824711171262,898.0,False,numeric_integer_optimum,147.4796017894405,16.42311823935863,,,,,,,,,,,,,,,,,,
254,2,LP-off,0,LP,LP_OPTIMAL_NUMERICAL,True,matplotlib-fielded-1000000,matplotlib,fielded,1000000,1011144,452277,5.10986419999972,517885952,,0,452129.52039821056,750.5203982105636,0.5,0.0,True,,1.5367710999998963,1.5296191000015824,0.0033284999990428332,0.003134800001134863,87861300f53a5d4807e803bcdfcaf3ca53571dd4aff9ed37f3dcbdb3f707b3c4,451379,237,74,6,147.4796017894405,0.03260824711171262,898.0,False,numeric_integer_optimum,147.4796017894405,16.42311823935863,,,,,,,,,,,,,,,,,,
255,2,A1,0,ablation,optimal_numerical,True,matplotlib-fielded-1000000,matplotlib,fielded,1000000,1011144,452277,6.802048300000024,588804096,452277,,,,,,,,2.4378856000002997,1.5322730999978376,0.0030819000021438114,0.014500299999781419,87861300f53a5d4807e803bcdfcaf3ca53571dd4aff9ed37f3dcbdb3f707b3c4,451379,,74,6,,,,,,,,0.0005825000007462222,0.8687507000031474,1011144,230852,204845,21803,14644,6922,197308,204564,6137,6211,8,518,755,True,0.0,
256,2,RG-add,0,ablation,FEASIBLE,True,matplotlib-fielded-1000000,matplotlib,fielded,1000000,1011144,452277,6.763708899998164,596070400,452278,,,,,,,,2.4205375999990792,1.528435599997465,,,87861300f53a5d4807e803bcdfcaf3ca53571dd4aff9ed37f3dcbdb3f707b3c4,451379,237,74,6,,,,,,,,,0.8860648999980185,,,,,,,,,,,,,,True,0.00022110343882178398,0.0043836999975610524
257,2,RG-prune,0,ablation,FEASIBLE,True,matplotlib-fielded-1000000,matplotlib,fielded,1000000,1011144,452277,6.768138999999792,598007808,452278,,,,,,,,2.419268399997236,1.5262306999975408,,,87861300f53a5d4807e803bcdfcaf3ca53571dd4aff9ed37f3dcbdb3f707b3c4,451379,237,74,6,,,,,,,,,0.8858952000009594,,,,,,,,,,,,,,True,0.00022110343882178398,0.0055685000006633345
258,2,RG-add,1,ablation,FEASIBLE,True,matplotlib-fielded-1000000,matplotlib,fielded,1000000,1011144,452277,6.814941700002237,598851584,452278,,,,,,,,2.4311779999989085,1.5261400999988837,,,87861300f53a5d4807e803bcdfcaf3ca53571dd4aff9ed37f3dcbdb3f707b3c4,451379,237,74,6,,,,,,,,,0.8986595999995188,,,,,,,,,,,,,,True,0.00022110343882178398,0.004594999998516869
259,2,RG-prune,1,ablation,FEASIBLE,True,matplotlib-fielded-1000000,matplotlib,fielded,1000000,1011144,452277,6.8239304000017,594292736,452278,,,,,,,,2.4334836000016367,1.5264741999999387,,,87861300f53a5d4807e803bcdfcaf3ca53571dd4aff9ed37f3dcbdb3f707b3c4,451379,237,74,6,,,,,,,,,0.8997569999992265,,,,,,,,,,,,,,True,0.00022110343882178398,0.0055505000018456485
260,2,A1,1,ablation,optimal_numerical,True,matplotlib-fielded-1000000,matplotlib,fielded,1000000,1011144,452277,6.819520100001682,584019968,452277,,,,,,,,2.455098700000235,1.5218469999999797,0.003085700001975056,0.01471279999896069,87861300f53a5d4807e803bcdfcaf3ca53571dd4aff9ed37f3dcbdb3f707b3c4,451379,,74,6,,,,,,,,0.0006350000003294554,0.8960065000028408,1011144,230852,204845,21803,14644,6922,197308,204564,6137,6211,8,518,755,True,0.0,
261,2,RG-prune,2,ablation,FEASIBLE,True,matplotlib-fielded-1000000,matplotlib,fielded,1000000,1011144,452277,6.793108499998198,593653760,452278,,,,,,,,2.4219247000000905,1.5260343000009016,,,87861300f53a5d4807e803bcdfcaf3ca53571dd4aff9ed37f3dcbdb3f707b3c4,451379,237,74,6,,,,,,,,,0.8887155000011262,,,,,,,,,,,,,,True,0.00022110343882178398,0.005574200000410201
262,2,A1,2,ablation,optimal_numerical,True,matplotlib-fielded-1000000,matplotlib,fielded,1000000,1011144,452277,6.740236800000275,584949760,452277,,,,,,,,2.4221464000002015,1.5299754000006942,0.0031071000012161676,0.013894299998355564,87861300f53a5d4807e803bcdfcaf3ca53571dd4aff9ed37f3dcbdb3f707b3c4,451379,,74,6,,,,,,,,0.000643899998976849,0.8554910000020755,1011144,230852,204845,21803,14644,6922,197308,204564,6137,6211,8,518,755,True,0.0,
263,2,RG-add,2,ablation,FEASIBLE,True,matplotlib-fielded-1000000,matplotlib,fielded,1000000,1011144,452277,6.787490999999136,593362944,452278,,,,,,,,2.4001435000027413,1.5179834999980812,,,87861300f53a5d4807e803bcdfcaf3ca53571dd4aff9ed37f3dcbdb3f707b3c4,451379,237,74,6,,,,,,,,,0.875947399999859,,,,,,,,,,,,,,True,0.00022110343882178398,0.004354199998488184
264,32,LP-on,0,LP,LP_OPTIMAL_NUMERICAL,True,matplotlib-fielded-1000000,matplotlib,fielded,1000000,1011144,603322,7.677372199999809,521457664,,0,599908.0327593083,70595.03275930836,0.5,3.552713678800501e-15,True,,4.082170400000905,4.033180200000061,0.022480700001324294,0.025088300000788877,1dc057a4a60fc57638f6fc3eb73e93e1358b19cd1c888fca09d2980688601063,529313,1103,116,662,3413.9672406916507,0.5658615533150873,74009.0,False,numeric_integer_optimum,3413.9672406916507,4.612908214800431,,,,,,,,,,,,,,,,,,
265,32,LP-off,0,LP,LP_OPTIMAL_NUMERICAL,True,matplotlib-fielded-1000000,matplotlib,fielded,1000000,1011144,603322,7.7644438999996055,516661248,,0,599908.0327593083,70595.03275930836,0.5,3.552713678800501e-15,True,,4.135953000000882,4.03875859999971,0.023300600001675775,0.07200370000282419,1dc057a4a60fc57638f6fc3eb73e93e1358b19cd1c888fca09d2980688601063,529313,1103,116,662,3413.9672406916507,0.5658615533150873,74009.0,False,numeric_integer_optimum,3413.9672406916507,4.612908214800431,,,,,,,,,,,,,,,,,,
266,32,A1,0,ablation,optimal_numerical,True,matplotlib-fielded-1000000,matplotlib,fielded,1000000,1011144,603322,10.396089400001074,607510528,603322,,,,,,,,5.986689599998499,4.03753670000151,0.02288369999951101,0.2729814999984228,1dc057a4a60fc57638f6fc3eb73e93e1358b19cd1c888fca09d2980688601063,529313,,116,662,,,,,,,,0.014164399999572197,1.6175611999969988,1011144,230852,204845,21803,1827,18873,167008,193674,8365,8481,7324,12274,13377,True,0.0,
267,32,RG-add,0,ablation,FEASIBLE,True,matplotlib-fielded-1000000,matplotlib,fielded,1000000,1011144,603322,14.363680399997975,615981056,603448,,,,,,,,9.924930199998926,4.029256699999678,,,1dc057a4a60fc57638f6fc3eb73e93e1358b19cd1c888fca09d2980688601063,529313,1103,116,662,,,,,,,,,1.6271880000022065,,,,,,,,,,,,,,True,0.020884370203639185,4.266592100000707
268,32,RG-prune,0,ablation,FEASIBLE,True,matplotlib-fielded-1000000,matplotlib,fielded,1000000,1011144,603322,17.712118300001748,612958208,603468,,,,,,,,13.30342169999858,4.044977100002143,,,1dc057a4a60fc57638f6fc3eb73e93e1358b19cd1c888fca09d2980688601063,529313,1103,116,662,,,,,,,,,1.610065000000759,,,,,,,,,,,,,,True,0.02419934960104223,7.646577699997579
269,32,RG-add,1,ablation,FEASIBLE,True,matplotlib-fielded-1000000,matplotlib,fielded,1000000,1011144,603322,14.533863399999973,611864576,603448,,,,,,,,10.058367099998577,4.034223699996801,,,1dc057a4a60fc57638f6fc3eb73e93e1358b19cd1c888fca09d2980688601063,529313,1103,116,662,,,,,,,,,1.6671838000002026,,,,,,,,,,,,,,True,0.020884370203639185,4.35522359999959
270,32,RG-prune,1,ablation,FEASIBLE,True,matplotlib-fielded-1000000,matplotlib,fielded,1000000,1011144,603322,17.755024300000514,629694464,603468,,,,,,,,13.361058999998932,4.047712900002807,,,1dc057a4a60fc57638f6fc3eb73e93e1358b19cd1c888fca09d2980688601063,529313,1103,116,662,,,,,,,,,1.5920432999992045,,,,,,,,,,,,,,True,0.02419934960104223,7.719636400001036
271,32,A1,1,ablation,optimal_numerical,True,matplotlib-fielded-1000000,matplotlib,fielded,1000000,1011144,603322,10.532524000002013,619859968,603322,,,,,,,,6.052723900000274,4.046485800001392,0.02546789999905741,0.2745467999993707,1dc057a4a60fc57638f6fc3eb73e93e1358b19cd1c888fca09d2980688601063,529313,,116,662,,,,,,,,0.014270700001361547,1.669836100001703,1011144,230852,204845,21803,1827,18873,167008,193674,8365,8481,7324,12274,13377,True,0.0,
272,32,RG-prune,2,ablation,FEASIBLE,True,matplotlib-fielded-1000000,matplotlib,fielded,1000000,1011144,603322,17.67778570000155,614891520,603468,,,,,,,,13.240661300002103,4.029900800000178,,,1dc057a4a60fc57638f6fc3eb73e93e1358b19cd1c888fca09d2980688601063,529313,1103,116,662,,,,,,,,,1.610945600001287,,,,,,,,,,,,,,True,0.02419934960104223,7.59823939999842
273,32,A1,2,ablation,optimal_numerical,True,matplotlib-fielded-1000000,matplotlib,fielded,1000000,1011144,603322,10.405733699997654,605396992,603322,,,,,,,,5.977053700000397,4.035360700003366,0.023024400001304457,0.27199449999898206,1dc057a4a60fc57638f6fc3eb73e93e1358b19cd1c888fca09d2980688601063,529313,,116,662,,,,,,,,0.013864699998521246,1.6111166999980924,1011144,230852,204845,21803,1827,18873,167008,193674,8365,8481,7324,12274,13377,True,0.0,
274,32,RG-add,2,ablation,FEASIBLE,True,matplotlib-fielded-1000000,matplotlib,fielded,1000000,1011144,603322,14.427837700000964,616194048,603448,,,,,,,,9.98050019999937,4.036981600002036,,,1dc057a4a60fc57638f6fc3eb73e93e1358b19cd1c888fca09d2980688601063,529313,1103,116,662,,,,,,,,,1.6672959999996237,,,,,,,,,,,,,,True,0.020884370203639185,4.274506599998858
275,11/10,LP-on,0,LP,LP_OPTIMAL_NUMERICAL,True,matplotlib-fielded-10000000,matplotlib,fielded,10000000,3373699,5948179/5,24.243450199999643,1493147648,,0,1188162.6322877966,6738.132287796661,0.5,0.0,True,,11.68576199999734,11.64891489999718,0.014466600001469487,0.021247000000585103,064c7b8fc95a0136338771a4e1f691068c612d9967a7a661be75e6ac110a8809,2362849/2,2678,932,6,1473.1677122034598,0.12383350536386512,8211.3,False,numeric_integer_optimum,1473.1677122034598,17.940736694597202,,,,,,,,,,,,,,,,,,
276,11/10,LP-off,0,LP,LP_OPTIMAL_NUMERICAL,True,matplotlib-fielded-10000000,matplotlib,fielded,10000000,3373699,5948179/5,24.10886169999867,1493147648,,0,1188162.6322877966,6738.132287796662,0.5,0.0,True,,11.609368699999322,11.570825499999046,0.01767399999880581,0.019756400000915164,064c7b8fc95a0136338771a4e1f691068c612d9967a7a661be75e6ac110a8809,2362849/2,2678,932,6,1473.1677122034598,0.12383350536386512,8211.3,False,numeric_integer_optimum,1473.1677122034598,17.940736694597202,,,,,,,,,,,,,,,,,,
277,11/10,A1,0,ablation,optimal_numerical,True,matplotlib-fielded-10000000,matplotlib,fielded,10000000,3373699,5948179/5,30.373713499997393,1638068224,5948179/5,,,,,,,,15.406594899999618,11.571700000000419,0.014524599999276688,0.18645269999979064,064c7b8fc95a0136338771a4e1f691068c612d9967a7a661be75e6ac110a8809,2362849/2,,932,6,,,,,,,,0.006850699999631615,3.5765385999984574,3373699,595370,550187,62008,43115,16215,530125,547266,16006,16938,7,5599,8277,True,0.0,
278,11/10,RG-add,0,ablation,FEASIBLE,True,matplotlib-fielded-10000000,matplotlib,fielded,10000000,3373699,5948179/5,30.192138400001568,1640116224,11897359/10,,,,,,,,15.269928900001105,11.617298799999844,,,064c7b8fc95a0136338771a4e1f691068c612d9967a7a661be75e6ac110a8809,2362849/2,2678,932,6,,,,,,,,,3.6037943000010273,,,,,,,,,,,,,,True,0.00841433991814974,0.04428399999960675
279,11/10,RG-prune,0,ablation,FEASIBLE,True,matplotlib-fielded-10000000,matplotlib,fielded,10000000,3373699,5948179/5,30.176105200000165,1645871104,5948192/5,,,,,,,,15.209219199998188,11.527800500000012,,,064c7b8fc95a0136338771a4e1f691068c612d9967a7a661be75e6ac110a8809,2362849/2,2678,932,6,,,,,,,,,3.6204674999971758,,,,,,,,,,,,,,True,0.00021855428358830495,0.05663430000277003
280,11/10,RG-add,1,ablation,FEASIBLE,True,matplotlib-fielded-10000000,matplotlib,fielded,10000000,3373699,5948179/5,30.15023459999793,1639809024,11897359/10,,,,,,,,15.166477400001895,11.5535306999991,,,064c7b8fc95a0136338771a4e1f691068c612d9967a7a661be75e6ac110a8809,2362849/2,2678,932,6,,,,,,,,,3.5652961999985564,,,,,,,,,,,,,,True,0.00841433991814974,0.04333510000287788
281,11/10,RG-prune,1,ablation,FEASIBLE,True,matplotlib-fielded-10000000,matplotlib,fielded,10000000,3373699,5948179/5,30.041518999998516,1645215744,5948192/5,,,,,,,,15.152435500000138,11.521349999999074,,,064c7b8fc95a0136338771a4e1f691068c612d9967a7a661be75e6ac110a8809,2362849/2,2678,932,6,,,,,,,,,3.570755699998699,,,,,,,,,,,,,,True,0.00021855428358830495,0.05562459999782732
282,11/10,A1,1,ablation,optimal_numerical,True,matplotlib-fielded-10000000,matplotlib,fielded,10000000,3373699,5948179/5,30.355892200001108,1624793088,5948179/5,,,,,,,,15.458105899997463,11.634077399998205,0.01443709999875864,0.1865574999974342,064c7b8fc95a0136338771a4e1f691068c612d9967a7a661be75e6ac110a8809,2362849/2,,932,6,,,,,,,,0.006828900000982685,3.5663113000009616,3373699,595370,550187,62008,43115,16215,530125,547266,16006,16938,7,5599,8277,True,0.0,
283,11/10,RG-prune,2,ablation,FEASIBLE,True,matplotlib-fielded-10000000,matplotlib,fielded,10000000,3373699,5948179/5,30.116310299999896,1673752576,5948192/5,,,,,,,,15.223666300000332,11.579962600000727,,,064c7b8fc95a0136338771a4e1f691068c612d9967a7a661be75e6ac110a8809,2362849/2,2678,932,6,,,,,,,,,3.583318600001803,,,,,,,,,,,,,,True,0.00021855428358830495,0.0559462999990501
284,11/10,A1,2,ablation,optimal_numerical,True,matplotlib-fielded-10000000,matplotlib,fielded,10000000,3373699,5948179/5,30.241045799997664,1621512192,5948179/5,,,,,,,,15.327710300000035,11.510331299999962,0.014791699999477714,0.1847233000007691,064c7b8fc95a0136338771a4e1f691068c612d9967a7a661be75e6ac110a8809,2362849/2,,932,6,,,,,,,,0.00692190000336268,3.56063119999817,3373699,595370,550187,62008,43115,16215,530125,547266,16006,16938,7,5599,8277,True,0.0,
285,11/10,RG-add,2,ablation,FEASIBLE,True,matplotlib-fielded-10000000,matplotlib,fielded,10000000,3373699,5948179/5,30.163149899999553,1644318720,11897359/10,,,,,,,,15.162452900000062,11.556810900001437,,,064c7b8fc95a0136338771a4e1f691068c612d9967a7a661be75e6ac110a8809,2362849/2,2678,932,6,,,,,,,,,3.5571749999980966,,,,,,,,,,,,,,True,0.00841433991814974,0.04399080000075628
286,5/4,LP-on,0,LP,LP_OPTIMAL_NUMERICAL,True,matplotlib-fielded-10000000,matplotlib,fielded,10000000,3373699,1196267,24.10018510000009,1493065728,,0,1194811.625096984,6919.875096984044,0.5,0.0,True,,11.592850699998962,11.554205399999773,0.01461610000114888,0.022897099999681814,10dd48548a1f99867d50cbc1f2e9936294282533278e26ca25bf25bca9af4846,4751567/4,2678,932,6,1455.3749030160252,0.12165970498358855,8375.25,False,numeric_integer_optimum,1455.3749030160252,17.377092063114834,,,,,,,,,,,,,,,,,,
287,5/4,LP-off,0,LP,LP_OPTIMAL_NUMERICAL,True,matplotlib-fielded-10000000,matplotlib,fielded,10000000,3373699,1196267,24.103899199999432,1493393408,,0,1194811.625096984,6919.87509698404,0.5,0.0,True,,11.582281199996942,11.547538300001179,0.014570699997420888,0.018998800002009375,10dd48548a1f99867d50cbc1f2e9936294282533278e26ca25bf25bca9af4846,4751567/4,2678,932,6,1455.3749030160252,0.12165970498358855,8375.25,False,numeric_integer_optimum,1455.3749030160252,17.377092063114834,,,,,,,,,,,,,,,,,,
288,5/4,A1,0,ablation,optimal_numerical,True,matplotlib-fielded-10000000,matplotlib,fielded,10000000,3373699,1196267,30.405237999999372,1625202688,1196267,,,,,,,,15.536683499998617,11.590718899999047,0.01434030000018538,0.2866334000027564,10dd48548a1f99867d50cbc1f2e9936294282533278e26ca25bf25bca9af4846,4751567/4,,932,6,,,,,,,,0.0069035000014991965,3.5882984999989276,3373699,595370,550187,62008,43115,16215,530125,547266,16006,16938,7,5599,8277,True,0.0,
289,5/4,RG-add,0,ablation,FEASIBLE,True,matplotlib-fielded-10000000,matplotlib,fielded,10000000,3373699,1196267,30.178058299999975,1661571072,4785403/4,,,,,,,,15.246334899999056,11.627832099999068,,,10dd48548a1f99867d50cbc1f2e9936294282533278e26ca25bf25bca9af4846,4751567/4,2678,932,6,,,,,,,,,3.5701396000004024,,,,,,,,,,,,,,True,0.007000945441109718,0.04389409999930649
290,5/4,RG-prune,0,ablation,FEASIBLE,True,matplotlib-fielded-10000000,matplotlib,fielded,10000000,3373699,1196267,30.06286049999835,1640665088,1196272,,,,,,,,15.171616100000392,11.549047199998313,,,10dd48548a1f99867d50cbc1f2e9936294282533278e26ca25bf25bca9af4846,4751567/4,2678,932,6,,,,,,,,,3.56248129999949,,,,,,,,,,,,,,True,0.00041796689200655036,0.05560029999833205
291,5/4,RG-add,1,ablation,FEASIBLE,True,matplotlib-fielded-10000000,matplotlib,fielded,10000000,3373699,1196267,30.08809509999992,1673850880,4785403/4,,,,,,,,15.204179399999703,11.588142299999163,,,10dd48548a1f99867d50cbc1f2e9936294282533278e26ca25bf25bca9af4846,4751567/4,2678,932,6,,,,,,,,,3.5682244000017818,,,,,,,,,,,,,,True,0.007000945441109718,0.04338560000178404
292,5/4,RG-prune,1,ablation,FEASIBLE,True,matplotlib-fielded-10000000,matplotlib,fielded,10000000,3373699,1196267,29.948029099999985,1645150208,1196272,,,,,,,,15.15106840000226,11.521515300002648,,,10dd48548a1f99867d50cbc1f2e9936294282533278e26ca25bf25bca9af4846,4751567/4,2678,932,6,,,,,,,,,3.568935999999667,,,,,,,,,,,,,,True,0.00041796689200655036,0.05597199999829172
293,5/4,A1,1,ablation,optimal_numerical,True,matplotlib-fielded-10000000,matplotlib,fielded,10000000,3373699,1196267,30.422670700001618,1624276992,1196267,,,,,,,,15.517442000000301,11.570348599998397,0.01414440000007744,0.2760968000002322,10dd48548a1f99867d50cbc1f2e9936294282533278e26ca25bf25bca9af4846,4751567/4,,932,6,,,,,,,,0.006927999998879386,3.599867600001744,3373699,595370,550187,62008,43115,16215,530125,547266,16006,16938,7,5599,8277,True,0.0,
294,5/4,RG-prune,2,ablation,FEASIBLE,True,matplotlib-fielded-10000000,matplotlib,fielded,10000000,3373699,1196267,30.082298200002697,1657004032,1196272,,,,,,,,15.20876390000194,11.57824790000086,,,10dd48548a1f99867d50cbc1f2e9936294282533278e26ca25bf25bca9af4846,4751567/4,2678,932,6,,,,,,,,,3.5697175999994215,,,,,,,,,,,,,,True,0.00041796689200655036,0.05641779999859864
295,5/4,A1,2,ablation,optimal_numerical,True,matplotlib-fielded-10000000,matplotlib,fielded,10000000,3373699,1196267,30.44482710000011,1628168192,1196267,,,,,,,,15.504683999999543,11.599066999999195,0.014458400000876281,0.2816748000004736,10dd48548a1f99867d50cbc1f2e9936294282533278e26ca25bf25bca9af4846,4751567/4,,932,6,,,,,,,,0.00713510000059614,3.5523353000025963,3373699,595370,550187,62008,43115,16215,530125,547266,16006,16938,7,5599,8277,True,0.0,
296,5/4,RG-add,2,ablation,FEASIBLE,True,matplotlib-fielded-10000000,matplotlib,fielded,10000000,3373699,1196267,30.076004399998055,1674223616,4785403/4,,,,,,,,15.195565100002568,11.580665999998018,,,10dd48548a1f99867d50cbc1f2e9936294282533278e26ca25bf25bca9af4846,4751567/4,2678,932,6,,,,,,,,,3.566468299999542,,,,,,,,,,,,,,True,0.007000945441109718,0.04410289999941597
297,3/2,LP-on,0,LP,LP_OPTIMAL_NUMERICAL,True,matplotlib-fielded-10000000,matplotlib,fielded,10000000,3373699,1207319,24.02715470000112,1494036480,,0,1205888.5007227496,7218.000722749643,0.5,0.0,True,,11.575847500000236,11.538204399999813,0.01449539999885019,0.022055000001273584,3ef549f95b3242511ac9c932cbeabc0d5b3b9986d144aad95e269f0da16293fb,2397341/2,2678,932,6,1430.4992772503756,0.11848560962350262,8648.5,False,numeric_integer_optimum,1430.4992772503756,16.540432181885595,,,,,,,,,,,,,,,,,,
298,3/2,LP-off,0,LP,LP_OPTIMAL_NUMERICAL,True,matplotlib-fielded-10000000,matplotlib,fielded,10000000,3373699,1207319,24.12907239999913,1492189184,,0,1205888.5007227496,7218.000722749644,0.5,0.0,True,,11.625237099997321,11.590749700000742,0.01481219999914174,0.018582000000606058,3ef549f95b3242511ac9c932cbeabc0d5b3b9986d144aad95e269f0da16293fb,2397341/2,2678,932,6,1430.4992772503756,0.11848560962350262,8648.5,False,numeric_integer_optimum,1430.4992772503756,16.540432181885595,,,,,,,,,,,,,,,,,,
299,3/2,A1,0,ablation,optimal_numerical,True,matplotlib-fielded-10000000,matplotlib,fielded,10000000,3373699,1207319,30.35084619999907,1622118400,1207319,,,,,,,,15.493441399998119,11.551540899999964,0.014641400000982685,0.3135638999992807,3ef549f95b3242511ac9c932cbeabc0d5b3b9986d144aad95e269f0da16293fb,2397341/2,,932,6,,,,,,,,0.006880199998704484,3.5561314999977185,3373699,595370,550187,62008,43115,16215,530125,547266,16006,16938,7,5599,8277,True,0.0,
300,3/2,RG-add,0,ablation,FEASIBLE,True,matplotlib-fielded-10000000,matplotlib,fielded,10000000,3373699,1207319,29.992472600002657,1643073536,2414751/2,,,,,,,,15.15359570000146,11.529086999998981,,,3ef549f95b3242511ac9c932cbeabc0d5b3b9986d144aad95e269f0da16293fb,2397341/2,2678,932,6,,,,,,,,,3.5766333999999915,,,,,,,,,,,,,,True,0.004679790511041407,0.04364800000257674
301,3/2,RG-prune,0,ablation,FEASIBLE,True,matplotlib-fielded-10000000,matplotlib,fielded,10000000,3373699,1207319,29.988574700000754,1640202240,1207328,,,,,,,,15.138864900000044,11.503494300002785,,,3ef549f95b3242511ac9c932cbeabc0d5b3b9986d144aad95e269f0da16293fb,2397341/2,2678,932,6,,,,,,,,,3.5751505000007455,,,,,,,,,,,,,,True,0.0007454533557411091,0.05580230000123265
302,3/2,RG-add,1,ablation,FEASIBLE,True,matplotlib-fielded-10000000,matplotlib,fielded,10000000,3373699,1207319,30.176347100001294,1645731840,2414751/2,,,,,,,,15.16731179999988,11.54558420000103,,,3ef549f95b3242511ac9c932cbeabc0d5b3b9986d144aad95e269f0da16293fb,2397341/2,2678,932,6,,,,,,,,,3.5743053000005602,,,,,,,,,,,,,,True,0.004679790511041407,0.04322690000117291
303,3/2,RG-prune,1,ablation,FEASIBLE,True,matplotlib-fielded-10000000,matplotlib,fielded,10000000,3373699,1207319,30.12141359999805,1641193472,1207328,,,,,,,,15.240460000000894,11.60883069999909,,,3ef549f95b3242511ac9c932cbeabc0d5b3b9986d144aad95e269f0da16293fb,2397341/2,2678,932,6,,,,,,,,,3.571216500000446,,,,,,,,,,,,,,True,0.0007454533557411091,0.0559462999990501
304,3/2,A1,1,ablation,optimal_numerical,True,matplotlib-fielded-10000000,matplotlib,fielded,10000000,3373699,1207319,30.494434699998237,1621368832,1207319,,,,,,,,15.54575499999919,11.579318099997181,0.014449999998760177,0.32136009999885573,3ef549f95b3242511ac9c932cbeabc0d5b3b9986d144aad95e269f0da16293fb,2397341/2,,932,6,,,,,,,,0.006875600000057602,3.573664800002007,3373699,595370,550187,62008,43115,16215,530125,547266,16006,16938,7,5599,8277,True,0.0,
305,3/2,RG-prune,2,ablation,FEASIBLE,True,matplotlib-fielded-10000000,matplotlib,fielded,10000000,3373699,1207319,30.103661299999658,1658028032,1207328,,,,,,,,15.21195969999826,11.568205899999157,,,3ef549f95b3242511ac9c932cbeabc0d5b3b9986d144aad95e269f0da16293fb,2397341/2,2678,932,6,,,,,,,,,3.583224199999677,,,,,,,,,,,,,,True,0.0007454533557411091,0.05601559999922756
306,3/2,A1,2,ablation,optimal_numerical,True,matplotlib-fielded-10000000,matplotlib,fielded,10000000,3373699,1207319,30.445332600000256,1623568384,1207319,,,,,,,,15.566530600000988,11.610799000001862,0.014825500002189074,0.3141993999997794,3ef549f95b3242511ac9c932cbeabc0d5b3b9986d144aad95e269f0da16293fb,2397341/2,,932,6,,,,,,,,0.007018799999059411,3.5698439000007056,3373699,595370,550187,62008,43115,16215,530125,547266,16006,16938,7,5599,8277,True,0.0,
307,3/2,RG-add,2,ablation,FEASIBLE,True,matplotlib-fielded-10000000,matplotlib,fielded,10000000,3373699,1207319,30.15271439999924,1671802880,2414751/2,,,,,,,,15.194956600000296,11.56736599999931,,,3ef549f95b3242511ac9c932cbeabc0d5b3b9986d144aad95e269f0da16293fb,2397341/2,2678,932,6,,,,,,,,,3.5775752999979886,,,,,,,,,,,,,,True,0.004679790511041407,0.045552700001280755
308,2,LP-on,0,LP,LP_OPTIMAL_NUMERICAL,True,matplotlib-fielded-10000000,matplotlib,fielded,10000000,3373699,1229423,21.416720000001078,1492918272,,0,1228983.4924036635,2122.492403663402,0.5,0.0,True,,8.959004299998924,8.944453500000236,0.006303399997705128,0.007462500001565786,9af70e44903e8be4da98896c77829d5afd8021af43bd01099ecb8a0cf6b4420c,1226861,692,233,6,439.507596336538,0.0357490950093286,2562.0,False,numeric_integer_optimum,439.507596336538,17.15486324498587,,,,,,,,,,,,,,,,,,
309,2,LP-off,0,LP,LP_OPTIMAL_NUMERICAL,True,matplotlib-fielded-10000000,matplotlib,fielded,10000000,3373699,1229423,21.43125560000044,1494228992,,0,1228983.4924036635,2122.4924036634015,0.5,0.0,True,,8.940900199999305,8.927993300003436,0.0062670000006619375,0.005858799999259645,9af70e44903e8be4da98896c77829d5afd8021af43bd01099ecb8a0cf6b4420c,1226861,692,233,6,439.507596336538,0.0357490950093286,2562.0,False,numeric_integer_optimum,439.507596336538,17.15486324498587,,,,,,,,,,,,,,,,,,
310,2,A1,0,ablation,optimal_numerical,True,matplotlib-fielded-10000000,matplotlib,fielded,10000000,3373699,1229423,27.417567600001348,1621004288,1229423,,,,,,,,12.550349799999822,8.900863499999105,0.006341299998894101,0.03720240000257036,9af70e44903e8be4da98896c77829d5afd8021af43bd01099ecb8a0cf6b4420c,1226861,,233,6,,,,,,,,0.0021201999988988973,3.5550106999980926,3373699,595370,550187,62008,42051,19265,529066,549368,17123,17356,7,1511,2203,True,0.0,
311,2,RG-add,0,ablation,FEASIBLE,True,matplotlib-fielded-10000000,matplotlib,fielded,10000000,3373699,1229423,27.358453500000905,1641086976,1229423,,,,,,,,12.494176900003367,8.910854999998264,,,9af70e44903e8be4da98896c77829d5afd8021af43bd01099ecb8a0cf6b4420c,1226861,692,233,6,,,,,,,,,3.5670491000018956,,,,,,,,,,,,,,True,0.0,0.012323700000706594
312,2,RG-prune,0,ablation,FEASIBLE,True,matplotlib-fielded-10000000,matplotlib,fielded,10000000,3373699,1229423,27.41237860000183,1640898560,1229425,,,,,,,,12.517058199999155,8.925197100001242,,,9af70e44903e8be4da98896c77829d5afd8021af43bd01099ecb8a0cf6b4420c,1226861,692,233,6,,,,,,,,,3.570965899998555,,,,,,,,,,,,,,True,0.0001626779391633311,0.01702580000346643
313,2,RG-add,1,ablation,FEASIBLE,True,matplotlib-fielded-10000000,matplotlib,fielded,10000000,3373699,1229423,27.321190300001035,1643610112,1229423,,,,,,,,12.477359100001195,8.894415499999013,,,9af70e44903e8be4da98896c77829d5afd8021af43bd01099ecb8a0cf6b4420c,1226861,692,233,6,,,,,,,,,3.566597000000911,,,,,,,,,,,,,,True,0.0,0.012476899999455782
314,2,RG-prune,1,ablation,FEASIBLE,True,matplotlib-fielded-10000000,matplotlib,fielded,10000000,3373699,1229423,27.373606500001188,1671774208,1229425,,,,,,,,12.51822170000014,8.917352500000561,,,9af70e44903e8be4da98896c77829d5afd8021af43bd01099ecb8a0cf6b4420c,1226861,692,233,6,,,,,,,,,3.580168299999059,,,,,,,,,,,,,,True,0.0001626779391633311,0.016709800001990516
315,2,A1,1,ablation,optimal_numerical,True,matplotlib-fielded-10000000,matplotlib,fielded,10000000,3373699,1229423,27.36567809999906,1621778432,1229423,,,,,,,,12.553768699999637,8.89368739999918,0.006539699999848381,0.03616959999999381,9af70e44903e8be4da98896c77829d5afd8021af43bd01099ecb8a0cf6b4420c,1226861,,233,6,,,,,,,,0.0020712000005005393,3.5667982999984815,3373699,595370,550187,62008,42051,19265,529066,549368,17123,17356,7,1511,2203,True,0.0,
316,2,RG-prune,2,ablation,FEASIBLE,True,matplotlib-fielded-10000000,matplotlib,fielded,10000000,3373699,1229423,27.47820330000104,1640939520,1229425,,,,,,,,12.53391190000184,8.945251799999824,,,9af70e44903e8be4da98896c77829d5afd8021af43bd01099ecb8a0cf6b4420c,1226861,692,233,6,,,,,,,,,3.5665829999998095,,,,,,,,,,,,,,True,0.0001626779391633311,0.018038199999864446
317,2,A1,2,ablation,optimal_numerical,True,matplotlib-fielded-10000000,matplotlib,fielded,10000000,3373699,1229423,27.41632500000196,1622630400,1229423,,,,,,,,12.561374199998681,8.892516299998533,0.006414899999072077,0.0377504999996745,9af70e44903e8be4da98896c77829d5afd8021af43bd01099ecb8a0cf6b4420c,1226861,,233,6,,,,,,,,0.0022601999990001787,3.5729269000003114,3373699,595370,550187,62008,42051,19265,529066,549368,17123,17356,7,1511,2203,True,0.0,
318,2,RG-add,2,ablation,FEASIBLE,True,matplotlib-fielded-10000000,matplotlib,fielded,10000000,3373699,1229423,27.36739740000121,1643470848,1229423,,,,,,,,12.476999200000137,8.897338900002069,,,9af70e44903e8be4da98896c77829d5afd8021af43bd01099ecb8a0cf6b4420c,1226861,692,233,6,,,,,,,,,3.563206700000592,,,,,,,,,,,,,,True,0.0,0.012492900001234375
319,32,LP-on,0,LP,LP_OPTIMAL_NUMERICAL,True,matplotlib-fielded-10000000,matplotlib,fielded,10000000,3373699,,36.15865320000012,1492815872,,0,1662943.4502987685,257210.4502987685,0.5,7.105427357601002e-15,True,,23.650160799999867,23.455967599998985,0.10524369999984629,0.08505170000353246,6789e87dcf88ee6af6fd9e8373aa039986b6135f82218d219c921db9d8d12564,1405733,4030,373,2645,,,,,unavailable,,,,,,,,,,,,,,,,,,,,
320,32,LP-off,0,LP,LP_OPTIMAL_NUMERICAL,True,matplotlib-fielded-10000000,matplotlib,fielded,10000000,3373699,,36.56050289999985,1492717568,,0,1662943.4502987685,257210.45029876847,0.5,7.105427357601002e-15,True,,24.081434299998364,23.55381120000311,0.10634700000082375,0.41723669999919366,6789e87dcf88ee6af6fd9e8373aa039986b6135f82218d219c921db9d8d12564,1405733,4030,373,2645,,,,,unavailable,,,,,,,,,,,,,,,,,,,,
321,32,A1,0,ablation,METHOD_TIME_CAP,False,matplotlib-fielded-10000000,matplotlib,fielded,10000000,3373699,,42.34478519999902,1521414144,,,,,,,,,,,,,,,,,,,,,,,,,,,,,,,,,,,,,,,,,,
322,32,RG-add,0,ablation,METHOD_TIME_CAP,False,matplotlib-fielded-10000000,matplotlib,fielded,10000000,3373699,,42.23093340000196,1511927808,,,,,,,,,,,,,,,,,,,,,,,,,,,,,,,,,,,,,,,,,,
323,32,RG-prune,0,ablation,METHOD_TIME_CAP,False,matplotlib-fielded-10000000,matplotlib,fielded,10000000,3373699,,42.20708190000005,1525284864,,,,,,,,,,,,,,,,,,,,,,,,,,,,,,,,,,,,,,,,,,
324,32,RG-add,1,ablation,METHOD_TIME_CAP,False,matplotlib-fielded-10000000,matplotlib,fielded,10000000,3373699,,42.29084479999801,1526665216,,,,,,,,,,,,,,,,,,,,,,,,,,,,,,,,,,,,,,,,,,
325,32,RG-prune,1,ablation,METHOD_TIME_CAP,False,matplotlib-fielded-10000000,matplotlib,fielded,10000000,3373699,,42.26988749999873,1518452736,,,,,,,,,,,,,,,,,,,,,,,,,,,,,,,,,,,,,,,,,,
326,32,A1,1,ablation,METHOD_TIME_CAP,False,matplotlib-fielded-10000000,matplotlib,fielded,10000000,3373699,,42.30113359999814,1528680448,,,,,,,,,,,,,,,,,,,,,,,,,,,,,,,,,,,,,,,,,,
327,32,RG-prune,2,ablation,METHOD_TIME_CAP,False,matplotlib-fielded-10000000,matplotlib,fielded,10000000,3373699,,42.180627699999604,1535205376,,,,,,,,,,,,,,,,,,,,,,,,,,,,,,,,,,,,,,,,,,
328,32,A1,2,ablation,METHOD_TIME_CAP,False,matplotlib-fielded-10000000,matplotlib,fielded,10000000,3373699,,42.2855043999989,1539006464,,,,,,,,,,,,,,,,,,,,,,,,,,,,,,,,,,,,,,,,,,
329,32,RG-add,2,ablation,METHOD_TIME_CAP,False,matplotlib-fielded-10000000,matplotlib,fielded,10000000,3373699,,42.2103225000028,1556619264,,,,,,,,,,,,,,,,,,,,,,,,,,,,,,,,,,,,,,,,,,
330,11/10,LP-on,0,LP,LP_OPTIMAL_NUMERICAL,True,pydantic-compact-100000,pydantic,compact,100000,100042,615989/10,0.7370402999986254,117010432,,0,61551.005833333336,337.7058333333333,0.5,0.0,True,,0.11607500000172877,0.10932529999990948,0.0019260999979451299,0.004138500000408385,8feb2e767632b3be07d9319b60748ff8bec277342664435b7fa8dd78a04b6658,612133/10,114,55,4,47.894166666665114,0.07775165898524992,385.6,False,numeric_integer_optimum,47.894166666665114,12.420686376209831,,,,,,,,,,,,,,,,,,
331,11/10,LP-off,0,LP,LP_OPTIMAL_NUMERICAL,True,pydantic-compact-100000,pydantic,compact,100000,100042,615989/10,0.7525435999996262,115945472,,0,61551.005833333336,337.7058333333333,0.5,0.0,True,,0.12658860000010463,0.12057020000065677,0.0022930000013730023,0.003085700001975056,8feb2e767632b3be07d9319b60748ff8bec277342664435b7fa8dd78a04b6658,612133/10,114,55,4,47.894166666665114,0.07775165898524992,385.6,False,numeric_integer_optimum,47.894166666665114,12.420686376209831,,,,,,,,,,,,,,,,,,
332,11/10,A1,0,ablation,optimal_numerical,True,pydantic-compact-100000,pydantic,compact,100000,100042,615989/10,0.923305000000255,133091328,615989/10,,,,,,,,0.20827250000002095,0.10937399999966146,0.0019740000025194604,0.006850000001577428,8feb2e767632b3be07d9319b60748ff8bec277342664435b7fa8dd78a04b6658,612133/10,,55,4,,,,,,,,0.0003152999997837469,0.08577259999947273,100042,24650,21398,3251,2313,824,20456,21283,824,879,4,229,343,True,0.0,
333,11/10,RG-add,0,ablation,FEASIBLE,True,pydantic-compact-100000,pydantic,compact,100000,100042,615989/10,0.8445305999994162,128544768,615989/10,,,,,,,,0.17603840000083437,0.10791930000050343,,,8feb2e767632b3be07d9319b60748ff8bec277342664435b7fa8dd78a04b6658,612133/10,114,55,4,,,,,,,,,0.06415090000155033,,,,,,,,,,,,,,True,0.0,0.003197100002580555
334,11/10,RG-prune,0,ablation,FEASIBLE,True,pydantic-compact-100000,pydantic,compact,100000,100042,615989/10,0.8342059999995399,127942656,615989/10,,,,,,,,0.17611849999957485,0.10718849999830127,,,8feb2e767632b3be07d9319b60748ff8bec277342664435b7fa8dd78a04b6658,612133/10,114,55,4,,,,,,,,,0.06453750000218861,,,,,,,,,,,,,,True,0.0,0.0035849999985657632
335,11/10,RG-add,1,ablation,FEASIBLE,True,pydantic-compact-100000,pydantic,compact,100000,100042,615989/10,0.861163999998098,128925696,615989/10,,,,,,,,0.18138980000003357,0.11081930000000284,,,8feb2e767632b3be07d9319b60748ff8bec277342664435b7fa8dd78a04b6658,612133/10,114,55,4,,,,,,,,,0.06713749999835272,,,,,,,,,,,,,,True,0.0,0.0026269000009051524
336,11/10,RG-prune,1,ablation,FEASIBLE,True,pydantic-compact-100000,pydantic,compact,100000,100042,615989/10,0.8599028999997245,128253952,615989/10,,,,,,,,0.1835294000011345,0.11133129999871016,,,8feb2e767632b3be07d9319b60748ff8bec277342664435b7fa8dd78a04b6658,612133/10,114,55,4,,,,,,,,,0.06838629999765544,,,,,,,,,,,,,,True,0.0,0.0030370999993465375
337,11/10,A1,1,ablation,optimal_numerical,True,pydantic-compact-100000,pydantic,compact,100000,100042,615989/10,0.8702298999996856,127180800,615989/10,,,,,,,,0.18465819999983069,0.10566169999947306,0.0021883999979763757,0.007889399999839952,8feb2e767632b3be07d9319b60748ff8bec277342664435b7fa8dd78a04b6658,612133/10,,55,4,,,,,,,,0.0003341999981785193,0.06518180000057328,100042,24650,21398,3251,2313,824,20456,21283,824,879,4,229,343,True,0.0,
338,11/10,RG-prune,2,ablation,FEASIBLE,True,pydantic-compact-100000,pydantic,compact,100000,100042,615989/10,0.8539724000002025,131272704,615989/10,,,,,,,,0.18344169999909354,0.1084618999993836,,,8feb2e767632b3be07d9319b60748ff8bec277342664435b7fa8dd78a04b6658,612133/10,114,55,4,,,,,,,,,0.07101479999982985,,,,,,,,,,,,,,True,0.0,0.002926199998910306
339,11/10,A1,2,ablation,optimal_numerical,True,pydantic-compact-100000,pydantic,compact,100000,100042,615989/10,0.85732420000204,132354048,615989/10,,,,,,,,0.19039109999721404,0.10661249999975553,0.004027800001495052,0.008416299999225885,8feb2e767632b3be07d9319b60748ff8bec277342664435b7fa8dd78a04b6658,612133/10,,55,4,,,,,,,,0.0003020999974978622,0.06725799999912851,100042,24650,21398,3251,2313,824,20456,21283,824,879,4,229,343,True,0.0,
340,11/10,RG-add,2,ablation,FEASIBLE,True,pydantic-compact-100000,pydantic,compact,100000,100042,615989/10,0.8837803999995231,127844352,615989/10,,,,,,,,0.1870703999993566,0.11657129999730387,,,8feb2e767632b3be07d9319b60748ff8bec277342664435b7fa8dd78a04b6658,612133/10,114,55,4,,,,,,,,,0.06697089999943273,,,,,,,,,,,,,,True,0.0,0.002779399997962173
341,5/4,LP-on,0,LP,LP_OPTIMAL_NUMERICAL,True,pydantic-compact-100000,pydantic,compact,100000,100042,247817/4,0.7022642999982054,115822592,,0,61907.00625,346.75625,0.5,0.0,True,,0.11442090000127791,0.10918079999828478,0.001898900001833681,0.0027294999999867287,bef4b160bf19f6a37235c5166b99a31a24653e6b4bcef9e02124ba776554854f,246241/4,114,55,4,47.243750000001455,0.07625586622386915,394.0,False,numeric_integer_optimum,47.243750000001455,11.990799492386156,,,,,,,,,,,,,,,,,,
342,5/4,LP-off,0,LP,LP_OPTIMAL_NUMERICAL,True,pydantic-compact-100000,pydantic,compact,100000,100042,247817/4,0.7060254000025452,114503680,,0,61907.00625,346.75625,0.5,0.0,True,,0.11484679999921354,0.10989360000166926,0.0018605000004754402,0.0024088999998639338,bef4b160bf19f6a37235c5166b99a31a24653e6b4bcef9e02124ba776554854f,246241/4,114,55,4,47.243750000001455,0.07625586622386915,394.0,False,numeric_integer_optimum,47.243750000001455,11.990799492386156,,,,,,,,,,,,,,,,,,
343,5/4,A1,0,ablation,optimal_numerical,True,pydantic-compact-100000,pydantic,compact,100000,100042,247817/4,0.9043619000003673,128991232,247817/4,,,,,,,,0.1908718000013323,0.1091469999992114,0.001930400001583621,0.007799300001352094,bef4b160bf19f6a37235c5166b99a31a24653e6b4bcef9e02124ba776554854f,246241/4,,55,4,,,,,,,,0.00030499999775202014,0.06833180000103312,100042,24650,21398,3251,2313,824,20456,21283,824,879,4,229,343,True,0.0,
344,5/4,RG-add,0,ablation,FEASIBLE,True,pydantic-compact-100000,pydantic,compact,100000,100042,247817/4,0.897321299999021,127246336,247817/4,,,,,,,,0.17804459999751998,0.1077235999982804,,,bef4b160bf19f6a37235c5166b99a31a24653e6b4bcef9e02124ba776554854f,246241/4,114,55,4,,,,,,,,,0.0662229000008665,,,,,,,,,,,,,,True,0.0,0.0033309999998891726
345,5/4,RG-prune,0,ablation,FEASIBLE,True,pydantic-compact-100000,pydantic,compact,100000,100042,247817/4,0.8566624999984924,128458752,247817/4,,,,,,,,0.19216489999962505,0.10826989999986836,,,bef4b160bf19f6a37235c5166b99a31a24653e6b4bcef9e02124ba776554854f,246241/4,114,55,4,,,,,,,,,0.07918960000097286,,,,,,,,,,,,,,True,0.0,0.003915400000551017
346,5/4,RG-add,1,ablation,FEASIBLE,True,pydantic-compact-100000,pydantic,compact,100000,100042,247817/4,0.8390297000005376,130277376,247817/4,,,,,,,,0.1755345000019588,0.10740359999908833,,,bef4b160bf19f6a37235c5166b99a31a24653e6b4bcef9e02124ba776554854f,246241/4,114,55,4,,,,,,,,,0.0646390000001702,,,,,,,,,,,,,,True,0.0,0.0027067000009992626
347,5/4,RG-prune,1,ablation,FEASIBLE,True,pydantic-compact-100000,pydantic,compact,100000,100042,247817/4,0.8567652000019734,128155648,247817/4,,,,,,,,0.17784060000121826,0.10963280000214581,,,bef4b160bf19f6a37235c5166b99a31a24653e6b4bcef9e02124ba776554854f,246241/4,114,55,4,,,,,,,,,0.06446560000040336,,,,,,,,,,,,,,True,0.0,0.002839299999322975
348,5/4,A1,1,ablation,optimal_numerical,True,pydantic-compact-100000,pydantic,compact,100000,100042,247817/4,0.8466528000026301,130215936,247817/4,,,,,,,,0.1892679999982647,0.11120579999987967,0.0020827000007557217,0.006806900000810856,bef4b160bf19f6a37235c5166b99a31a24653e6b4bcef9e02124ba776554854f,246241/4,,55,4,,,,,,,,0.0003619999988586642,0.06522100000074715,100042,24650,21398,3251,2313,824,20456,21283,824,879,4,229,343,True,0.0,
349,5/4,RG-prune,2,ablation,FEASIBLE,True,pydantic-compact-100000,pydantic,compact,100000,100042,247817/4,0.8541759999970964,127787008,247817/4,,,,,,,,0.17793920000258368,0.10946060000060243,,,bef4b160bf19f6a37235c5166b99a31a24653e6b4bcef9e02124ba776554854f,246241/4,114,55,4,,,,,,,,,0.06502650000038557,,,,,,,,,,,,,,True,0.0,0.002606400001241127
350,5/4,A1,2,ablation,optimal_numerical,True,pydantic-compact-100000,pydantic,compact,100000,100042,247817/4,0.8509880999990855,129249280,247817/4,,,,,,,,0.18798429999878863,0.10658960000000661,0.0025200999989465345,0.008700999998836778,bef4b160bf19f6a37235c5166b99a31a24653e6b4bcef9e02124ba776554854f,246241/4,,55,4,,,,,,,,0.00033350000012433156,0.06646329999784939,100042,24650,21398,3251,2313,824,20456,21283,824,879,4,229,343,True,0.0,
351,5/4,RG-add,2,ablation,FEASIBLE,True,pydantic-compact-100000,pydantic,compact,100000,100042,247817/4,0.8404763999969873,126898176,247817/4,,,,,,,,0.17728100000022096,0.10896000000138883,,,bef4b160bf19f6a37235c5166b99a31a24653e6b4bcef9e02124ba776554854f,246241/4,114,55,4,,,,,,,,,0.06451240000023972,,,,,,,,,,,,,,True,0.0,0.002998300002218457
352,3/2,LP-on,0,LP,LP_OPTIMAL_NUMERICAL,True,pydantic-compact-100000,pydantic,compact,100000,100042,125093/2,0.7145297000024584,114999296,,0,62500.34027777778,361.84027777777777,0.5,0.0,True,,0.11672380000163685,0.10904459999801475,0.002554200000304263,0.004507699999521719,44e6942cda1f3c4c043bf539c4b7490c6824da68f10bfe2b199b6edfe2cc77fc,124277/2,114,55,4,46.15972222221899,0.07380064787353248,408.0,False,numeric_integer_optimum,46.15972222221899,11.313657407406614,,,,,,,,,,,,,,,,,,
353,3/2,LP-off,0,LP,LP_OPTIMAL_NUMERICAL,True,pydantic-compact-100000,pydantic,compact,100000,100042,125093/2,0.706915000002482,114667520,,0,62500.34027777778,361.84027777777777,0.5,0.0,True,,0.11262610000267159,0.10771000000022468,0.0019105999999737833,0.0023722000005363952,44e6942cda1f3c4c043bf539c4b7490c6824da68f10bfe2b199b6edfe2cc77fc,124277/2,114,55,4,46.15972222221899,0.07380064787353248,408.0,False,numeric_integer_optimum,46.15972222221899,11.313657407406614,,,,,,,,,,,,,,,,,,
354,3/2,A1,0,ablation,optimal_numerical,True,pydantic-compact-100000,pydantic,compact,100000,100042,125093/2,0.854083600002923,127836160,125093/2,,,,,,,,0.1892492000006314,0.11025180000069668,0.0021976999996695668,0.007413999999698717,44e6942cda1f3c4c043bf539c4b7490c6824da68f10bfe2b199b6edfe2cc77fc,124277/2,,55,4,,,,,,,,0.0003575000009732321,0.06547350000255392,100042,24650,21398,3251,2313,824,20456,21283,824,879,4,229,343,True,0.0,
355,3/2,RG-add,0,ablation,FEASIBLE,True,pydantic-compact-100000,pydantic,compact,100000,100042,125093/2,0.8411221999995178,127504384,125093/2,,,,,,,,0.18171799999981886,0.10810980000314885,,,44e6942cda1f3c4c043bf539c4b7490c6824da68f10bfe2b199b6edfe2cc77fc,124277/2,114,55,4,,,,,,,,,0.07021029999668826,,,,,,,,,,,,,,True,0.0,0.002582799999800045
356,3/2,RG-prune,0,ablation,FEASIBLE,True,pydantic-compact-100000,pydantic,compact,100000,100042,125093/2,0.8437370999999985,127627264,125093/2,,,,,,,,0.1809032000019215,0.10648290000244742,,,44e6942cda1f3c4c043bf539c4b7490c6824da68f10bfe2b199b6edfe2cc77fc,124277/2,114,55,4,,,,,,,,,0.07099809999999707,,,,,,,,,,,,,,True,0.0,0.002638400001160335
357,3/2,RG-add,1,ablation,FEASIBLE,True,pydantic-compact-100000,pydantic,compact,100000,100042,125093/2,0.8518857000017306,126775296,125093/2,,,,,,,,0.1817929999997432,0.1106803000002401,,,44e6942cda1f3c4c043bf539c4b7490c6824da68f10bfe2b199b6edfe2cc77fc,124277/2,114,55,4,,,,,,,,,0.06731589999981225,,,,,,,,,,,,,,True,0.0,0.0029964999994263053
358,3/2,RG-prune,1,ablation,FEASIBLE,True,pydantic-compact-100000,pydantic,compact,100000,100042,125093/2,0.8657363999991503,126373888,125093/2,,,,,,,,0.18164400000023306,0.1121290000010049,,,44e6942cda1f3c4c043bf539c4b7490c6824da68f10bfe2b199b6edfe2cc77fc,124277/2,114,55,4,,,,,,,,,0.06610219999856781,,,,,,,,,,,,,,True,0.0,0.002644799998961389
359,3/2,A1,1,ablation,optimal_numerical,True,pydantic-compact-100000,pydantic,compact,100000,100042,125093/2,0.8889331999998831,130232320,125093/2,,,,,,,,0.1914452999990317,0.10813319999942905,0.002381400001468137,0.008298000000650063,44e6942cda1f3c4c043bf539c4b7490c6824da68f10bfe2b199b6edfe2cc77fc,124277/2,,55,4,,,,,,,,0.00029859999995096587,0.06832189999840921,100042,24650,21398,3251,2313,824,20456,21283,824,879,4,229,343,True,0.0,
360,3/2,RG-prune,2,ablation,FEASIBLE,True,pydantic-compact-100000,pydantic,compact,100000,100042,125093/2,0.8448615999986941,127557632,125093/2,,,,,,,,0.18030450000151177,0.11093819999950938,,,44e6942cda1f3c4c043bf539c4b7490c6824da68f10bfe2b199b6edfe2cc77fc,124277/2,114,55,4,,,,,,,,,0.06596100000024308,,,,,,,,,,,,,,True,0.0,0.002628099999128608
361,3/2,A1,2,ablation,optimal_numerical,True,pydantic-compact-100000,pydantic,compact,100000,100042,125093/2,0.842955100000836,129093632,125093/2,,,,,,,,0.18564510000214796,0.10688659999868833,0.002062700001260964,0.009026299998367904,44e6942cda1f3c4c043bf539c4b7490c6824da68f10bfe2b199b6edfe2cc77fc,124277/2,,55,4,,,,,,,,0.00033690000054775737,0.06391710000025341,100042,24650,21398,3251,2313,824,20456,21283,824,879,4,229,343,True,0.0,
362,3/2,RG-add,2,ablation,FEASIBLE,True,pydantic-compact-100000,pydantic,compact,100000,100042,125093/2,0.8481668999993417,127287296,125093/2,,,,,,,,0.17838420000043698,0.10809620000145514,,,44e6942cda1f3c4c043bf539c4b7490c6824da68f10bfe2b199b6edfe2cc77fc,124277/2,114,55,4,,,,,,,,,0.06591740000294521,,,,,,,,,,,,,,True,0.0,0.0033432000018365216
363,2,LP-on,0,LP,LP_OPTIMAL_NUMERICAL,True,pydantic-compact-100000,pydantic,compact,100000,100042,63731,0.698363800001971,114798592,,0,63704.35,181.35,0.5,0.0,True,,0.12154539999755798,0.11324389999936102,0.001877700000477489,0.005513500000233762,46d1f75cdbfb7e1de917000f59613f712df8d57b411208b46e85bd5da0a23a05,63523,49,23,4,26.650000000001455,0.04181638449106628,208.0,False,numeric_integer_optimum,26.650000000001455,12.812500000000698,,,,,,,,,,,,,,,,,,
364,2,LP-off,0,LP,LP_OPTIMAL_NUMERICAL,True,pydantic-compact-100000,pydantic,compact,100000,100042,63731,0.7096870000023046,114061312,,0,63704.35,181.35,0.5,0.0,True,,0.11729829999967478,0.10836710000148742,0.00555490000260761,0.0027164999992237426,46d1f75cdbfb7e1de917000f59613f712df8d57b411208b46e85bd5da0a23a05,63523,49,23,4,26.650000000001455,0.04181638449106628,208.0,False,numeric_integer_optimum,26.650000000001455,12.812500000000698,,,,,,,,,,,,,,,,,,
365,2,A1,0,ablation,optimal_numerical,True,pydantic-compact-100000,pydantic,compact,100000,100042,63731,0.870346800002153,129810432,63731,,,,,,,,0.18863129999954253,0.10882750000018859,0.0053659999975934625,0.005461400000058347,46d1f75cdbfb7e1de917000f59613f712df8d57b411208b46e85bd5da0a23a05,63523,,23,4,,,,,,,,0.00022510000053443946,0.06536880000203382,100042,24650,21398,3251,2344,858,20487,21349,857,880,4,98,147,True,0.0,
366,2,RG-add,0,ablation,FEASIBLE,True,pydantic-compact-100000,pydantic,compact,100000,100042,63731,0.8505875999981072,126136320,63731,,,,,,,,0.18625839999731397,0.11728230000153417,,,46d1f75cdbfb7e1de917000f59613f712df8d57b411208b46e85bd5da0a23a05,63523,49,23,4,,,,,,,,,0.06585460000133025,,,,,,,,,,,,,,True,0.0,0.0022570000000996515
367,2,RG-prune,0,ablation,FEASIBLE,True,pydantic-compact-100000,pydantic,compact,100000,100042,63731,0.851852300002065,127488000,63731,,,,,,,,0.17926100000113365,0.10722650000025169,,,46d1f75cdbfb7e1de917000f59613f712df8d57b411208b46e85bd5da0a23a05,63523,49,23,4,,,,,,,,,0.06870909999997821,,,,,,,,,,,,,,True,0.0,0.0022456000006059185
368,2,RG-add,1,ablation,FEASIBLE,True,pydantic-compact-100000,pydantic,compact,100000,100042,63731,0.8408457999976235,126361600,63731,,,,,,,,0.1776408999976411,0.10948189999908209,,,46d1f75cdbfb7e1de917000f59613f712df8d57b411208b46e85bd5da0a23a05,63523,49,23,4,,,,,,,,,0.06535530000110157,,,,,,,,,,,,,,True,0.0,0.002021799999056384
369,2,RG-prune,1,ablation,FEASIBLE,True,pydantic-compact-100000,pydantic,compact,100000,100042,63731,0.8384562999999616,127365120,63731,,,,,,,,0.1756098000005295,0.10750410000036936,,,46d1f75cdbfb7e1de917000f59613f712df8d57b411208b46e85bd5da0a23a05,63523,49,23,4,,,,,,,,,0.06546370000069146,,,,,,,,,,,,,,True,0.0,0.0018643000003066845
370,2,A1,1,ablation,optimal_numerical,True,pydantic-compact-100000,pydantic,compact,100000,100042,63731,0.8516644999981509,131555328,63731,,,,,,,,0.1866413999996439,0.10734560000128113,0.0046469000008073635,0.005958099998679245,46d1f75cdbfb7e1de917000f59613f712df8d57b411208b46e85bd5da0a23a05,63523,,23,4,,,,,,,,0.00023639999926672317,0.0648235000007844,100042,24650,21398,3251,2344,858,20487,21349,857,880,4,98,147,True,0.0,
371,2,RG-prune,2,ablation,FEASIBLE,True,pydantic-compact-100000,pydantic,compact,100000,100042,63731,0.8373265000009269,127537152,63731,,,,,,,,0.1748501000001852,0.10822169999664766,,,46d1f75cdbfb7e1de917000f59613f712df8d57b411208b46e85bd5da0a23a05,63523,49,23,4,,,,,,,,,0.06402999999772874,,,,,,,,,,,,,,True,0.0,0.0018559999989520293
372,2,A1,2,ablation,optimal_numerical,True,pydantic-compact-100000,pydantic,compact,100000,100042,63731,0.8615123000017775,127152128,63731,,,,,,,,0.18333180000263383,0.1089088000007905,0.0018644999981916044,0.004326399997808039,46d1f75cdbfb7e1de917000f59613f712df8d57b411208b46e85bd5da0a23a05,63523,,23,4,,,,,,,,0.00021969999943394214,0.06447149999803514,100042,24650,21398,3251,2344,858,20487,21349,857,880,4,98,147,True,0.0,
373,2,RG-add,2,ablation,FEASIBLE,True,pydantic-compact-100000,pydantic,compact,100000,100042,63731,0.8393901999988884,127328256,63731,,,,,,,,0.17425099999672966,0.10723739999957616,,,46d1f75cdbfb7e1de917000f59613f712df8d57b411208b46e85bd5da0a23a05,63523,49,23,4,,,,,,,,,0.06407600000238745,,,,,,,,,,,,,,True,0.0,0.0021694999995816033
374,32,LP-on,0,LP,LP_OPTIMAL_NUMERICAL,True,pydantic-compact-100000,pydantic,compact,100000,100042,82260,0.7971916000024066,116912128,,0,82088.14314845104,5307.143148451039,0.5,0.0,True,,0.21918920000098296,0.21234689999982947,0.0027830000035464764,0.0033724000022630207,2b3753a513ab5ef23a27b49da97a0ee28a1a60e153aa8641ab302730917ed3fa,76781,72,15,23,171.85685154896055,0.20891909986501403,5479.0,False,numeric_integer_optimum,171.85685154896055,3.1366463140894427,,,,,,,,,,,,,,,,,,
375,32,LP-off,0,LP,LP_OPTIMAL_NUMERICAL,True,pydantic-compact-100000,pydantic,compact,100000,100042,82260,0.7943565999994462,115367936,,0,82088.14314845104,5307.143148451038,0.5,0.0,True,,0.21915609999996377,0.21093850000033854,0.002950599999167025,0.004596300001139753,2b3753a513ab5ef23a27b49da97a0ee28a1a60e153aa8641ab302730917ed3fa,76781,72,15,23,171.85685154896055,0.20891909986501403,5479.0,False,numeric_integer_optimum,171.85685154896055,3.1366463140894427,,,,,,,,,,,,,,,,,,
376,32,A1,0,ablation,optimal_numerical,True,pydantic-compact-100000,pydantic,compact,100000,100042,82260,1.0188780000025872,132120576,82260,,,,,,,,0.34241839999958756,0.2090903000025719,0.0026035999981104396,0.0127580999978818,2b3753a513ab5ef23a27b49da97a0ee28a1a60e153aa8641ab302730917ed3fa,76781,,15,23,,,,,,,,0.0008142000006046146,0.11364640000101645,100042,24650,21398,3251,183,2996,17159,20841,1822,1837,318,629,701,True,0.0,
377,32,RG-add,0,ablation,FEASIBLE,True,pydantic-compact-100000,pydantic,compact,100000,100042,82260,1.017606400000659,129257472,82262,,,,,,,,0.34567840000090655,0.2121264000015799,,,2b3753a513ab5ef23a27b49da97a0ee28a1a60e153aa8641ab302730917ed3fa,76781,72,15,23,,,,,,,,,0.12191119999988587,,,,,,,,,,,,,,True,0.0024313153415998056,0.010874100000364706
378,32,RG-prune,0,ablation,FEASIBLE,True,pydantic-compact-100000,pydantic,compact,100000,100042,82260,0.9978345000017725,129290240,82266,,,,,,,,0.3280936000010115,0.20821330000035232,,,2b3753a513ab5ef23a27b49da97a0ee28a1a60e153aa8641ab302730917ed3fa,76781,72,15,23,,,,,,,,,0.10725839999940945,,,,,,,,,,,,,,True,0.007293946024799416,0.011887200002092868
379,32,RG-add,1,ablation,FEASIBLE,True,pydantic-compact-100000,pydantic,compact,100000,100042,82260,0.9987685000014608,130015232,82262,,,,,,,,0.3266817000003357,0.20869849999871803,,,2b3753a513ab5ef23a27b49da97a0ee28a1a60e153aa8641ab302730917ed3fa,76781,72,15,23,,,,,,,,,0.10640669999702368,,,,,,,,,,,,,,True,0.0024313153415998056,0.010881299996981397
380,32,RG-prune,1,ablation,FEASIBLE,True,pydantic-compact-100000,pydantic,compact,100000,100042,82260,1.0093315000012808,129609728,82266,,,,,,,,0.3375181999981578,0.20923199999742792,,,2b3753a513ab5ef23a27b49da97a0ee28a1a60e153aa8641ab302730917ed3fa,76781,72,15,23,,,,,,,,,0.11557239999820013,,,,,,,,,,,,,,True,0.007293946024799416,0.01203220000024885
381,32,A1,1,ablation,optimal_numerical,True,pydantic-compact-100000,pydantic,compact,100000,100042,82260,1.0179461000006995,131473408,82260,,,,,,,,0.3434381000006397,0.20933400000285474,0.002615100002003601,0.011897100001078798,2b3753a513ab5ef23a27b49da97a0ee28a1a60e153aa8641ab302730917ed3fa,76781,,15,23,,,,,,,,0.0008305000010295771,0.11000469999999041,100042,24650,21398,3251,183,2996,17159,20841,1822,1837,318,629,701,True,0.0,
382,32,RG-prune,2,ablation,FEASIBLE,True,pydantic-compact-100000,pydantic,compact,100000,100042,82260,1.054520699999557,129880064,82266,,,,,,,,0.33430150000276626,0.2127065999993647,,,2b3753a513ab5ef23a27b49da97a0ee28a1a60e153aa8641ab302730917ed3fa,76781,72,15,23,,,,,,,,,0.10899699999936274,,,,,,,,,,,,,,True,0.007293946024799416,0.011878599998453865
383,32,A1,2,ablation,optimal_numerical,True,pydantic-compact-100000,pydantic,compact,100000,100042,82260,1.027095299999928,131641344,82260,,,,,,,,0.34205130000191275,0.20904040000095847,0.0027985999986412935,0.011669700001220917,2b3753a513ab5ef23a27b49da97a0ee28a1a60e153aa8641ab302730917ed3fa,76781,,15,23,,,,,,,,0.0007990999984031077,0.11384449999968638,100042,24650,21398,3251,183,2996,17159,20841,1822,1837,318,629,701,True,0.0,
384,32,RG-add,2,ablation,FEASIBLE,True,pydantic-compact-100000,pydantic,compact,100000,100042,82260,1.04707419999977,129536000,82262,,,,,,,,0.34095069999966654,0.21662210000067716,,,2b3753a513ab5ef23a27b49da97a0ee28a1a60e153aa8641ab302730917ed3fa,76781,72,15,23,,,,,,,,,0.11305980000179261,,,,,,,,,,,,,,True,0.0024313153415998056,0.01056100000278093
385,11/10,LP-on,0,LP,LP_OPTIMAL_NUMERICAL,True,pydantic-compact-1000000,pydantic,compact,1000000,366328,1937137/10,1.861685400002898,233209856,,0,193557.7905496138,849.6905496137849,0.5,0.0,True,,0.4656724000014947,0.4572991999993974,0.003472299998975359,0.004243100000167033,8226f0934ff9edaa856fc5212df2fd6c372db1b6599c2c7d7be9d49839994cf1,1927081/10,298,143,4,155.9094503862143,0.0804844729031629,1005.6,False,numeric_integer_optimum,155.9094503862143,15.504121955669682,,,,,,,,,,,,,,,,,,
386,11/10,LP-off,0,LP,LP_OPTIMAL_NUMERICAL,True,pydantic-compact-1000000,pydantic,compact,1000000,366328,1937137/10,1.8309333999968658,234319872,,0,193557.7905496138,849.6905496137848,0.5,0.0,True,,0.46307830000296235,0.45321340000009513,0.005394700001488673,0.0038018000013835263,8226f0934ff9edaa856fc5212df2fd6c372db1b6599c2c7d7be9d49839994cf1,1927081/10,298,143,4,155.9094503862143,0.0804844729031629,1005.6,False,numeric_integer_optimum,155.9094503862143,15.504121955669682,,,,,,,,,,,,,,,,,,
387,11/10,A1,0,ablation,optimal_numerical,True,pydantic-compact-1000000,pydantic,compact,1000000,366328,1937137/10,2.5938843000003544,256368640,1937137/10,,,,,,,,0.9352338999997301,0.4573615000008431,0.0027835000000777654,0.011850900002173148,8226f0934ff9edaa856fc5212df2fd6c372db1b6599c2c7d7be9d49839994cf1,1927081/10,,143,4,,,,,,,,0.0007139000008464791,0.4554907000019739,366328,72432,64637,10045,7821,1926,62396,64334,1922,2065,4,601,899,True,0.0,
388,11/10,RG-add,0,ablation,FEASIBLE,True,pydantic-compact-1000000,pydantic,compact,1000000,366328,1937137/10,2.568668700001581,256311296,968573/5,,,,,,,,0.9148079000005964,0.45157239999753074,,,8226f0934ff9edaa856fc5212df2fd6c372db1b6599c2c7d7be9d49839994cf1,1927081/10,298,143,4,,,,,,,,,0.45662139999694773,,,,,,,,,,,,,,True,0.0004646031746851152,0.005418599997938145
389,11/10,RG-prune,0,ablation,FEASIBLE,True,pydantic-compact-1000000,pydantic,compact,1000000,366328,1937137/10,2.554885000001377,258113536,968569/5,,,,,,,,0.9083835999990697,0.45005680000031134,,,8226f0934ff9edaa856fc5212df2fd6c372db1b6599c2c7d7be9d49839994cf1,1927081/10,298,143,4,,,,,,,,,0.4518060999980662,,,,,,,,,,,,,,True,5.1622574965012804e-05,0.005288300002575852
390,11/10,RG-add,1,ablation,FEASIBLE,True,pydantic-compact-1000000,pydantic,compact,1000000,366328,1937137/10,2.552630300000601,261980160,968573/5,,,,,,,,0.908887000001414,0.4521564999995462,,,8226f0934ff9edaa856fc5212df2fd6c372db1b6599c2c7d7be9d49839994cf1,1927081/10,298,143,4,,,,,,,,,0.45036030000119354,,,,,,,,,,,,,,True,0.0004646031746851152,0.005091200000606477
391,11/10,RG-prune,1,ablation,FEASIBLE,True,pydantic-compact-1000000,pydantic,compact,1000000,366328,1937137/10,2.5501116999985243,257675264,968569/5,,,,,,,,0.9111911999971198,0.4505511999996088,,,8226f0934ff9edaa856fc5212df2fd6c372db1b6599c2c7d7be9d49839994cf1,1927081/10,298,143,4,,,,,,,,,0.45167720000245026,,,,,,,,,,,,,,True,5.1622574965012804e-05,0.007763199999317294
392,11/10,A1,1,ablation,optimal_numerical,True,pydantic-compact-1000000,pydantic,compact,1000000,366328,1937137/10,2.581511500000488,256671744,1937137/10,,,,,,,,0.931262300000526,0.4545152999999118,0.00286229999983334,0.012628299999050796,8226f0934ff9edaa856fc5212df2fd6c372db1b6599c2c7d7be9d49839994cf1,1927081/10,,143,4,,,,,,,,0.000705400001606904,0.45371549999981653,366328,72432,64637,10045,7821,1926,62396,64334,1922,2065,4,601,899,True,0.0,
393,11/10,RG-prune,2,ablation,FEASIBLE,True,pydantic-compact-1000000,pydantic,compact,1000000,366328,1937137/10,2.565078999999969,256561152,968569/5,,,,,,,,0.9085881999999401,0.4491782000004605,,,8226f0934ff9edaa856fc5212df2fd6c372db1b6599c2c7d7be9d49839994cf1,1927081/10,298,143,4,,,,,,,,,0.4525826000026427,,,,,,,,,,,,,,True,5.1622574965012804e-05,0.005630799998471048
394,11/10,A1,2,ablation,optimal_numerical,True,pydantic-compact-1000000,pydantic,compact,1000000,366328,1937137/10,2.5758084999979474,261128192,1937137/10,,,,,,,,0.9259859000012511,0.4516559000003326,0.0033333999999740627,0.01243370000156574,8226f0934ff9edaa856fc5212df2fd6c372db1b6599c2c7d7be9d49839994cf1,1927081/10,,143,4,,,,,,,,0.0007562999999208841,0.45083489999888116,366328,72432,64637,10045,7821,1926,62396,64334,1922,2065,4,601,899,True,0.0,
395,11/10,RG-add,2,ablation,FEASIBLE,True,pydantic-compact-1000000,pydantic,compact,1000000,366328,1937137/10,2.583949099996971,257966080,968573/5,,,,,,,,0.9242803000015556,0.4525229999999283,,,8226f0934ff9edaa856fc5212df2fd6c372db1b6599c2c7d7be9d49839994cf1,1927081/10,298,143,4,,,,,,,,,0.4647447999996075,,,,,,,,,,,,,,True,0.0004646031746851152,0.005698900000425056
396,5/4,LP-on,0,LP,LP_OPTIMAL_NUMERICAL,True,pydantic-compact-1000000,pydantic,compact,1000000,366328,779635/4,1.8202716000014334,234295296,,0,194752.7755888719,871.5255888719123,0.5,0.0,True,,0.46062130000063917,0.45157079999989946,0.0030801000029896386,0.0052843999983451795,6c0a4205ed277a1bc899d6fedf830fdb6edecc28cd8eeb1121695faa5e389e4d,775525/4,298,143,4,155.97441112808883,0.08002432478177036,1027.5,False,numeric_integer_optimum,155.97441112808883,15.179991350665581,,,,,,,,,,,,,,,,,,
397,5/4,LP-off,0,LP,LP_OPTIMAL_NUMERICAL,True,pydantic-compact-1000000,pydantic,compact,1000000,366328,779635/4,1.827492100001109,231272448,,0,194752.7755888719,871.5255888719123,0.5,0.0,True,,0.4610690999979852,0.45430990000022575,0.0027573000006668735,0.003276300001743948,6c0a4205ed277a1bc899d6fedf830fdb6edecc28cd8eeb1121695faa5e389e4d,775525/4,298,143,4,155.97441112808883,0.08002432478177036,1027.5,False,numeric_integer_optimum,155.97441112808883,15.179991350665581,,,,,,,,,,,,,,,,,,
398,5/4,A1,0,ablation,optimal_numerical,True,pydantic-compact-1000000,pydantic,compact,1000000,366328,779635/4,2.5824379999976372,257671168,779635/4,,,,,,,,0.9288811999977042,0.45161129999905825,0.002894099998229649,0.011781699999119155,6c0a4205ed277a1bc899d6fedf830fdb6edecc28cd8eeb1121695faa5e389e4d,775525/4,,143,4,,,,,,,,0.0007427999989886303,0.4548800999982632,366328,72432,64637,10045,7821,1926,62396,64334,1922,2065,4,601,899,True,0.0,
399,5/4,RG-add,0,ablation,FEASIBLE,True,pydantic-compact-1000000,pydantic,compact,1000000,366328,779635/4,2.561232200001541,262098944,389819/2,,,,,,,,0.9106772000013734,0.4533735999975761,,,6c0a4205ed277a1bc899d6fedf830fdb6edecc28cd8eeb1121695faa5e389e4d,775525/4,298,143,4,,,,,,,,,0.4510177999982261,,,,,,,,,,,,,,True,0.00038479544915248805,0.005073700001958059
400,5/4,RG-prune,0,ablation,FEASIBLE,True,pydantic-compact-1000000,pydantic,compact,1000000,366328,779635/4,2.5674955999966187,257114112,194909,,,,,,,,0.9138519000007364,0.45369639999989886,,,6c0a4205ed277a1bc899d6fedf830fdb6edecc28cd8eeb1121695faa5e389e4d,775525/4,298,143,4,,,,,,,,,0.45348680000097374,,,,,,,,,,,,,,True,0.00012826514971749602,0.00520920000053593
401,5/4,RG-add,1,ablation,FEASIBLE,True,pydantic-compact-1000000,pydantic,compact,1000000,366328,779635/4,2.5905856999997923,263090176,389819/2,,,,,,,,0.9517548000003444,0.452513899999758,,,6c0a4205ed277a1bc899d6fedf830fdb6edecc28cd8eeb1121695faa5e389e4d,775525/4,298,143,4,,,,,,,,,0.4929603999989922,,,,,,,,,,,,,,True,0.00038479544915248805,0.005075699998997152
402,5/4,RG-prune,1,ablation,FEASIBLE,True,pydantic-compact-1000000,pydantic,compact,1000000,366328,779635/4,2.5576338000028045,257310720,194909,,,,,,,,0.9089806000010867,0.4514850000014121,,,6c0a4205ed277a1bc899d6fedf830fdb6edecc28cd8eeb1121695faa5e389e4d,775525/4,298,143,4,,,,,,,,,0.45088029999897117,,,,,,,,,,,,,,True,0.00012826514971749602,0.0053568000002997
403,5/4,A1,1,ablation,optimal_numerical,True,pydantic-compact-1000000,pydantic,compact,1000000,366328,779635/4,2.571702400000504,257318912,779635/4,,,,,,,,0.9301550999989558,0.4508982000006654,0.002788899997540284,0.01143459999730112,6c0a4205ed277a1bc899d6fedf830fdb6edecc28cd8eeb1121695faa5e389e4d,775525/4,,143,4,,,,,,,,0.0007122999995772261,0.4545962000011059,366328,72432,64637,10045,7821,1926,62396,64334,1922,2065,4,601,899,True,0.0,
404,5/4,RG-prune,2,ablation,FEASIBLE,True,pydantic-compact-1000000,pydantic,compact,1000000,366328,779635/4,2.555403099999239,260325376,194909,,,,,,,,0.9147090999977081,0.45102810000025784,,,6c0a4205ed277a1bc899d6fedf830fdb6edecc28cd8eeb1121695faa5e389e4d,775525/4,298,143,4,,,,,,,,,0.4572779000009177,,,,,,,,,,,,,,True,0.00012826514971749602,0.005236900000454625
405,5/4,A1,2,ablation,optimal_numerical,True,pydantic-compact-1000000,pydantic,compact,1000000,366328,779635/4,2.5942859000024328,257105920,779635/4,,,,,,,,0.9310181000000739,0.45678550000229734,0.002914000000600936,0.012776499999745283,6c0a4205ed277a1bc899d6fedf830fdb6edecc28cd8eeb1121695faa5e389e4d,775525/4,,143,4,,,,,,,,0.0007015999981376808,0.4508593999998993,366328,72432,64637,10045,7821,1926,62396,64334,1922,2065,4,601,899,True,0.0,
406,5/4,RG-add,2,ablation,FEASIBLE,True,pydantic-compact-1000000,pydantic,compact,1000000,366328,779635/4,2.570058200002677,257105920,389819/2,,,,,,,,0.9123417999981029,0.4527373000018997,,,6c0a4205ed277a1bc899d6fedf830fdb6edecc28cd8eeb1121695faa5e389e4d,775525/4,298,143,4,,,,,,,,,0.45317749999958323,,,,,,,,,,,,,,True,0.00038479544915248805,0.005216699999436969
407,3/2,LP-on,0,LP,LP_OPTIMAL_NUMERICAL,True,pydantic-compact-1000000,pydantic,compact,1000000,366328,393801/2,1.824524499999825,234213376,,0,196744.4173209688,907.9173209687915,0.5,0.0,True,,0.45841030000156024,0.4505423000009614,0.002963599999930011,0.004075100001500687,a9ebc1a6ba4cda963f3677726568cae0ac613f9625e4bc619c330b5c0857b077,391673/2,298,143,4,156.08267903121305,0.07926982360695531,1064.0,False,numeric_integer_optimum,156.08267903121305,14.669424720978668,,,,,,,,,,,,,,,,,,
408,3/2,LP-off,0,LP,LP_OPTIMAL_NUMERICAL,True,pydantic-compact-1000000,pydantic,compact,1000000,366328,393801/2,1.8450326999991375,234319872,,0,196744.4173209688,907.9173209687915,0.5,0.0,True,,0.458254000001034,0.45152620000226307,0.002857100000255741,0.003229599999031052,a9ebc1a6ba4cda963f3677726568cae0ac613f9625e4bc619c330b5c0857b077,391673/2,298,143,4,156.08267903121305,0.07926982360695531,1064.0,False,numeric_integer_optimum,156.08267903121305,14.669424720978668,,,,,,,,,,,,,,,,,,
409,3/2,A1,0,ablation,optimal_numerical,True,pydantic-compact-1000000,pydantic,compact,1000000,366328,393801/2,2.5714832000012393,262733824,393801/2,,,,,,,,0.9238962999988871,0.4524258999990707,0.0027816000001621433,0.011539800001628464,a9ebc1a6ba4cda963f3677726568cae0ac613f9625e4bc619c330b5c0857b077,391673/2,,143,4,,,,,,,,0.0006826999997429084,0.44929810000030557,366328,72432,64637,10045,7821,1926,62396,64334,1922,2065,4,601,899,True,0.0,
410,3/2,RG-add,0,ablation,FEASIBLE,True,pydantic-compact-1000000,pydantic,compact,1000000,366328,393801/2,2.567215099999885,257409024,196901,,,,,,,,0.9114464999984193,0.4531213000009302,,,a9ebc1a6ba4cda963f3677726568cae0ac613f9625e4bc619c330b5c0857b077,391673/2,298,143,4,,,,,,,,,0.4519010000003618,,,,,,,,,,,,,,True,0.00025393536329262754,0.005149700002220925
411,3/2,RG-prune,0,ablation,FEASIBLE,True,pydantic-compact-1000000,pydantic,compact,1000000,366328,393801/2,2.5549218999985897,256131072,196901,,,,,,,,0.9125820999979624,0.45394519999899785,,,a9ebc1a6ba4cda963f3677726568cae0ac613f9625e4bc619c330b5c0857b077,391673/2,298,143,4,,,,,,,,,0.4522240000005695,,,,,,,,,,,,,,True,0.00025393536329262754,0.005235900000116089
412,3/2,RG-add,1,ablation,FEASIBLE,True,pydantic-compact-1000000,pydantic,compact,1000000,366328,393801/2,2.5644666999978654,260481024,196901,,,,,,,,0.9158076999992772,0.4529383000008238,,,a9ebc1a6ba4cda963f3677726568cae0ac613f9625e4bc619c330b5c0857b077,391673/2,298,143,4,,,,,,,,,0.45648919999803184,,,,,,,,,,,,,,True,0.00025393536329262754,0.0051342000006115995
413,3/2,RG-prune,1,ablation,FEASIBLE,True,pydantic-compact-1000000,pydantic,compact,1000000,366328,393801/2,2.5588025999968522,260456448,196901,,,,,,,,0.9133576999993238,0.4502032999989751,,,a9ebc1a6ba4cda963f3677726568cae0ac613f9625e4bc619c330b5c0857b077,391673/2,298,143,4,,,,,,,,,0.4565328999997291,,,,,,,,,,,,,,True,0.00025393536329262754,0.005303099998855032
414,3/2,A1,1,ablation,optimal_numerical,True,pydantic-compact-1000000,pydantic,compact,1000000,366328,393801/2,2.599772599998687,262328320,393801/2,,,,,,,,0.9282249999996566,0.45260140000027604,0.0027936000005865935,0.011959199997363612,a9ebc1a6ba4cda963f3677726568cae0ac613f9625e4bc619c330b5c0857b077,391673/2,,143,4,,,,,,,,0.0007267000000865664,0.45191109999723267,366328,72432,64637,10045,7821,1926,62396,64334,1922,2065,4,601,899,True,0.0,
415,3/2,RG-prune,2,ablation,FEASIBLE,True,pydantic-compact-1000000,pydantic,compact,1000000,366328,393801/2,2.563320499997644,257085440,196901,,,,,,,,0.9142778999994334,0.4534554999991087,,,a9ebc1a6ba4cda963f3677726568cae0ac613f9625e4bc619c330b5c0857b077,391673/2,298,143,4,,,,,,,,,0.4543383000018366,,,,,,,,,,,,,,True,0.00025393536329262754,0.0052680000007967465
416,3/2,A1,2,ablation,optimal_numerical,True,pydantic-compact-1000000,pydantic,compact,1000000,366328,393801/2,2.5801800999979605,271777792,393801/2,,,,,,,,0.9363830000002054,0.45513759999812464,0.003145099999528611,0.01169590000063181,a9ebc1a6ba4cda963f3677726568cae0ac613f9625e4bc619c330b5c0857b077,391673/2,,143,4,,,,,,,,0.0006831000027887058,0.4583530999989307,366328,72432,64637,10045,7821,1926,62396,64334,1922,2065,4,601,899,True,0.0,
417,3/2,RG-add,2,ablation,FEASIBLE,True,pydantic-compact-1000000,pydantic,compact,1000000,366328,393801/2,2.5631181000026118,258371584,196901,,,,,,,,0.9114517999987584,0.45067289999860805,,,a9ebc1a6ba4cda963f3677726568cae0ac613f9625e4bc619c330b5c0857b077,391673/2,298,143,4,,,,,,,,,0.4544571000005817,,,,,,,,,,,,,,True,0.00025393536329262754,0.00514149999798974
418,2,LP-on,0,LP,LP_OPTIMAL_NUMERICAL,True,pydantic-compact-1000000,pydantic,compact,1000000,366328,200884,1.8150906000009854,234065920,,0,200798.24245182922,427.2424518292165,0.5,0.0,True,,0.45878409999932046,0.4515398000003188,0.002403700000286335,0.004211999999824911,ba936363f9c1b67fdf72484b300512a16f235ea72a2e1a8bb1ad78176994cc0c,200371,120,57,3,85.75754817077541,0.04269008391448568,513.0,False,numeric_integer_optimum,85.75754817077541,16.716870988455245,,,,,,,,,,,,,,,,,,
419,2,LP-off,0,LP,LP_OPTIMAL_NUMERICAL,True,pydantic-compact-1000000,pydantic,compact,1000000,366328,200884,1.8275383999971382,233787392,,0,200798.24245182922,427.2424518292165,0.5,0.0,True,,0.45995440000115195,0.45427529999869876,0.0021912999982305337,0.002698299998883158,ba936363f9c1b67fdf72484b300512a16f235ea72a2e1a8bb1ad78176994cc0c,200371,120,57,3,85.75754817077541,0.04269008391448568,513.0,False,numeric_integer_optimum,85.75754817077541,16.716870988455245,,,,,,,,,,,,,,,,,,
420,2,A1,0,ablation,optimal_numerical,True,pydantic-compact-1000000,pydantic,compact,1000000,366328,200884,2.5632836999975552,256233472,200884,,,,,,,,0.9156165000022156,0.45008799999777693,0.002248400000098627,0.006977699998969911,ba936363f9c1b67fdf72484b300512a16f235ea72a2e1a8bb1ad78176994cc0c,200371,,57,3,,,,,,,,0.000396399998862762,0.448797500001092,366328,72432,64637,10045,7906,2019,62481,64514,2012,2069,3,243,363,True,0.0,
421,2,RG-add,0,ablation,FEASIBLE,True,pydantic-compact-1000000,pydantic,compact,1000000,366328,200884,2.573206500001106,256606208,200884,,,,,,,,0.9113059000010253,0.45487710000088555,,,ba936363f9c1b67fdf72484b300512a16f235ea72a2e1a8bb1ad78176994cc0c,200371,120,57,3,,,,,,,,,0.4523795999994036,,,,,,,,,,,,,,True,0.0,0.002913999996962957
422,2,RG-prune,0,ablation,FEASIBLE,True,pydantic-compact-1000000,pydantic,compact,1000000,366328,200884,2.560067700000218,259321856,200884,,,,,,,,0.9094398999986879,0.4511332999973092,,,ba936363f9c1b67fdf72484b300512a16f235ea72a2e1a8bb1ad78176994cc0c,200371,120,57,3,,,,,,,,,0.45413590000316617,,,,,,,,,,,,,,True,0.0,0.0029811999993398786
423,2,RG-add,1,ablation,FEASIBLE,True,pydantic-compact-1000000,pydantic,compact,1000000,366328,200884,2.5148597999977937,256684032,200884,,,,,,,,0.8993085000001884,0.44691649999731453,,,ba936363f9c1b67fdf72484b300512a16f235ea72a2e1a8bb1ad78176994cc0c,200371,120,57,3,,,,,,,,,0.4489294000013615,,,,,,,,,,,,,,True,0.0,0.002532200000132434
424,2,RG-prune,1,ablation,FEASIBLE,True,pydantic-compact-1000000,pydantic,compact,1000000,366328,200884,2.5627881000000343,256741376,200884,,,,,,,,0.910339699999895,0.4520465999994485,,,ba936363f9c1b67fdf72484b300512a16f235ea72a2e1a8bb1ad78176994cc0c,200371,120,57,3,,,,,,,,,0.45424800000182586,,,,,,,,,,,,,,True,0.0,0.002914000000600936
425,2,A1,1,ablation,optimal_numerical,True,pydantic-compact-1000000,pydantic,compact,1000000,366328,200884,2.563037500000064,258207744,200884,,,,,,,,0.921799199997622,0.453110900001775,0.0022699999972246587,0.007049300002108794,ba936363f9c1b67fdf72484b300512a16f235ea72a2e1a8bb1ad78176994cc0c,200371,,57,3,,,,,,,,0.0004090000002179295,0.45115870000154246,366328,72432,64637,10045,7906,2019,62481,64514,2012,2069,3,243,363,True,0.0,
426,2,RG-prune,2,ablation,FEASIBLE,True,pydantic-compact-1000000,pydantic,compact,1000000,366328,200884,2.5552972000004956,262893568,200884,,,,,,,,0.9080988999994588,0.4504873999976553,,,ba936363f9c1b67fdf72484b300512a16f235ea72a2e1a8bb1ad78176994cc0c,200371,120,57,3,,,,,,,,,0.4536013999968418,,,,,,,,,,,,,,True,0.0,0.0028841999992437195
427,2,A1,2,ablation,optimal_numerical,True,pydantic-compact-1000000,pydantic,compact,1000000,366328,200884,2.568600799997512,261918720,200884,,,,,,,,0.9181810000009136,0.4516842999983055,0.0021678999983123504,0.00564969999686582,ba936363f9c1b67fdf72484b300512a16f235ea72a2e1a8bb1ad78176994cc0c,200371,,57,3,,,,,,,,0.0003939000016544014,0.4512713000003714,366328,72432,64637,10045,7906,2019,62481,64514,2012,2069,3,243,363,True,0.0,
428,2,RG-add,2,ablation,FEASIBLE,True,pydantic-compact-1000000,pydantic,compact,1000000,366328,200884,2.5534606000001077,257552384,200884,,,,,,,,0.910599099999672,0.44985969999834197,,,ba936363f9c1b67fdf72484b300512a16f235ea72a2e1a8bb1ad78176994cc0c,200371,120,57,3,,,,,,,,,0.45383989999754704,,,,,,,,,,,,,,True,0.0,0.0057776000030571595
429,32,LP-on,0,LP,LP_OPTIMAL_NUMERICAL,True,pydantic-compact-1000000,pydantic,compact,1000000,366328,271102,2.3500303000000713,229761024,,0,269908.02676957735,29163.02676957735,0.5,0.0,True,,0.988188800001808,0.9702034000001731,0.008573900002375012,0.00842929999998887,470bc14dcb57971504fe5ced448174b0bedf43c920af36de12a9121c54d6f3f0,240745,375,86,43,1193.973230422649,0.4404147628651389,30357.0,False,numeric_integer_optimum,1193.973230422649,3.933106797188948,,,,,,,,,,,,,,,,,,
430,32,LP-off,0,LP,LP_OPTIMAL_NUMERICAL,True,pydantic-compact-1000000,pydantic,compact,1000000,366328,271102,2.3665221000010206,230494208,,0,269908.02676957735,29163.02676957735,0.5,0.0,True,,0.9958135999986553,0.9696863000026497,0.008281400001578731,0.016911699996853713,470bc14dcb57971504fe5ced448174b0bedf43c920af36de12a9121c54d6f3f0,240745,375,86,43,1193.973230422649,0.4404147628651389,30357.0,False,numeric_integer_optimum,1193.973230422649,3.933106797188948,,,,,,,,,,,,,,,,,,
431,32,A1,0,ablation,optimal_numerical,True,pydantic-compact-1000000,pydantic,compact,1000000,366328,271102,3.262290500002564,274477056,271102,,,,,,,,1.5783845000005385,0.9702760000000126,0.00872929999968619,0.08126489999995101,470bc14dcb57971504fe5ced448174b0bedf43c920af36de12a9121c54d6f3f0,240745,,86,43,,,,,,,,0.005078999998659128,0.5029385999987426,366328,72432,64637,10045,744,8926,50386,61377,4824,4910,788,3635,4010,True,0.0,
432,32,RG-add,0,ablation,FEASIBLE,True,pydantic-compact-1000000,pydantic,compact,1000000,366328,271102,3.2689586999986204,281538560,271116,,,,,,,,1.5542329000018071,0.9730762000035611,,,470bc14dcb57971504fe5ced448174b0bedf43c920af36de12a9121c54d6f3f0,240745,375,86,43,,,,,,,,,0.5063023000002431,,,,,,,,,,,,,,True,0.005164107974120442,0.07383870000194293
433,32,RG-prune,0,ablation,FEASIBLE,True,pydantic-compact-1000000,pydantic,compact,1000000,366328,271102,3.228469199999381,267333632,271179,,,,,,,,1.5392674999966403,0.9680338999969536,,,470bc14dcb57971504fe5ced448174b0bedf43c920af36de12a9121c54d6f3f0,240745,375,86,43,,,,,,,,,0.48062339999887627,,,,,,,,,,,,,,True,0.028402593857662427,0.08953449999899021
434,32,RG-add,1,ablation,FEASIBLE,True,pydantic-compact-1000000,pydantic,compact,1000000,366328,271102,3.2637248000028194,268935168,271116,,,,,,,,1.541000900000654,0.970188600000256,,,470bc14dcb57971504fe5ced448174b0bedf43c920af36de12a9121c54d6f3f0,240745,375,86,43,,,,,,,,,0.49637240000083693,,,,,,,,,,,,,,True,0.005164107974120442,0.0734085000003688
435,32,RG-prune,1,ablation,FEASIBLE,True,pydantic-compact-1000000,pydantic,compact,1000000,366328,271102,3.297331400000985,267612160,271179,,,,,,,,1.5478489000015543,0.9724820999981603,,,470bc14dcb57971504fe5ced448174b0bedf43c920af36de12a9121c54d6f3f0,240745,375,86,43,,,,,,,,,0.48271529999692575,,,,,,,,,,,,,,True,0.028402593857662427,0.09162039999864646
436,32,A1,1,ablation,optimal_numerical,True,pydantic-compact-1000000,pydantic,compact,1000000,366328,271102,3.2487553999999363,268619776,271102,,,,,,,,1.5481046000022616,0.9728215999966778,0.008380399998713983,0.07764920000045095,470bc14dcb57971504fe5ced448174b0bedf43c920af36de12a9121c54d6f3f0,240745,,86,43,,,,,,,,0.004675900003348943,0.4768848000021535,366328,72432,64637,10045,744,8926,50386,61377,4824,4910,788,3635,4010,True,0.0,
437,32,RG-prune,2,ablation,FEASIBLE,True,pydantic-compact-1000000,pydantic,compact,1000000,366328,271102,3.215406699997402,265994240,271179,,,,,,,,1.5374770000016724,0.9727467000011529,,,470bc14dcb57971504fe5ced448174b0bedf43c920af36de12a9121c54d6f3f0,240745,375,86,43,,,,,,,,,0.47317589999875054,,,,,,,,,,,,,,True,0.028402593857662427,0.09049319999758154
438,32,A1,2,ablation,optimal_numerical,True,pydantic-compact-1000000,pydantic,compact,1000000,366328,271102,3.279713299998548,272142336,271102,,,,,,,,1.5562198000006902,0.9747697999991942,0.008298000000650063,0.07606429999941611,470bc14dcb57971504fe5ced448174b0bedf43c920af36de12a9121c54d6f3f0,240745,,86,43,,,,,,,,0.0046958999992057215,0.48475039999902947,366328,72432,64637,10045,744,8926,50386,61377,4824,4910,788,3635,4010,True,0.0,
439,32,RG-add,2,ablation,FEASIBLE,True,pydantic-compact-1000000,pydantic,compact,1000000,366328,271102,3.2165018999985477,269697024,271116,,,,,,,,1.509945500001777,0.9643267999999807,,,470bc14dcb57971504fe5ced448174b0bedf43c920af36de12a9121c54d6f3f0,240745,375,86,43,,,,,,,,,0.4721583999998984,,,,,,,,,,,,,,True,0.005164107974120442,0.07246649999797228
440,11/10,LP-on,0,LP,LP_OPTIMAL_NUMERICAL,True,pydantic-fielded-100000,pydantic,fielded,100000,106808,493099/10,0.7534762999966915,116727808,,0,49241.66576232978,308.7657623297755,0.5,0.0,True,,0.10581380000076024,0.09792450000168174,0.0024252000002888963,0.004802100000233622,61ff84ddfc8ec1f323a4ee6dce8ba7e1dabb4ad82fb326d56c7aa3308d43e099,489329/10,122,41,4,68.23423767022177,0.1383783736536107,377.0,False,numeric_integer_optimum,68.23423767022177,18.099267286530974,,,,,,,,,,,,,,,,,,
441,11/10,LP-off,0,LP,LP_OPTIMAL_NUMERICAL,True,pydantic-fielded-100000,pydantic,fielded,100000,106808,493099/10,0.6929468000016641,116350976,,0,49241.66576232978,308.7657623297755,0.5,0.0,True,,0.10778850000133389,0.10156849999839324,0.0024538999969081488,0.0031406999987666495,61ff84ddfc8ec1f323a4ee6dce8ba7e1dabb4ad82fb326d56c7aa3308d43e099,489329/10,122,41,4,68.23423767022177,0.1383783736536107,377.0,False,numeric_integer_optimum,68.23423767022177,18.099267286530974,,,,,,,,,,,,,,,,,,
442,11/10,A1,0,ablation,optimal_numerical,True,pydantic-fielded-100000,pydantic,fielded,100000,106808,493099/10,0.844886699997005,129748992,493099/10,,,,,,,,0.1767150000014226,0.09831599999961327,0.0019513000006554648,0.008875999999872874,61ff84ddfc8ec1f323a4ee6dce8ba7e1dabb4ad82fb326d56c7aa3308d43e099,489329/10,,41,4,,,,,,,,0.00029510000240406953,0.063641100001405,106808,25891,23855,3131,2179,830,22844,23720,827,868,5,257,379,True,0.0,
443,11/10,RG-add,0,ablation,FEASIBLE,True,pydantic-fielded-100000,pydantic,fielded,100000,106808,493099/10,0.8274711000012758,128634880,493153/10,,,,,,,,0.16304909999962547,0.09897810000256868,,,61ff84ddfc8ec1f323a4ee6dce8ba7e1dabb4ad82fb326d56c7aa3308d43e099,489329/10,122,41,4,,,,,,,,,0.06059409999943455,,,,,,,,,,,,,,True,0.010951147741122979,0.0025918999999703374
444,11/10,RG-prune,0,ablation,FEASIBLE,True,pydantic-fielded-100000,pydantic,fielded,100000,106808,493099/10,0.827956200002518,128163840,493099/10,,,,,,,,0.17086310000013327,0.10124279999945429,,,61ff84ddfc8ec1f323a4ee6dce8ba7e1dabb4ad82fb326d56c7aa3308d43e099,489329/10,122,41,4,,,,,,,,,0.06597289999990608,,,,,,,,,,,,,,True,0.0,0.002886199999920791
445,11/10,RG-add,1,ablation,FEASIBLE,True,pydantic-fielded-100000,pydantic,fielded,100000,106808,493099/10,0.8368134000011196,127746048,493153/10,,,,,,,,0.16482969999924535,0.09895640000104322,,,61ff84ddfc8ec1f323a4ee6dce8ba7e1dabb4ad82fb326d56c7aa3308d43e099,489329/10,122,41,4,,,,,,,,,0.06220309999844176,,,,,,,,,,,,,,True,0.010951147741122979,0.002841099998477148
446,11/10,RG-prune,1,ablation,FEASIBLE,True,pydantic-fielded-100000,pydantic,fielded,100000,106808,493099/10,0.8548771999994642,127791104,493099/10,,,,,,,,0.16738560000158031,0.10053580000021611,,,61ff84ddfc8ec1f323a4ee6dce8ba7e1dabb4ad82fb326d56c7aa3308d43e099,489329/10,122,41,4,,,,,,,,,0.06286720000207424,,,,,,,,,,,,,,True,0.0,0.0030999000009614974
447,11/10,A1,1,ablation,optimal_numerical,True,pydantic-fielded-100000,pydantic,fielded,100000,106808,493099/10,0.8534713000008196,128864256,493099/10,,,,,,,,0.17667939999955706,0.09821699999884004,0.0027853999999933876,0.009329100001195911,61ff84ddfc8ec1f323a4ee6dce8ba7e1dabb4ad82fb326d56c7aa3308d43e099,489329/10,,41,4,,,,,,,,0.0003203000014764257,0.05971099999806029,106808,25891,23855,3131,2179,830,22844,23720,827,868,5,257,379,True,0.0,
448,11/10,RG-prune,2,ablation,FEASIBLE,True,pydantic-fielded-100000,pydantic,fielded,100000,106808,493099/10,0.8278605999985302,128315392,493099/10,,,,,,,,0.16454760000124224,0.09859380000125384,,,61ff84ddfc8ec1f323a4ee6dce8ba7e1dabb4ad82fb326d56c7aa3308d43e099,489329/10,122,41,4,,,,,,,,,0.06192369999916991,,,,,,,,,,,,,,True,0.0,0.0031812999986868817
449,11/10,A1,2,ablation,optimal_numerical,True,pydantic-fielded-100000,pydantic,fielded,100000,106808,493099/10,0.8928048999987368,128339968,493099/10,,,,,,,,0.18122719999882975,0.10088420000101905,0.002688799999305047,0.010096399997564731,61ff84ddfc8ec1f323a4ee6dce8ba7e1dabb4ad82fb326d56c7aa3308d43e099,489329/10,,41,4,,,,,,,,0.00035460000071907416,0.0632804999986547,106808,25891,23855,3131,2179,830,22844,23720,827,868,5,257,379,True,0.0,
450,11/10,RG-add,2,ablation,FEASIBLE,True,pydantic-fielded-100000,pydantic,fielded,100000,106808,493099/10,0.9066345999999612,128217088,493153/10,,,,,,,,0.16518639999776497,0.09903590000249096,,,61ff84ddfc8ec1f323a4ee6dce8ba7e1dabb4ad82fb326d56c7aa3308d43e099,489329/10,122,41,4,,,,,,,,,0.062368399998376844,,,,,,,,,,,,,,True,0.010951147741122979,0.002935300002718577
451,5/4,LP-on,0,LP,LP_OPTIMAL_NUMERICAL,True,pydantic-fielded-100000,pydantic,fielded,100000,106808,198577/4,0.7194013000007544,119037952,,0,49576.85617392476,317.10617392475945,0.5,0.0,True,,0.11186470000029658,0.09940030000143452,0.001956400003109593,0.00987370000075316,d4b4adcb097b985dd6b3c26c731da0a2e468694dfdd324ba308109cad27b2041,197039/4,122,41,4,67.39382607524021,0.13575353857745903,384.5,False,numeric_integer_optimum,67.39382607524021,17.5276530754851,,,,,,,,,,,,,,,,,,
452,5/4,LP-off,0,LP,LP_OPTIMAL_NUMERICAL,True,pydantic-fielded-100000,pydantic,fielded,100000,106808,198577/4,0.7083207000032417,116256768,,0,49576.85617392476,317.10617392475945,0.5,0.0,True,,0.10626130000309786,0.10095599999840488,0.002030799998465227,0.002651099999638973,d4b4adcb097b985dd6b3c26c731da0a2e468694dfdd324ba308109cad27b2041,197039/4,122,41,4,67.39382607524021,0.13575353857745903,384.5,False,numeric_integer_optimum,67.39382607524021,17.5276530754851,,,,,,,,,,,,,,,,,,
453,5/4,A1,0,ablation,optimal_numerical,True,pydantic-fielded-100000,pydantic,fielded,100000,106808,198577/4,0.857905099997879,129703936,198577/4,,,,,,,,0.1800595999993675,0.09797759999855771,0.0043977999994240236,0.008140999998431653,d4b4adcb097b985dd6b3c26c731da0a2e468694dfdd324ba308109cad27b2041,197039/4,,41,4,,,,,,,,0.0002845999988494441,0.06480300000112038,106808,25891,23855,3131,2179,830,22844,23720,827,868,5,257,379,True,0.0,
454,5/4,RG-add,0,ablation,FEASIBLE,True,pydantic-fielded-100000,pydantic,fielded,100000,106808,198577/4,0.8384346000020741,125607936,198595/4,,,,,,,,0.16889840000294498,0.10362440000244533,,,d4b4adcb097b985dd6b3c26c731da0a2e468694dfdd324ba308109cad27b2041,197039/4,122,41,4,,,,,,,,,0.061872699996456504,,,,,,,,,,,,,,True,0.00906449387391289,0.002600799998617731
455,5/4,RG-prune,0,ablation,FEASIBLE,True,pydantic-fielded-100000,pydantic,fielded,100000,106808,198577/4,0.845280499997898,126058496,198577/4,,,,,,,,0.1674964000012551,0.09834419999970123,,,d4b4adcb097b985dd6b3c26c731da0a2e468694dfdd324ba308109cad27b2041,197039/4,122,41,4,,,,,,,,,0.06240230000184965,,,,,,,,,,,,,,True,0.0,0.0031679999992775265
456,5/4,RG-add,1,ablation,FEASIBLE,True,pydantic-fielded-100000,pydantic,fielded,100000,106808,198577/4,0.8403976000008697,127225856,198595/4,,,,,,,,0.1656567999998515,0.0988121999980649,,,d4b4adcb097b985dd6b3c26c731da0a2e468694dfdd324ba308109cad27b2041,197039/4,122,41,4,,,,,,,,,0.06346130000019912,,,,,,,,,,,,,,True,0.00906449387391289,0.0026252999996358994
457,5/4,RG-prune,1,ablation,FEASIBLE,True,pydantic-fielded-100000,pydantic,fielded,100000,106808,198577/4,0.8489851999984239,128327680,198577/4,,,,,,,,0.177993699999206,0.10043700000096578,,,d4b4adcb097b985dd6b3c26c731da0a2e468694dfdd324ba308109cad27b2041,197039/4,122,41,4,,,,,,,,,0.07108200000220677,,,,,,,,,,,,,,True,0.0,0.00568579999890062
458,5/4,A1,1,ablation,optimal_numerical,True,pydantic-fielded-100000,pydantic,fielded,100000,106808,198577/4,0.8439235999976518,130072576,198577/4,,,,,,,,0.1750783000024967,0.09760069999902043,0.002290500000526663,0.010767599997052457,d4b4adcb097b985dd6b3c26c731da0a2e468694dfdd324ba308109cad27b2041,197039/4,,41,4,,,,,,,,0.00036389999877428636,0.060473999998066574,106808,25891,23855,3131,2179,830,22844,23720,827,868,5,257,379,True,0.0,
459,5/4,RG-prune,2,ablation,FEASIBLE,True,pydantic-fielded-100000,pydantic,fielded,100000,106808,198577/4,0.8396883999994316,125325312,198577/4,,,,,,,,0.16628979999950388,0.10161490000245976,,,d4b4adcb097b985dd6b3c26c731da0a2e468694dfdd324ba308109cad27b2041,197039/4,122,41,4,,,,,,,,,0.06059099999765749,,,,,,,,,,,,,,True,0.0,0.003334999997605337
460,5/4,A1,2,ablation,optimal_numerical,True,pydantic-fielded-100000,pydantic,fielded,100000,106808,198577/4,0.8515000000006694,128933888,198577/4,,,,,,,,0.17852780000248458,0.09835130000283243,0.0027301999980409164,0.012862200001109159,d4b4adcb097b985dd6b3c26c731da0a2e468694dfdd324ba308109cad27b2041,197039/4,,41,4,,,,,,,,0.0003667999990284443,0.06005830000140122,106808,25891,23855,3131,2179,830,22844,23720,827,868,5,257,379,True,0.0,
461,5/4,RG-add,2,ablation,FEASIBLE,True,pydantic-fielded-100000,pydantic,fielded,100000,106808,198577/4,0.8557910999988962,128368640,198595/4,,,,,,,,0.16498520000095596,0.10014030000093044,,,d4b4adcb097b985dd6b3c26c731da0a2e468694dfdd324ba308109cad27b2041,197039/4,122,41,4,,,,,,,,,0.060814899999968475,,,,,,,,,,,,,,True,0.00906449387391289,0.0032131000007211696
462,3/2,LP-on,0,LP,LP_OPTIMAL_NUMERICAL,True,pydantic-fielded-100000,pydantic,fielded,100000,106808,100403/2,0.7127977999989525,119037952,,0,50135.3193599164,330.8193599163993,0.5,0.0,True,,0.10735419999764417,0.10122550000232877,0.0022701999987475574,0.0031310000013036188,38b9d9caf7ddd99981517e03b169440dd90c6e3318cf356c36d96525a60f3e42,99609/2,122,41,4,66.18064008359943,0.13183000524605726,397.0,False,numeric_integer_optimum,66.18064008359943,16.670186419042675,,,,,,,,,,,,,,,,,,
463,3/2,LP-off,0,LP,LP_OPTIMAL_NUMERICAL,True,pydantic-fielded-100000,pydantic,fielded,100000,106808,100403/2,0.6952108000004955,116428800,,0,50135.3193599164,330.81935991639943,0.5,0.0,True,,0.10591930000009597,0.09761950000029174,0.0020388999982969835,0.005588399999396643,38b9d9caf7ddd99981517e03b169440dd90c6e3318cf356c36d96525a60f3e42,99609/2,122,41,4,66.18064008359943,0.13183000524605726,397.0,False,numeric_integer_optimum,66.18064008359943,16.670186419042675,,,,,,,,,,,,,,,,,,
464,3/2,A1,0,ablation,optimal_numerical,True,pydantic-fielded-100000,pydantic,fielded,100000,106808,100403/2,0.8787563000005321,129425408,100403/2,,,,,,,,0.20250599999781116,0.11391550000189454,0.004109400000743335,0.009050200002093334,38b9d9caf7ddd99981517e03b169440dd90c6e3318cf356c36d96525a60f3e42,99609/2,,41,4,,,,,,,,0.0003527999979269225,0.0683208000009472,106808,25891,23855,3131,2179,830,22844,23720,827,868,5,257,379,True,0.0,
465,3/2,RG-add,0,ablation,FEASIBLE,True,pydantic-fielded-100000,pydantic,fielded,100000,106808,100403/2,0.8325082999981532,127463424,100409/2,,,,,,,,0.16684739999982412,0.09952619999967283,,,38b9d9caf7ddd99981517e03b169440dd90c6e3318cf356c36d96525a60f3e42,99609/2,122,41,4,,,,,,,,,0.06152669999937643,,,,,,,,,,,,,,True,0.005975917054271287,0.004991800000425428
466,3/2,RG-prune,0,ablation,FEASIBLE,True,pydantic-fielded-100000,pydantic,fielded,100000,106808,100403/2,0.8478724000015063,127844352,100403/2,,,,,,,,0.16964070000176434,0.10065380000014557,,,38b9d9caf7ddd99981517e03b169440dd90c6e3318cf356c36d96525a60f3e42,99609/2,122,41,4,,,,,,,,,0.06400679999933345,,,,,,,,,,,,,,True,0.0,0.00416150000091875
467,3/2,RG-add,1,ablation,FEASIBLE,True,pydantic-fielded-100000,pydantic,fielded,100000,106808,100403/2,0.8513127000005625,127561728,100409/2,,,,,,,,0.16845090000060736,0.09951769999679527,,,38b9d9caf7ddd99981517e03b169440dd90c6e3318cf356c36d96525a60f3e42,99609/2,122,41,4,,,,,,,,,0.06455849999838392,,,,,,,,,,,,,,True,0.005975917054271287,0.0035831999994115904
468,3/2,RG-prune,1,ablation,FEASIBLE,True,pydantic-fielded-100000,pydantic,fielded,100000,106808,100403/2,0.8449867999988783,128331776,100403/2,,,,,,,,0.1680856999992102,0.09958049999841023,,,38b9d9caf7ddd99981517e03b169440dd90c6e3318cf356c36d96525a60f3e42,99609/2,122,41,4,,,,,,,,,0.06449000000066007,,,,,,,,,,,,,,True,0.0,0.003103499999269843
469,3/2,A1,1,ablation,optimal_numerical,True,pydantic-fielded-100000,pydantic,fielded,100000,106808,100403/2,0.8967563000005612,128155648,100403/2,,,,,,,,0.18286359999910928,0.10535520000121323,0.002583600002253661,0.009053199999470962,38b9d9caf7ddd99981517e03b169440dd90c6e3318cf356c36d96525a60f3e42,99609/2,,41,4,,,,,,,,0.00034279999817954376,0.061702599999989616,106808,25891,23855,3131,2179,830,22844,23720,827,868,5,257,379,True,0.0,
470,3/2,RG-prune,2,ablation,FEASIBLE,True,pydantic-fielded-100000,pydantic,fielded,100000,106808,100403/2,0.8546634999984235,127283200,100403/2,,,,,,,,0.17105179999998654,0.09960689999934402,,,38b9d9caf7ddd99981517e03b169440dd90c6e3318cf356c36d96525a60f3e42,99609/2,122,41,4,,,,,,,,,0.06498970000029658,,,,,,,,,,,,,,True,0.0,0.005700199999409961
471,3/2,A1,2,ablation,optimal_numerical,True,pydantic-fielded-100000,pydantic,fielded,100000,106808,100403/2,0.9086888999991061,127545344,100403/2,,,,,,,,0.19416400000045542,0.11318989999926998,0.002275700000609504,0.011236499998631189,38b9d9caf7ddd99981517e03b169440dd90c6e3318cf356c36d96525a60f3e42,99609/2,,41,4,,,,,,,,0.00038359999962267466,0.06297629999971832,106808,25891,23855,3131,2179,830,22844,23720,827,868,5,257,379,True,0.0,
472,3/2,RG-add,2,ablation,FEASIBLE,True,pydantic-fielded-100000,pydantic,fielded,100000,106808,100403/2,0.8542534000007436,127475712,100409/2,,,,,,,,0.17277459999968414,0.10259940000105416,,,38b9d9caf7ddd99981517e03b169440dd90c6e3318cf356c36d96525a60f3e42,99609/2,122,41,4,,,,,,,,,0.06652329999997164,,,,,,,,,,,,,,True,0.005975917054271287,0.0028258999991521705
473,2,LP-on,0,LP,LP_OPTIMAL_NUMERICAL,True,pydantic-fielded-100000,pydantic,fielded,100000,106808,51316,0.7096624999976484,116383744,,0,51295.23475274725,100.23475274725274,0.5,0.0,True,,0.10619149999911315,0.10035380000044825,0.001707300001726253,0.0034777000000758562,cb22f531de5841ef6e9f725e1b5fb3ff3b9dba15838a1bbefd77af45bf70e78d,51195,33,10,4,20.76524725274794,0.04046544401891796,121.0,False,numeric_integer_optimum,20.76524725274794,17.16136136590739,,,,,,,,,,,,,,,,,,
474,2,LP-off,0,LP,LP_OPTIMAL_NUMERICAL,True,pydantic-fielded-100000,pydantic,fielded,100000,106808,51316,0.7019497999972373,117071872,,0,51295.23475274725,100.23475274725276,0.5,0.0,True,,0.10360100000252714,0.09919920000174898,0.0016810000015539117,0.0021075000004202593,cb22f531de5841ef6e9f725e1b5fb3ff3b9dba15838a1bbefd77af45bf70e78d,51195,33,10,4,20.76524725274794,0.04046544401891796,121.0,False,numeric_integer_optimum,20.76524725274794,17.16136136590739,,,,,,,,,,,,,,,,,,
475,2,A1,0,ablation,optimal_numerical,True,pydantic-fielded-100000,pydantic,fielded,100000,106808,51316,0.8414247000000614,128659456,51316,,,,,,,,0.17275249999875086,0.09940199999982724,0.0018658000008144882,0.005500699997355696,cb22f531de5841ef6e9f725e1b5fb3ff3b9dba15838a1bbefd77af45bf70e78d,51195,,10,4,,,,,,,,0.00021550000019487925,0.061946900001203176,106808,25891,23855,3131,2101,997,22767,23817,876,886,5,71,104,True,0.0,
476,2,RG-add,0,ablation,FEASIBLE,True,pydantic-fielded-100000,pydantic,fielded,100000,106808,51316,0.8530900000005204,128761856,51316,,,,,,,,0.16320700000142097,0.09991490000174963,,,cb22f531de5841ef6e9f725e1b5fb3ff3b9dba15838a1bbefd77af45bf70e78d,51195,33,10,4,,,,,,,,,0.06055569999807631,,,,,,,,,,,,,,True,0.0,0.0019995999973616563
477,2,RG-prune,0,ablation,FEASIBLE,True,pydantic-fielded-100000,pydantic,fielded,100000,106808,51316,0.9163943999992625,128307200,51316,,,,,,,,0.1647819999998319,0.1005624000026728,,,cb22f531de5841ef6e9f725e1b5fb3ff3b9dba15838a1bbefd77af45bf70e78d,51195,33,10,4,,,,,,,,,0.06156650000048103,,,,,,,,,,,,,,True,0.0,0.0018534999981056899
478,2,RG-add,1,ablation,FEASIBLE,True,pydantic-fielded-100000,pydantic,fielded,100000,106808,51316,0.8659520999972301,127320064,51316,,,,,,,,0.16301910000038333,0.09942950000186102,,,cb22f531de5841ef6e9f725e1b5fb3ff3b9dba15838a1bbefd77af45bf70e78d,51195,33,10,4,,,,,,,,,0.06089549999887822,,,,,,,,,,,,,,True,0.0,0.001835799997934373
479,2,RG-prune,1,ablation,FEASIBLE,True,pydantic-fielded-100000,pydantic,fielded,100000,106808,51316,0.8408183999999892,128192512,51316,,,,,,,,0.16549270000177785,0.10130629999912344,,,cb22f531de5841ef6e9f725e1b5fb3ff3b9dba15838a1bbefd77af45bf70e78d,51195,33,10,4,,,,,,,,,0.06111890000101994,,,,,,,,,,,,,,True,0.0,0.0020944000025338028
480,2,A1,1,ablation,optimal_numerical,True,pydantic-fielded-100000,pydantic,fielded,100000,106808,51316,0.8774024000013014,129421312,51316,,,,,,,,0.17461859999821172,0.10260209999978542,0.0019436000002315268,0.005024400001275353,cb22f531de5841ef6e9f725e1b5fb3ff3b9dba15838a1bbefd77af45bf70e78d,51195,,10,4,,,,,,,,0.00017419999858248048,0.060742599998775404,106808,25891,23855,3131,2101,997,22767,23817,876,886,5,71,104,True,0.0,
481,2,RG-prune,2,ablation,FEASIBLE,True,pydantic-fielded-100000,pydantic,fielded,100000,106808,51316,0.8416221000006772,127606784,51316,,,,,,,,0.1628296999988379,0.09958299999925657,,,cb22f531de5841ef6e9f725e1b5fb3ff3b9dba15838a1bbefd77af45bf70e78d,51195,33,10,4,,,,,,,,,0.060652600001048995,,,,,,,,,,,,,,True,0.0,0.0018148999988625292
482,2,A1,2,ablation,optimal_numerical,True,pydantic-fielded-100000,pydantic,fielded,100000,106808,51316,0.9117033000002266,128765952,51316,,,,,,,,0.18278349999673082,0.10375289999865345,0.001727700000628829,0.006137199998192955,cb22f531de5841ef6e9f725e1b5fb3ff3b9dba15838a1bbefd77af45bf70e78d,51195,,10,4,,,,,,,,0.00020430000222404487,0.06702489999952377,106808,25891,23855,3131,2101,997,22767,23817,876,886,5,71,104,True,0.0,
483,2,RG-add,2,ablation,FEASIBLE,True,pydantic-fielded-100000,pydantic,fielded,100000,106808,51316,0.8578980999991472,130498560,51316,,,,,,,,0.16860060000180965,0.10188990000096965,,,cb22f531de5841ef6e9f725e1b5fb3ff3b9dba15838a1bbefd77af45bf70e78d,51195,33,10,4,,,,,,,,,0.06414279999808059,,,,,,,,,,,,,,True,0.0,0.0017324000000371598
484,32,LP-on,0,LP,LP_OPTIMAL_NUMERICAL,True,pydantic-fielded-100000,pydantic,fielded,100000,106808,70166,0.8364552000020922,119640064,,0,69548.51053093249,12142.510530932479,0.5,1.7763568394002505e-15,True,,0.20431579999785754,0.19233050000184448,0.004890100000920938,0.006347200000163866,f749a8c357a4063a958532df8f9f3f9c8b5935240ada75501a14f4dbe67f687f,57406,171,5,149,617.4894690675137,0.8800408589167313,12760.0,False,numeric_integer_optimum,617.4894690675137,4.8392591619711105,,,,,,,,,,,,,,,,,,
485,32,LP-off,0,LP,LP_OPTIMAL_NUMERICAL,True,pydantic-fielded-100000,pydantic,fielded,100000,106808,70166,0.7929870000007213,119685120,,0,69548.51053093249,12142.510530932479,0.5,1.7763568394002505e-15,True,,0.19434159999946132,0.17821819999880972,0.004700099998444784,0.010692799998651026,f749a8c357a4063a958532df8f9f3f9c8b5935240ada75501a14f4dbe67f687f,57406,171,5,149,617.4894690675137,0.8800408589167313,12760.0,False,numeric_integer_optimum,617.4894690675137,4.8392591619711105,,,,,,,,,,,,,,,,,,
486,32,A1,0,ablation,optimal_numerical,True,pydantic-fielded-100000,pydantic,fielded,100000,106808,70166,1.0294177000032505,130932736,70166,,,,,,,,0.2893121999986761,0.1771011000018916,0.004932299998472445,0.034791199999745004,f749a8c357a4063a958532df8f9f3f9c8b5935240ada75501a14f4dbe67f687f,57406,,5,149,,,,,,,,0.0019852000004902948,0.0665554000006523,106808,25891,23855,3131,208,2752,18202,21803,1213,1218,1767,2223,2394,True,0.0,
487,32,RG-add,0,ablation,FEASIBLE,True,pydantic-fielded-100000,pydantic,fielded,100000,106808,70166,1.2134464000009757,129089536,70180,,,,,,,,0.42114679999940563,0.17850059999909718,,,f749a8c357a4063a958532df8f9f3f9c8b5935240ada75501a14f4dbe67f687f,57406,171,5,149,,,,,,,,,0.0853583999996772,,,,,,,,,,,,,,True,0.019952683635949035,0.1565208000029088
488,32,RG-prune,0,ablation,FEASIBLE,True,pydantic-fielded-100000,pydantic,fielded,100000,106808,70166,1.2049480999994557,127688704,70178,,,,,,,,0.5170436999978847,0.1733377999989898,,,f749a8c357a4063a958532df8f9f3f9c8b5935240ada75501a14f4dbe67f687f,57406,171,5,149,,,,,,,,,0.0655019000005268,,,,,,,,,,,,,,True,0.017102300259384886,0.2774954999986221
489,32,RG-add,1,ablation,FEASIBLE,True,pydantic-fielded-100000,pydantic,fielded,100000,106808,70166,1.142322999996395,129433600,70180,,,,,,,,0.40283889999773237,0.1758704999992915,,,f749a8c357a4063a958532df8f9f3f9c8b5935240ada75501a14f4dbe67f687f,57406,171,5,149,,,,,,,,,0.06927709999945364,,,,,,,,,,,,,,True,0.019952683635949035,0.1568645999977889
490,32,RG-prune,1,ablation,FEASIBLE,True,pydantic-fielded-100000,pydantic,fielded,100000,106808,70166,1.2870834999994258,129232896,70178,,,,,,,,0.5253125999988697,0.17678069999965373,,,f749a8c357a4063a958532df8f9f3f9c8b5935240ada75501a14f4dbe67f687f,57406,171,5,149,,,,,,,,,0.06933489999937592,,,,,,,,,,,,,,True,0.017102300259384886,0.2783096999992267
491,32,A1,1,ablation,optimal_numerical,True,pydantic-fielded-100000,pydantic,fielded,100000,106808,70166,1.030850899998768,133230592,70166,,,,,,,,0.2941385000012815,0.18037069999991218,0.004544999999779975,0.03417819999958738,f749a8c357a4063a958532df8f9f3f9c8b5935240ada75501a14f4dbe67f687f,57406,,5,149,,,,,,,,0.0019867000009980984,0.06805339999846183,106808,25891,23855,3131,208,2752,18202,21803,1213,1218,1767,2223,2394,True,0.0,
492,32,RG-prune,2,ablation,FEASIBLE,True,pydantic-fielded-100000,pydantic,fielded,100000,106808,70166,1.310790800001996,130162688,70178,,,,,,,,0.523912399999972,0.1793106999975862,,,f749a8c357a4063a958532df8f9f3f9c8b5935240ada75501a14f4dbe67f687f,57406,171,5,149,,,,,,,,,0.06528889999754028,,,,,,,,,,,,,,True,0.017102300259384886,0.2784369999972114
493,32,A1,2,ablation,optimal_numerical,True,pydantic-fielded-100000,pydantic,fielded,100000,106808,70166,1.013382900000579,131620864,70166,,,,,,,,0.287248600001476,0.17648430000190274,0.004491499999858206,0.035011399999348214,f749a8c357a4063a958532df8f9f3f9c8b5935240ada75501a14f4dbe67f687f,57406,,5,149,,,,,,,,0.0020613999986380804,0.06453780000083498,106808,25891,23855,3131,208,2752,18202,21803,1213,1218,1767,2223,2394,True,0.0,
494,32,RG-add,2,ablation,FEASIBLE,True,pydantic-fielded-100000,pydantic,fielded,100000,106808,70166,1.140543699999398,129474560,70180,,,,,,,,0.41054690000237315,0.17645439999978407,,,f749a8c357a4063a958532df8f9f3f9c8b5935240ada75501a14f4dbe67f687f,57406,171,5,149,,,,,,,,,0.06636080000316724,,,,,,,,,,,,,,True,0.019952683635949035,0.16694099999949685
495,11/10,LP-on,0,LP,LP_OPTIMAL_NUMERICAL,True,pydantic-fielded-1000000,pydantic,fielded,1000000,668703,1275108/5,3.286353200001031,345264128,,0,254641.40096002587,1656.6009600258808,0.5,0.0,True,,0.9170603000020492,0.9034302000000025,0.004513899999437854,0.008358499999303604,d73cfb33df45c46e11af52242bd376bafc137cc8fd3df7d10f8cfe9f08552514,1264924/5,663,223,5,380.1990399741335,0.14908503435557358,2036.8,False,numeric_integer_optimum,380.1990399741335,18.666488608313703,,,,,,,,,,,,,,,,,,
496,11/10,LP-off,0,LP,LP_OPTIMAL_NUMERICAL,True,pydantic-fielded-1000000,pydantic,fielded,1000000,668703,1275108/5,3.3029726999993727,344645632,,0,254641.40096002587,1656.6009600258808,0.5,0.0,True,,0.9148992000009457,0.9036028000009537,0.004530200003500795,0.005979699999443255,d73cfb33df45c46e11af52242bd376bafc137cc8fd3df7d10f8cfe9f08552514,1264924/5,663,223,5,380.1990399741335,0.14908503435557358,2036.8,False,numeric_integer_optimum,380.1990399741335,18.666488608313703,,,,,,,,,,,,,,,,,,
497,11/10,A1,0,ablation,optimal_numerical,True,pydantic-fielded-1000000,pydantic,fielded,1000000,668703,1275108/5,4.274889100001019,384307200,1275108/5,,,,,,,,1.4786951000023691,0.8984047000012652,0.004436100000020815,0.033636500000284286,d73cfb33df45c46e11af52242bd376bafc137cc8fd3df7d10f8cfe9f08552514,1264924/5,,223,5,,,,,,,,0.0014407000016944949,0.5282148000005691,668703,126352,118557,15146,10418,4065,113498,117822,4017,4240,6,1398,2061,True,0.0,
498,11/10,RG-add,0,ablation,FEASIBLE,True,pydantic-fielded-1000000,pydantic,fielded,1000000,668703,1275108/5,4.253025899997738,393236480,1275198/5,,,,,,,,1.4484329000006255,0.898507800000516,,,d73cfb33df45c46e11af52242bd376bafc137cc8fd3df7d10f8cfe9f08552514,1264924/5,663,223,5,,,,,,,,,0.5375257999985479,,,,,,,,,,,,,,True,0.007058225656179711,0.010843200001545483
499,11/10,RG-prune,0,ablation,FEASIBLE,True,pydantic-fielded-1000000,pydantic,fielded,1000000,668703,1275108/5,4.235749300001771,388546560,1275108/5,,,,,,,,1.4543898999982048,0.8968177999995532,,,d73cfb33df45c46e11af52242bd376bafc137cc8fd3df7d10f8cfe9f08552514,1264924/5,663,223,5,,,,,,,,,0.5434101000028022,,,,,,,,,,,,,,True,0.0,0.012577900000906084
500,11/10,RG-add,1,ablation,FEASIBLE,True,pydantic-fielded-1000000,pydantic,fielded,1000000,668703,1275108/5,4.294024700000591,388472832,1275198/5,,,,,,,,1.4589204999974754,0.8941078999996535,,,d73cfb33df45c46e11af52242bd376bafc137cc8fd3df7d10f8cfe9f08552514,1264924/5,663,223,5,,,,,,,,,0.5529037999986031,,,,,,,,,,,,,,True,0.007058225656179711,0.010434499999973923
501,11/10,RG-prune,1,ablation,FEASIBLE,True,pydantic-fielded-1000000,pydantic,fielded,1000000,668703,1275108/5,4.238018700001703,392568832,1275108/5,,,,,,,,1.4478870999992068,0.8987916000005498,,,d73cfb33df45c46e11af52242bd376bafc137cc8fd3df7d10f8cfe9f08552514,1264924/5,663,223,5,,,,,,,,,0.534847400002036,,,,,,,,,,,,,,True,0.0,0.012720999999146443
502,11/10,A1,1,ablation,optimal_numerical,True,pydantic-fielded-1000000,pydantic,fielded,1000000,668703,1275108/5,4.331439999998111,384348160,1275108/5,,,,,,,,1.4885699000005843,0.8970816999972158,0.004347100002632942,0.03324129999964498,d73cfb33df45c46e11af52242bd376bafc137cc8fd3df7d10f8cfe9f08552514,1264924/5,,223,5,,,,,,,,0.001438600000255974,0.5396576000021014,668703,126352,118557,15146,10418,4065,113498,117822,4017,4240,6,1398,2061,True,0.0,
503,11/10,RG-prune,2,ablation,FEASIBLE,True,pydantic-fielded-1000000,pydantic,fielded,1000000,668703,1275108/5,4.251440899999579,390787072,1275108/5,,,,,,,,1.4491443000006257,0.8968783999989682,,,d73cfb33df45c46e11af52242bd376bafc137cc8fd3df7d10f8cfe9f08552514,1264924/5,663,223,5,,,,,,,,,0.5377131999994162,,,,,,,,,,,,,,True,0.0,0.013024500000028638
504,11/10,A1,2,ablation,optimal_numerical,True,pydantic-fielded-1000000,pydantic,fielded,1000000,668703,1275108/5,4.3866435999989335,385888256,1275108/5,,,,,,,,1.5091264000002411,0.8966995000009774,0.004588100000546547,0.031360499997390434,d73cfb33df45c46e11af52242bd376bafc137cc8fd3df7d10f8cfe9f08552514,1264924/5,,223,5,,,,,,,,0.0014384999994945247,0.5628413999984332,668703,126352,118557,15146,10418,4065,113498,117822,4017,4240,6,1398,2061,True,0.0,
505,11/10,RG-add,2,ablation,FEASIBLE,True,pydantic-fielded-1000000,pydantic,fielded,1000000,668703,1275108/5,4.24798980000196,388648960,1275198/5,,,,,,,,1.444360900000902,0.8976163000006636,,,d73cfb33df45c46e11af52242bd376bafc137cc8fd3df7d10f8cfe9f08552514,1264924/5,663,223,5,,,,,,,,,0.5351355999991938,,,,,,,,,,,,,,True,0.007058225656179711,0.010148000001208857
506,5/4,LP-on,0,LP,LP_OPTIMAL_NUMERICAL,True,pydantic-fielded-1000000,pydantic,fielded,1000000,668703,513249/2,3.2413269999997283,344330240,,0,256246.5222302236,1699.0222302236207,0.5,0.0,True,,0.9112537999972119,0.8986078999987512,0.004919999999401625,0.006909200001246063,950b29120085d82de8f3e1ac1150c56e5aec916dad6c60a9aa43acf2dd746cfc,509095/2,663,223,5,377.97776977639296,0.1472882635042223,2077.0,False,numeric_integer_optimum,377.97776977639296,18.198255646432017,,,,,,,,,,,,,,,,,,
507,5/4,LP-off,0,LP,LP_OPTIMAL_NUMERICAL,True,pydantic-fielded-1000000,pydantic,fielded,1000000,668703,513249/2,3.238564499999484,345284608,,0,256246.5222302236,1699.0222302236211,0.5,0.0,True,,0.9058532999988529,0.8944685999995272,0.0045286999993550126,0.0059888000032515265,950b29120085d82de8f3e1ac1150c56e5aec916dad6c60a9aa43acf2dd746cfc,509095/2,663,223,5,377.97776977639296,0.1472882635042223,2077.0,False,numeric_integer_optimum,377.97776977639296,18.198255646432017,,,,,,,,,,,,,,,,,,
508,5/4,A1,0,ablation,optimal_numerical,True,pydantic-fielded-1000000,pydantic,fielded,1000000,668703,513249/2,4.277669000002788,385396736,513249/2,,,,,,,,1.475070999997115,0.8997353999984625,0.004789899998286273,0.03346180000153254,950b29120085d82de8f3e1ac1150c56e5aec916dad6c60a9aa43acf2dd746cfc,509095/2,,223,5,,,,,,,,0.0015057999989949167,0.5230932999984361,668703,126352,118557,15146,10418,4065,113498,117822,4017,4240,6,1398,2061,True,0.0,
509,5/4,RG-add,0,ablation,FEASIBLE,True,pydantic-fielded-1000000,pydantic,fielded,1000000,668703,513249/2,4.24297579999984,389603328,513279/2,,,,,,,,1.440743699997256,0.9030514999976731,,,950b29120085d82de8f3e1ac1150c56e5aec916dad6c60a9aa43acf2dd746cfc,509095/2,663,223,5,,,,,,,,,0.525819299997238,,,,,,,,,,,,,,True,0.005845116113231589,0.010385300000052666
510,5/4,RG-prune,0,ablation,FEASIBLE,True,pydantic-fielded-1000000,pydantic,fielded,1000000,668703,513249/2,4.322789899997588,391880704,513249/2,,,,,,,,1.4711078999971505,0.8951279000029899,,,950b29120085d82de8f3e1ac1150c56e5aec916dad6c60a9aa43acf2dd746cfc,509095/2,663,223,5,,,,,,,,,0.562155999999959,,,,,,,,,,,,,,True,0.0,0.012271999999938998
511,5/4,RG-add,1,ablation,FEASIBLE,True,pydantic-fielded-1000000,pydantic,fielded,1000000,668703,513249/2,4.233472100000654,387358720,513279/2,,,,,,,,1.4503579999982321,0.9101301999980933,,,950b29120085d82de8f3e1ac1150c56e5aec916dad6c60a9aa43acf2dd746cfc,509095/2,663,223,5,,,,,,,,,0.5288878999999724,,,,,,,,,,,,,,True,0.005845116113231589,0.009952099997462938
512,5/4,RG-prune,1,ablation,FEASIBLE,True,pydantic-fielded-1000000,pydantic,fielded,1000000,668703,513249/2,4.269113400001515,390086656,513249/2,,,,,,,,1.453315599999769,0.8987128000007942,,,950b29120085d82de8f3e1ac1150c56e5aec916dad6c60a9aa43acf2dd746cfc,509095/2,663,223,5,,,,,,,,,0.5406141999992542,,,,,,,,,,,,,,True,0.0,0.012497299998358358
513,5/4,A1,1,ablation,optimal_numerical,True,pydantic-fielded-1000000,pydantic,fielded,1000000,668703,513249/2,4.286025500001415,385417216,513249/2,,,,,,,,1.4915694999981497,0.8957743999999366,0.005314699999871664,0.03506270000070799,950b29120085d82de8f3e1ac1150c56e5aec916dad6c60a9aa43acf2dd746cfc,509095/2,,223,5,,,,,,,,0.001439899999240879,0.5399059000010311,668703,126352,118557,15146,10418,4065,113498,117822,4017,4240,6,1398,2061,True,0.0,
514,5/4,RG-prune,2,ablation,FEASIBLE,True,pydantic-fielded-1000000,pydantic,fielded,1000000,668703,513249/2,4.335350699999253,388038656,513249/2,,,,,,,,1.4763605999978608,0.9025997999997344,,,950b29120085d82de8f3e1ac1150c56e5aec916dad6c60a9aa43acf2dd746cfc,509095/2,663,223,5,,,,,,,,,0.5597655000019586,,,,,,,,,,,,,,True,0.0,0.012447499997506384
515,5/4,A1,2,ablation,optimal_numerical,True,pydantic-fielded-1000000,pydantic,fielded,1000000,668703,513249/2,4.339642599999934,384745472,513249/2,,,,,,,,1.4974844999997003,0.8961097999999765,0.00433070000144653,0.03454440000132308,950b29120085d82de8f3e1ac1150c56e5aec916dad6c60a9aa43acf2dd746cfc,509095/2,,223,5,,,,,,,,0.0015377999989141244,0.547609500001272,668703,126352,118557,15146,10418,4065,113498,117822,4017,4240,6,1398,2061,True,0.0,
516,5/4,RG-add,2,ablation,FEASIBLE,True,pydantic-fielded-1000000,pydantic,fielded,1000000,668703,513249/2,4.322413800000504,391950336,513279/2,,,,,,,,1.4673533999994106,0.8978537000002689,,,950b29120085d82de8f3e1ac1150c56e5aec916dad6c60a9aa43acf2dd746cfc,509095/2,663,223,5,,,,,,,,,0.5550286000034248,,,,,,,,,,,,,,True,0.005845116113231589,0.009895800001686439
517,3/2,LP-on,0,LP,LP_OPTIMAL_NUMERICAL,True,pydantic-fielded-1000000,pydantic,fielded,1000000,668703,259296,3.2688532000029227,344633344,,0,258921.33025580403,1769.330255804024,0.5,0.0,True,,0.9121283000022231,0.8990059999996447,0.00429200000144192,0.008085299999947893,16df876b236c75e5a8b942f798f935b49d1bfe00e596568acb3c6e9a89aff7b5,257152,663,223,5,374.66974419596954,0.14449499575618965,2144.0,False,numeric_integer_optimum,374.66974419596954,17.47526791958813,,,,,,,,,,,,,,,,,,
518,3/2,LP-off,0,LP,LP_OPTIMAL_NUMERICAL,True,pydantic-fielded-1000000,pydantic,fielded,1000000,668703,259296,3.257252500003233,345186304,,0,258921.33025580403,1769.3302558040243,0.5,0.0,True,,0.9064035000010335,0.8955264000032912,0.004361399998742854,0.0056594000016048085,16df876b236c75e5a8b942f798f935b49d1bfe00e596568acb3c6e9a89aff7b5,257152,663,223,5,374.66974419596954,0.14449499575618965,2144.0,False,numeric_integer_optimum,374.66974419596954,17.47526791958813,,,,,,,,,,,,,,,,,,
519,3/2,A1,0,ablation,optimal_numerical,True,pydantic-fielded-1000000,pydantic,fielded,1000000,668703,259296,4.359275399998296,390897664,259296,,,,,,,,1.5105335000007472,0.8998867000009341,0.004852300000493415,0.03755299999829731,16df876b236c75e5a8b942f798f935b49d1bfe00e596568acb3c6e9a89aff7b5,257152,,223,5,,,,,,,,0.001443599998310674,0.554039599999669,668703,126352,118557,15146,10418,4065,113498,117822,4017,4240,6,1398,2061,True,0.0,
520,3/2,RG-add,0,ablation,FEASIBLE,True,pydantic-fielded-1000000,pydantic,fielded,1000000,668703,259296,4.208585100001073,388128768,259306,,,,,,,,1.4329270999987784,0.8971385000004375,,,16df876b236c75e5a8b942f798f935b49d1bfe00e596568acb3c6e9a89aff7b5,257152,663,223,5,,,,,,,,,0.524173999998311,,,,,,,,,,,,,,True,0.003856596322349747,0.01013040000179899
521,3/2,RG-prune,0,ablation,FEASIBLE,True,pydantic-fielded-1000000,pydantic,fielded,1000000,668703,259296,4.248300899998867,390553600,259296,,,,,,,,1.4630711999998312,0.9039978000000701,,,16df876b236c75e5a8b942f798f935b49d1bfe00e596568acb3c6e9a89aff7b5,257152,663,223,5,,,,,,,,,0.5451964999992924,,,,,,,,,,,,,,True,0.0,0.012437599998520454
522,3/2,RG-add,1,ablation,FEASIBLE,True,pydantic-fielded-1000000,pydantic,fielded,1000000,668703,259296,4.243577199998981,399589376,259306,,,,,,,,1.448135700000421,0.9071724999994331,,,16df876b236c75e5a8b942f798f935b49d1bfe00e596568acb3c6e9a89aff7b5,257152,663,223,5,,,,,,,,,0.5289150000025984,,,,,,,,,,,,,,True,0.003856596322349747,0.010341700002754806
523,3/2,RG-prune,1,ablation,FEASIBLE,True,pydantic-fielded-1000000,pydantic,fielded,1000000,668703,259296,4.241007299999183,394674176,259296,,,,,,,,1.4433003000012832,0.898931800002174,,,16df876b236c75e5a8b942f798f935b49d1bfe00e596568acb3c6e9a89aff7b5,257152,663,223,5,,,,,,,,,0.5288894999976037,,,,,,,,,,,,,,True,0.0,0.013978999999380903
524,3/2,A1,1,ablation,optimal_numerical,True,pydantic-fielded-1000000,pydantic,fielded,1000000,668703,259296,4.42073960000198,390070272,259296,,,,,,,,1.5262193999988085,0.899658599999384,0.004419400000188034,0.03764410000076168,16df876b236c75e5a8b942f798f935b49d1bfe00e596568acb3c6e9a89aff7b5,257152,,223,5,,,,,,,,0.0014524999969580676,0.5707040000015695,668703,126352,118557,15146,10418,4065,113498,117822,4017,4240,6,1398,2061,True,0.0,
525,3/2,RG-prune,2,ablation,FEASIBLE,True,pydantic-fielded-1000000,pydantic,fielded,1000000,668703,259296,4.240772900000593,388206592,259296,,,,,,,,1.4482904000033159,0.9061069000017596,,,16df876b236c75e5a8b942f798f935b49d1bfe00e596568acb3c6e9a89aff7b5,257152,663,223,5,,,,,,,,,0.5279597000007925,,,,,,,,,,,,,,True,0.0,0.012753400002111448
526,3/2,A1,2,ablation,optimal_numerical,True,pydantic-fielded-1000000,pydantic,fielded,1000000,668703,259296,4.361767200000031,387170304,259296,,,,,,,,1.513988499998959,0.9099184999977297,0.004348099999333499,0.036951100002625026,16df876b236c75e5a8b942f798f935b49d1bfe00e596568acb3c6e9a89aff7b5,257152,,223,5,,,,,,,,0.0014298999994935002,0.548928899999737,668703,126352,118557,15146,10418,4065,113498,117822,4017,4240,6,1398,2061,True,0.0,
527,3/2,RG-add,2,ablation,FEASIBLE,True,pydantic-fielded-1000000,pydantic,fielded,1000000,668703,259296,4.35814510000273,395689984,259306,,,,,,,,1.487177300001349,0.899719200002437,,,16df876b236c75e5a8b942f798f935b49d1bfe00e596568acb3c6e9a89aff7b5,257152,663,223,5,,,,,,,,,0.5638527000010072,,,,,,,,,,,,,,True,0.003856596322349747,0.022047399997973116
528,2,LP-on,0,LP,LP_OPTIMAL_NUMERICAL,True,pydantic-fielded-1000000,pydantic,fielded,1000000,668703,264639,3.3699102999999013,345075712,,0,264519.35117545293,700.3511754529341,0.5,0.0,True,,0.9292548000012175,0.9208242999993672,0.0030163999981596135,0.004714699996839045,07737d7bb1192cbe034d2ab4554bfda8313d4a2d3c1be186f35cccfb90eed0ce,263819,209,69,5,119.64882454706822,0.045212090639349535,820.0,False,numeric_integer_optimum,119.64882454706822,14.591320066715635,,,,,,,,,,,,,,,,,,
529,2,LP-off,0,LP,LP_OPTIMAL_NUMERICAL,True,pydantic-fielded-1000000,pydantic,fielded,1000000,668703,264639,3.263087999999698,344305664,,0,264519.35117545293,700.3511754529341,0.5,0.0,True,,0.921809999999823,0.914002999998047,0.0028696000008494593,0.004054400000313763,07737d7bb1192cbe034d2ab4554bfda8313d4a2d3c1be186f35cccfb90eed0ce,263819,209,69,5,119.64882454706822,0.045212090639349535,820.0,False,numeric_integer_optimum,119.64882454706822,14.591320066715635,,,,,,,,,,,,,,,,,,
530,2,A1,0,ablation,optimal_numerical,True,pydantic-fielded-1000000,pydantic,fielded,1000000,668703,264639,4.314175800001976,390799360,264639,,,,,,,,1.4746374999995169,0.9172446000011405,0.002889399998821318,0.011210099997697398,07737d7bb1192cbe034d2ab4554bfda8313d4a2d3c1be186f35cccfb90eed0ce,263819,,69,5,,,,,,,,0.0006278000000747852,0.5308182000007946,668703,126352,118557,15146,10104,4833,113185,118298,4274,4343,6,468,677,True,0.0,
531,2,RG-add,0,ablation,FEASIBLE,True,pydantic-fielded-1000000,pydantic,fielded,1000000,668703,264639,4.247082599998976,391335936,264639,,,,,,,,1.4527558000008867,0.9178523000009591,,,07737d7bb1192cbe034d2ab4554bfda8313d4a2d3c1be186f35cccfb90eed0ce,263819,209,69,5,,,,,,,,,0.5291784000000916,,,,,,,,,,,,,,True,0.0,0.004230099999404047
532,2,RG-prune,0,ablation,FEASIBLE,True,pydantic-fielded-1000000,pydantic,fielded,1000000,668703,264639,4.323713899997529,389201920,264639,,,,,,,,1.4810451000012108,0.9176757000022917,,,07737d7bb1192cbe034d2ab4554bfda8313d4a2d3c1be186f35cccfb90eed0ce,263819,209,69,5,,,,,,,,,0.5566695999987132,,,,,,,,,,,,,,True,0.0,0.00525519999791868
533,2,RG-add,1,ablation,FEASIBLE,True,pydantic-fielded-1000000,pydantic,fielded,1000000,668703,264639,4.282527999999729,388325376,264639,,,,,,,,1.4560266999978921,0.911435199999687,,,07737d7bb1192cbe034d2ab4554bfda8313d4a2d3c1be186f35cccfb90eed0ce,263819,209,69,5,,,,,,,,,0.5390579999984766,,,,,,,,,,,,,,True,0.0,0.004137400002946379
534,2,RG-prune,1,ablation,FEASIBLE,True,pydantic-fielded-1000000,pydantic,fielded,1000000,668703,264639,4.224537399997644,388034560,264639,,,,,,,,1.4453983999992488,0.9117669999977807,,,07737d7bb1192cbe034d2ab4554bfda8313d4a2d3c1be186f35cccfb90eed0ce,263819,209,69,5,,,,,,,,,0.524327799997991,,,,,,,,,,,,,,True,0.0,0.005467099999805214
535,2,A1,1,ablation,optimal_numerical,True,pydantic-fielded-1000000,pydantic,fielded,1000000,668703,264639,4.315714399999706,390819840,264639,,,,,,,,1.4897554000017408,0.9204295999988972,0.002824999999575084,0.011781099998188438,07737d7bb1192cbe034d2ab4554bfda8313d4a2d3c1be186f35cccfb90eed0ce,263819,,69,5,,,,,,,,0.0006174000009195879,0.5421047000018007,668703,126352,118557,15146,10104,4833,113185,118298,4274,4343,6,468,677,True,0.0,
536,2,RG-prune,2,ablation,FEASIBLE,True,pydantic-fielded-1000000,pydantic,fielded,1000000,668703,264639,4.253134700000373,393244672,264639,,,,,,,,1.4503462000029685,0.915289100001246,,,07737d7bb1192cbe034d2ab4554bfda8313d4a2d3c1be186f35cccfb90eed0ce,263819,209,69,5,,,,,,,,,0.5285445999979856,,,,,,,,,,,,,,True,0.0,0.004996600000595208
537,2,A1,2,ablation,optimal_numerical,True,pydantic-fielded-1000000,pydantic,fielded,1000000,668703,264639,4.354866399997263,384126976,264639,,,,,,,,1.5042341000007582,0.9168692999992345,0.002789800000755349,0.013946999999461696,07737d7bb1192cbe034d2ab4554bfda8313d4a2d3c1be186f35cccfb90eed0ce,263819,,69,5,,,,,,,,0.0006407000000763219,0.5568682000011904,668703,126352,118557,15146,10104,4833,113185,118298,4274,4343,6,468,677,True,0.0,
538,2,RG-add,2,ablation,FEASIBLE,True,pydantic-fielded-1000000,pydantic,fielded,1000000,668703,264639,4.233359900001233,393183232,264639,,,,,,,,1.4455250999999407,0.9135190000015427,,,07737d7bb1192cbe034d2ab4554bfda8313d4a2d3c1be186f35cccfb90eed0ce,263819,209,69,5,,,,,,,,,0.5265992999993614,,,,,,,,,,,,,,True,0.0,0.004042000000481494
539,32,LP-on,0,LP,LP_OPTIMAL_NUMERICAL,True,pydantic-fielded-1000000,pydantic,fielded,1000000,668703,370927,4.702381300001434,349024256,,0,367198.51909227716,70753.51909227719,0.5,1.7763568394002505e-15,True,,2.279915200000687,2.22978460000013,0.023175899998022942,0.025566299998899922,b73cfa6f51898d2a8f87f2b7ceb0cfda6ee177591e633fbba7df0a98ce3dc91f,296445,1004,65,783,3728.480907722842,1.005179161323614,74482.0,False,numeric_integer_optimum,3728.480907722842,5.0058818341650895,,,,,,,,,,,,,,,,,,
540,32,LP-off,0,LP,LP_OPTIMAL_NUMERICAL,True,pydantic-fielded-1000000,pydantic,fielded,1000000,668703,370927,4.7113322999975935,355885056,,0,367198.51909227716,70753.51909227717,0.5,1.7763568394002505e-15,True,,2.3359651999999187,2.235808800000086,0.02347850000296603,0.07526569999754429,b73cfa6f51898d2a8f87f2b7ceb0cfda6ee177591e633fbba7df0a98ce3dc91f,296445,1004,65,783,3728.480907722842,1.005179161323614,74482.0,False,numeric_integer_optimum,3728.480907722842,5.0058818341650895,,,,,,,,,,,,,,,,,,
541,32,A1,0,ablation,optimal_numerical,True,pydantic-fielded-1000000,pydantic,fielded,1000000,668703,370927,6.353428800000984,397545472,370927,,,,,,,,3.50912000000244,2.2181003999976383,0.02319340000030934,0.2748332000010123,b73cfa6f51898d2a8f87f2b7ceb0cfda6ee177591e633fbba7df0a98ce3dc91f,296445,,65,783,,,,,,,,0.014732600000570528,0.9634989000005589,668703,126352,118557,15146,1205,12937,90660,106946,4886,4951,9916,12615,13619,True,0.0,
542,32,RG-add,0,ablation,FEASIBLE,True,pydantic-fielded-1000000,pydantic,fielded,1000000,668703,370927,13.119132599997101,403222528,371018,,,,,,,,10.289577800002007,2.2239353000004485,,,b73cfa6f51898d2a8f87f2b7ceb0cfda6ee177591e633fbba7df0a98ce3dc91f,296445,1004,65,783,,,,,,,,,0.9641805999999633,,,,,,,,,,,,,,True,0.024533129160185154,7.100037699998211
543,32,RG-prune,0,ablation,FEASIBLE,True,pydantic-fielded-1000000,pydantic,fielded,1000000,668703,370927,19.158028599998943,400764928,371111,,,,,,,,16.297555799999827,2.234929700000066,,,b73cfa6f51898d2a8f87f2b7ceb0cfda6ee177591e633fbba7df0a98ce3dc91f,296445,1004,65,783,,,,,,,,,0.9835882000006677,,,,,,,,,,,,,,True,0.04960544797224252,13.077450699998735
544,32,RG-add,1,ablation,FEASIBLE,True,pydantic-fielded-1000000,pydantic,fielded,1000000,668703,370927,13.23387360000197,403783680,371018,,,,,,,,10.356027999998332,2.2420456999971066,,,b73cfa6f51898d2a8f87f2b7ceb0cfda6ee177591e633fbba7df0a98ce3dc91f,296445,1004,65,783,,,,,,,,,0.997765400003118,,,,,,,,,,,,,,True,0.024533129160185154,7.114691299997503
545,32,RG-prune,1,ablation,FEASIBLE,True,pydantic-fielded-1000000,pydantic,fielded,1000000,668703,370927,19.213502899998275,405831680,371111,,,,,,,,16.362315200000012,2.230059400000755,,,b73cfa6f51898d2a8f87f2b7ceb0cfda6ee177591e633fbba7df0a98ce3dc91f,296445,1004,65,783,,,,,,,,,0.9745315999971353,,,,,,,,,,,,,,True,0.04960544797224252,13.156133799999225
546,32,A1,1,ablation,optimal_numerical,True,pydantic-fielded-1000000,pydantic,fielded,1000000,668703,370927,6.404254700002639,402907136,370927,,,,,,,,3.5477214000020467,2.2424958999981754,0.02331649999905494,0.2747745999986364,b73cfa6f51898d2a8f87f2b7ceb0cfda6ee177591e633fbba7df0a98ce3dc91f,296445,,65,783,,,,,,,,0.014930000001186272,0.977818200000911,668703,126352,118557,15146,1205,12937,90660,106946,4886,4951,9916,12615,13619,True,0.0,
547,32,RG-prune,2,ablation,FEASIBLE,True,pydantic-fielded-1000000,pydantic,fielded,1000000,668703,370927,19.264573199998267,404836352,371111,,,,,,,,16.413431100001617,2.2343171000029542,,,b73cfa6f51898d2a8f87f2b7ceb0cfda6ee177591e633fbba7df0a98ce3dc91f,296445,1004,65,783,,,,,,,,,0.9796338999985892,,,,,,,,,,,,,,True,0.04960544797224252,13.197766500001308
548,32,A1,2,ablation,optimal_numerical,True,pydantic-fielded-1000000,pydantic,fielded,1000000,668703,370927,6.3926443999989715,399486976,370927,,,,,,,,3.5427395000006072,2.2494893000002776,0.0227989000013622,0.278309099998296,b73cfa6f51898d2a8f87f2b7ceb0cfda6ee177591e633fbba7df0a98ce3dc91f,296445,,65,783,,,,,,,,0.015141899999434827,0.9612298000029114,668703,126352,118557,15146,1205,12937,90660,106946,4886,4951,9916,12615,13619,True,0.0,
549,32,RG-add,2,ablation,FEASIBLE,True,pydantic-fielded-1000000,pydantic,fielded,1000000,668703,370927,13.22426120000091,404148224,371018,,,,,,,,10.381098499998188,2.2424861999970744,,,b73cfa6f51898d2a8f87f2b7ceb0cfda6ee177591e633fbba7df0a98ce3dc91f,296445,1004,65,783,,,,,,,,,0.9559258000008413,,,,,,,,,,,,,,True,0.024533129160185154,7.180910799997946
550,11/10,LP-on,0,LP,LP_OPTIMAL_NUMERICAL,True,aiohttp-compact-100000,aiohttp,compact,100000,108915,320797/5,0.7220932000018365,120045568,,0,64114.035,298.735,0.5,0.0,True,,0.11657589999958873,0.11022999999840977,0.0019184000011591706,0.0037836000010429416,cc3a6afd5ad852dac85de7ac669df32d7f8d4d6579df0d17a433c5014800eb7f,638153/10,102,50,3,45.36499999999796,0.07070670860388027,344.1,False,numeric_integer_optimum,45.36499999999796,13.183667538505656,,,,,,,,,,,,,,,,,,
551,11/10,LP-off,0,LP,LP_OPTIMAL_NUMERICAL,True,aiohttp-compact-100000,aiohttp,compact,100000,108915,320797/5,0.717311400003382,116637696,,0,64114.035,298.735,0.5,0.0,True,,0.11242610000044806,0.10742450000179815,0.0018364000025030691,0.002524999999877764,cc3a6afd5ad852dac85de7ac669df32d7f8d4d6579df0d17a433c5014800eb7f,638153/10,102,50,3,45.36499999999796,0.07070670860388027,344.1,False,numeric_integer_optimum,45.36499999999796,13.183667538505656,,,,,,,,,,,,,,,,,,
552,11/10,A1,0,ablation,optimal_numerical,True,aiohttp-compact-100000,aiohttp,compact,100000,108915,320797/5,0.9354222000001755,131936256,320797/5,,,,,,,,0.19201690000045346,0.10990550000133226,0.00186309999844525,0.006612100001802901,cc3a6afd5ad852dac85de7ac669df32d7f8d4d6579df0d17a433c5014800eb7f,638153/10,,50,3,,,,,,,,0.0002902999985963106,0.06951399999888963,108915,24707,21572,3338,2513,723,20746,21470,720,770,3,204,306,True,0.0,
553,11/10,RG-add,0,ablation,FEASIBLE,True,aiohttp-compact-100000,aiohttp,compact,100000,108915,320797/5,0.9330492000008235,129728512,641603/10,,,,,,,,0.18384990000049584,0.10949090000212891,,,cc3a6afd5ad852dac85de7ac669df32d7f8d4d6579df0d17a433c5014800eb7f,638153/10,102,50,3,,,,,,,,,0.07080300000234274,,,,,,,,,,,,,,True,0.0014027562601894657,0.002756599998974707
554,11/10,RG-prune,0,ablation,FEASIBLE,True,aiohttp-compact-100000,aiohttp,compact,100000,108915,320797/5,0.936770999996952,130592768,128319/2,,,,,,,,0.20287900000039372,0.11634110000159126,,,cc3a6afd5ad852dac85de7ac669df32d7f8d4d6579df0d17a433c5014800eb7f,638153/10,102,50,3,,,,,,,,,0.08293249999769614,,,,,,,,,,,,,,True,0.0001558618066877184,0.002703299996937858
555,11/10,RG-add,1,ablation,FEASIBLE,True,aiohttp-compact-100000,aiohttp,compact,100000,108915,320797/5,0.9150373999982548,129413120,641603/10,,,,,,,,0.18363099999987753,0.10959890000231098,,,cc3a6afd5ad852dac85de7ac669df32d7f8d4d6579df0d17a433c5014800eb7f,638153/10,102,50,3,,,,,,,,,0.07069529999716906,,,,,,,,,,,,,,True,0.0014027562601894657,0.0025341000000480562
556,11/10,RG-prune,1,ablation,FEASIBLE,True,aiohttp-compact-100000,aiohttp,compact,100000,108915,320797/5,0.9627471000021615,129368064,128319/2,,,,,,,,0.17922439999892958,0.10740470000018831,,,cc3a6afd5ad852dac85de7ac669df32d7f8d4d6579df0d17a433c5014800eb7f,638153/10,102,50,3,,,,,,,,,0.06853640000190353,,,,,,,,,,,,,,True,0.0001558618066877184,0.002499099999113241
557,11/10,A1,1,ablation,optimal_numerical,True,aiohttp-compact-100000,aiohttp,compact,100000,108915,320797/5,0.9539027999999234,132960256,320797/5,,,,,,,,0.18984090000230935,0.10622320000038599,0.0022693999999319203,0.00564229999872623,cc3a6afd5ad852dac85de7ac669df32d7f8d4d6579df0d17a433c5014800eb7f,638153/10,,50,3,,,,,,,,0.0002969999986817129,0.07183069999882719,108915,24707,21572,3338,2513,723,20746,21470,720,770,3,204,306,True,0.0,
558,11/10,RG-prune,2,ablation,FEASIBLE,True,aiohttp-compact-100000,aiohttp,compact,100000,108915,320797/5,0.9197959000011906,130072576,128319/2,,,,,,,,0.1832207000006747,0.10886700000264682,,,cc3a6afd5ad852dac85de7ac669df32d7f8d4d6579df0d17a433c5014800eb7f,638153/10,102,50,3,,,,,,,,,0.07097710000016377,,,,,,,,,,,,,,True,0.0001558618066877184,0.002582799999800045
559,11/10,A1,2,ablation,optimal_numerical,True,aiohttp-compact-100000,aiohttp,compact,100000,108915,320797/5,0.951669199999742,132136960,320797/5,,,,,,,,0.21263170000020182,0.11544409999987693,0.002138699997885851,0.006800399998610374,cc3a6afd5ad852dac85de7ac669df32d7f8d4d6579df0d17a433c5014800eb7f,638153/10,,50,3,,,,,,,,0.00033070000063162297,0.08404909999808297,108915,24707,21572,3338,2513,723,20746,21470,720,770,3,204,306,True,0.0,
560,11/10,RG-add,2,ablation,FEASIBLE,True,aiohttp-compact-100000,aiohttp,compact,100000,108915,320797/5,0.9114143000006152,131264512,641603/10,,,,,,,,0.1812315999995917,0.1089334999996936,,,cc3a6afd5ad852dac85de7ac669df32d7f8d4d6579df0d17a433c5014800eb7f,638153/10,102,50,3,,,,,,,,,0.06886459999805083,,,,,,,,,,,,,,True,0.0014027562601894657,0.00265410000065458
561,5/4,LP-on,0,LP,LP_OPTIMAL_NUMERICAL,True,aiohttp-compact-100000,aiohttp,compact,100000,108915,64544,0.7260262000017974,119406592,,0,64499.108928571426,306.8589285714286,0.5,0.0,True,,0.11451039999883506,0.10900179999953252,0.0019458999995549675,0.0029021999980614055,44a49a3d3a38b484ff8e0100a07ba6fe434058c251574e8a47b5bac16b05b32b,256769/4,102,50,3,44.89107142857392,0.06955111463276822,351.75,False,numeric_integer_optimum,44.89107142857392,12.76220936135719,,,,,,,,,,,,,,,,,,
562,5/4,LP-off,0,LP,LP_OPTIMAL_NUMERICAL,True,aiohttp-compact-100000,aiohttp,compact,100000,108915,64544,0.7202139000000898,116752384,,0,64499.108928571426,306.8589285714286,0.5,0.0,True,,0.11192129999835743,0.1064702000003308,0.002151400000002468,0.002588900002592709,44a49a3d3a38b484ff8e0100a07ba6fe434058c251574e8a47b5bac16b05b32b,256769/4,102,50,3,44.89107142857392,0.06955111463276822,351.75,False,numeric_integer_optimum,44.89107142857392,12.76220936135719,,,,,,,,,,,,,,,,,,
563,5/4,A1,0,ablation,optimal_numerical,True,aiohttp-compact-100000,aiohttp,compact,100000,108915,64544,0.9303939999990689,131973120,64544,,,,,,,,0.19497789999877568,0.10657619999983581,0.004641700001229765,0.008191500000975793,44a49a3d3a38b484ff8e0100a07ba6fe434058c251574e8a47b5bac16b05b32b,256769/4,,50,3,,,,,,,,0.0003060000017285347,0.07152599999972153,108915,24707,21572,3338,2513,723,20746,21470,720,770,3,204,306,True,0.0,
564,5/4,RG-add,0,ablation,FEASIBLE,True,aiohttp-compact-100000,aiohttp,compact,100000,108915,64544,0.9145035000001371,128757760,258179/4,,,,,,,,0.1809910999982094,0.10928970000168192,,,44a49a3d3a38b484ff8e0100a07ba6fe434058c251574e8a47b5bac16b05b32b,256769/4,102,50,3,,,,,,,,,0.0683723000001919,,,,,,,,,,,,,,True,0.0011619980168567179,0.002558700001827674
565,5/4,RG-prune,0,ablation,FEASIBLE,True,aiohttp-compact-100000,aiohttp,compact,100000,108915,64544,0.9206082000018796,129982464,258177/4,,,,,,,,0.18070150000130525,0.10813019999841345,,,44a49a3d3a38b484ff8e0100a07ba6fe434058c251574e8a47b5bac16b05b32b,256769/4,102,50,3,,,,,,,,,0.06877770000210148,,,,,,,,,,,,,,True,0.0003873326722855726,0.0028166000010969583
566,5/4,RG-add,1,ablation,FEASIBLE,True,aiohttp-compact-100000,aiohttp,compact,100000,108915,64544,0.9457306000003882,130785280,258179/4,,,,,,,,0.18846860000121524,0.10770439999760129,,,44a49a3d3a38b484ff8e0100a07ba6fe434058c251574e8a47b5bac16b05b32b,256769/4,102,50,3,,,,,,,,,0.07412309999926947,,,,,,,,,,,,,,True,0.0011619980168567179,0.005839100002049236
567,5/4,RG-prune,1,ablation,FEASIBLE,True,aiohttp-compact-100000,aiohttp,compact,100000,108915,64544,0.9086710000010498,130560000,258177/4,,,,,,,,0.17897310000262223,0.10593030000018189,,,44a49a3d3a38b484ff8e0100a07ba6fe434058c251574e8a47b5bac16b05b32b,256769/4,102,50,3,,,,,,,,,0.06944999999905122,,,,,,,,,,,,,,True,0.0003873326722855726,0.0028143000017735176
568,5/4,A1,1,ablation,optimal_numerical,True,aiohttp-compact-100000,aiohttp,compact,100000,108915,64544,0.925635700001294,130076672,64544,,,,,,,,0.18954289999965113,0.10717859999931534,0.0019495999986247625,0.006863399998110253,44a49a3d3a38b484ff8e0100a07ba6fe434058c251574e8a47b5bac16b05b32b,256769/4,,50,3,,,,,,,,0.00030949999927543104,0.06964410000000498,108915,24707,21572,3338,2513,723,20746,21470,720,770,3,204,306,True,0.0,
569,5/4,RG-prune,2,ablation,FEASIBLE,True,aiohttp-compact-100000,aiohttp,compact,100000,108915,64544,0.9162311000000045,130805760,258177/4,,,,,,,,0.17730330000267713,0.10776999999870895,,,44a49a3d3a38b484ff8e0100a07ba6fe434058c251574e8a47b5bac16b05b32b,256769/4,102,50,3,,,,,,,,,0.0662090999976499,,,,,,,,,,,,,,True,0.0003873326722855726,0.00254779999886523
570,5/4,A1,2,ablation,optimal_numerical,True,aiohttp-compact-100000,aiohttp,compact,100000,108915,64544,0.9419932999990124,132362240,64544,,,,,,,,0.19208119999893825,0.10705390000293846,0.0035881999974662904,0.00814419999733218,44a49a3d3a38b484ff8e0100a07ba6fe434058c251574e8a47b5bac16b05b32b,256769/4,,50,3,,,,,,,,0.00030610000248998404,0.0694151999996393,108915,24707,21572,3338,2513,723,20746,21470,720,770,3,204,306,True,0.0,
571,5/4,RG-add,2,ablation,FEASIBLE,True,aiohttp-compact-100000,aiohttp,compact,100000,108915,64544,0.9271028999974078,128765952,258179/4,,,,,,,,0.1810568000000785,0.10658880000119098,,,44a49a3d3a38b484ff8e0100a07ba6fe434058c251574e8a47b5bac16b05b32b,256769/4,102,50,3,,,,,,,,,0.07003790000089793,,,,,,,,,,,,,,True,0.0011619980168567179,0.0028110999992350116
572,3/2,LP-on,0,LP,LP_OPTIMAL_NUMERICAL,True,aiohttp-compact-100000,aiohttp,compact,100000,108915,65185,0.7286162000018521,119451648,,0,65140.89880952381,320.3988095238095,0.5,0.0,True,,0.1157610999980534,0.10915899999963585,0.0020564000005833805,0.003924100001313491,a772336f5a93df99caf9306d4a665fe44f4b2d7ee0e21e9391ea43bfb648c87a,129641/2,102,50,3,44.10119047619082,0.06765542759253021,364.5,False,numeric_integer_optimum,44.10119047619082,12.099092037363738,,,,,,,,,,,,,,,,,,
573,3/2,LP-off,0,LP,LP_OPTIMAL_NUMERICAL,True,aiohttp-compact-100000,aiohttp,compact,100000,108915,65185,0.7256916000005731,119218176,,0,65140.89880952381,320.3988095238095,0.5,0.0,True,,0.1100709000020288,0.10520420000102604,0.0018982000001415145,0.0023331000011239666,a772336f5a93df99caf9306d4a665fe44f4b2d7ee0e21e9391ea43bfb648c87a,129641/2,102,50,3,44.10119047619082,0.06765542759253021,364.5,False,numeric_integer_optimum,44.10119047619082,12.099092037363738,,,,,,,,,,,,,,,,,,
574,3/2,A1,0,ablation,optimal_numerical,True,aiohttp-compact-100000,aiohttp,compact,100000,108915,65185,0.9421020999980101,132415488,65185,,,,,,,,0.19278549999944516,0.1057226000011724,0.0019339999998919666,0.010236599999188911,a772336f5a93df99caf9306d4a665fe44f4b2d7ee0e21e9391ea43bfb648c87a,129641/2,,50,3,,,,,,,,0.00034559999767225236,0.07070799999928568,108915,24707,21572,3338,2513,723,20746,21470,720,770,3,204,306,True,0.0,
575,3/2,RG-add,0,ablation,FEASIBLE,True,aiohttp-compact-100000,aiohttp,compact,100000,108915,65185,0.9198429000025499,129945600,130371/2,,,,,,,,0.1825143999994907,0.109304699999484,,,a772336f5a93df99caf9306d4a665fe44f4b2d7ee0e21e9391ea43bfb648c87a,129641/2,102,50,3,,,,,,,,,0.06924969999818131,,,,,,,,,,,,,,True,0.0007670476336580502,0.0031982000000425614
576,3/2,RG-prune,0,ablation,FEASIBLE,True,aiohttp-compact-100000,aiohttp,compact,100000,108915,65185,0.9075406000010844,130711552,130371/2,,,,,,,,0.17960699999821372,0.10760750000190455,,,a772336f5a93df99caf9306d4a665fe44f4b2d7ee0e21e9391ea43bfb648c87a,129641/2,102,50,3,,,,,,,,,0.06872369999837247,,,,,,,,,,,,,,True,0.0007670476336580502,0.002488999998604413
577,3/2,RG-add,1,ablation,FEASIBLE,True,aiohttp-compact-100000,aiohttp,compact,100000,108915,65185,0.9343776999994589,130969600,130371/2,,,,,,,,0.1857170999974187,0.1080961000006937,,,a772336f5a93df99caf9306d4a665fe44f4b2d7ee0e21e9391ea43bfb648c87a,129641/2,102,50,3,,,,,,,,,0.0710572999996657,,,,,,,,,,,,,,True,0.0007670476336580502,0.005746099999669241
578,3/2,RG-prune,1,ablation,FEASIBLE,True,aiohttp-compact-100000,aiohttp,compact,100000,108915,65185,0.9096423000009963,129437696,130371/2,,,,,,,,0.1775229999984731,0.10781839999981457,,,a772336f5a93df99caf9306d4a665fe44f4b2d7ee0e21e9391ea43bfb648c87a,129641/2,102,50,3,,,,,,,,,0.06642130000182078,,,,,,,,,,,,,,True,0.0007670476336580502,0.002487900001142407
579,3/2,A1,1,ablation,optimal_numerical,True,aiohttp-compact-100000,aiohttp,compact,100000,108915,65185,0.9740692000013951,132493312,65185,,,,,,,,0.19480770000154735,0.10882839999976568,0.002200200000515906,0.0075450000003911555,a772336f5a93df99caf9306d4a665fe44f4b2d7ee0e21e9391ea43bfb648c87a,129641/2,,50,3,,,,,,,,0.000303700002405094,0.06973479999942356,108915,24707,21572,3338,2513,723,20746,21470,720,770,3,204,306,True,0.0,
580,3/2,RG-prune,2,ablation,FEASIBLE,True,aiohttp-compact-100000,aiohttp,compact,100000,108915,65185,0.9217420999993919,130592768,130371/2,,,,,,,,0.1841841999994358,0.1099303000009968,,,a772336f5a93df99caf9306d4a665fe44f4b2d7ee0e21e9391ea43bfb648c87a,129641/2,102,50,3,,,,,,,,,0.07089739999719313,,,,,,,,,,,,,,True,0.0007670476336580502,0.002583599998615682
581,3/2,A1,2,ablation,optimal_numerical,True,aiohttp-compact-100000,aiohttp,compact,100000,108915,65185,0.9583205000017188,131956736,65185,,,,,,,,0.1943792999991274,0.10784200000125566,0.0032055999981821515,0.006921000000147615,a772336f5a93df99caf9306d4a665fe44f4b2d7ee0e21e9391ea43bfb648c87a,129641/2,,50,3,,,,,,,,0.0002679999997781124,0.07193719999850146,108915,24707,21572,3338,2513,723,20746,21470,720,770,3,204,306,True,0.0,
582,3/2,RG-add,2,ablation,FEASIBLE,True,aiohttp-compact-100000,aiohttp,compact,100000,108915,65185,0.9134739000000991,130428928,130371/2,,,,,,,,0.18139180000071065,0.10765880000326433,,,a772336f5a93df99caf9306d4a665fe44f4b2d7ee0e21e9391ea43bfb648c87a,129641/2,102,50,3,,,,,,,,,0.06993150000198511,,,,,,,,,,,,,,True,0.0007670476336580502,0.0029207999978098087
583,2,LP-on,0,LP,LP_OPTIMAL_NUMERICAL,True,aiohttp-compact-100000,aiohttp,compact,100000,108915,66467,0.7298691999967559,120102912,,0,66436.67857142857,162.67857142857144,0.5,0.0,True,,0.11536890000206768,0.1062433000006422,0.004357300000265241,0.0040120000012393575,5775893b127f9f242f6be42f1e12eb7bf3f332a5191dc6025aa196466e1f9e43,66274,46,22,3,30.321428571434808,0.045618771076526406,193.0,False,numeric_integer_optimum,30.321428571434808,15.710584752038761,,,,,,,,,,,,,,,,,,
584,2,LP-off,0,LP,LP_OPTIMAL_NUMERICAL,True,aiohttp-compact-100000,aiohttp,compact,100000,108915,66467,0.7138935000002675,117145600,,0,66436.67857142857,162.67857142857144,0.5,0.0,True,,0.11269679999895743,0.10603380000247853,0.003553099999408005,0.002487899997504428,5775893b127f9f242f6be42f1e12eb7bf3f332a5191dc6025aa196466e1f9e43,66274,46,22,3,30.321428571434808,0.045618771076526406,193.0,False,numeric_integer_optimum,30.321428571434808,15.710584752038761,,,,,,,,,,,,,,,,,,
585,2,A1,0,ablation,optimal_numerical,True,aiohttp-compact-100000,aiohttp,compact,100000,108915,66467,0.9141965999988315,130588672,66467,,,,,,,,0.18295500000022002,0.10544490000029327,0.0018082999995385762,0.00431150000076741,5775893b127f9f242f6be42f1e12eb7bf3f332a5191dc6025aa196466e1f9e43,66274,,22,3,,,,,,,,0.00020980000044801272,0.06732340000235126,108915,24707,21572,3338,2539,753,20772,21526,748,770,3,92,138,True,0.0,
586,2,RG-add,0,ablation,FEASIBLE,True,aiohttp-compact-100000,aiohttp,compact,100000,108915,66467,0.9156865999975707,131219456,66467,,,,,,,,0.17833710000195424,0.10647489999973914,,,5775893b127f9f242f6be42f1e12eb7bf3f332a5191dc6025aa196466e1f9e43,66274,46,22,3,,,,,,,,,0.06917189999876427,,,,,,,,,,,,,,True,0.0,0.001982300000236137
587,2,RG-prune,0,ablation,FEASIBLE,True,aiohttp-compact-100000,aiohttp,compact,100000,108915,66467,0.9110617999976967,130609152,66468,,,,,,,,0.17900960000042687,0.10590869999941788,,,5775893b127f9f242f6be42f1e12eb7bf3f332a5191dc6025aa196466e1f9e43,66274,46,22,3,,,,,,,,,0.0702023999983794,,,,,,,,,,,,,,True,0.001504505995456392,0.0019406999999773689
588,2,RG-add,1,ablation,FEASIBLE,True,aiohttp-compact-100000,aiohttp,compact,100000,108915,66467,0.9326069999988249,129949696,66467,,,,,,,,0.1840050999999221,0.10866690000329982,,,5775893b127f9f242f6be42f1e12eb7bf3f332a5191dc6025aa196466e1f9e43,66274,46,22,3,,,,,,,,,0.06897979999848758,,,,,,,,,,,,,,True,0.0,0.00551140000243322
589,2,RG-prune,1,ablation,FEASIBLE,True,aiohttp-compact-100000,aiohttp,compact,100000,108915,66467,0.9140186000004178,131690496,66468,,,,,,,,0.17974270000195247,0.10718090000227676,,,5775893b127f9f242f6be42f1e12eb7bf3f332a5191dc6025aa196466e1f9e43,66274,46,22,3,,,,,,,,,0.06980969999858644,,,,,,,,,,,,,,True,0.001504505995456392,0.0019463999997242354
590,2,A1,1,ablation,optimal_numerical,True,aiohttp-compact-100000,aiohttp,compact,100000,108915,66467,0.9244271000025037,132141056,66467,,,,,,,,0.18697939999765367,0.10636969999904977,0.0017052999974112026,0.005222600000706734,5775893b127f9f242f6be42f1e12eb7bf3f332a5191dc6025aa196466e1f9e43,66274,,22,3,,,,,,,,0.0002505000011296943,0.06869119999828399,108915,24707,21572,3338,2539,753,20772,21526,748,770,3,92,138,True,0.0,
591,2,RG-prune,2,ablation,FEASIBLE,True,aiohttp-compact-100000,aiohttp,compact,100000,108915,66467,0.9667168999985734,130342912,66468,,,,,,,,0.1965079000001424,0.12111359999835258,,,5775893b127f9f242f6be42f1e12eb7bf3f332a5191dc6025aa196466e1f9e43,66274,46,22,3,,,,,,,,,0.07199019999825396,,,,,,,,,,,,,,True,0.001504505995456392,0.002304600002389634
592,2,A1,2,ablation,optimal_numerical,True,aiohttp-compact-100000,aiohttp,compact,100000,108915,66467,0.9295184000002337,132308992,66467,,,,,,,,0.1912585999998555,0.10880920000272454,0.003649599999334896,0.004472600001463434,5775893b127f9f242f6be42f1e12eb7bf3f332a5191dc6025aa196466e1f9e43,66274,,22,3,,,,,,,,0.00022059999901102856,0.07049719999849913,108915,24707,21572,3338,2539,753,20772,21526,748,770,3,92,138,True,0.0,
593,2,RG-add,2,ablation,FEASIBLE,True,aiohttp-compact-100000,aiohttp,compact,100000,108915,66467,0.9024433000013232,128438272,66467,,,,,,,,0.18080990000089514,0.1087721000003512,,,5775893b127f9f242f6be42f1e12eb7bf3f332a5191dc6025aa196466e1f9e43,66274,46,22,3,,,,,,,,,0.06945850000192877,,,,,,,,,,,,,,True,0.0,0.0017987999999604654
594,32,LP-on,0,LP,LP_OPTIMAL_NUMERICAL,True,aiohttp-compact-100000,aiohttp,compact,100000,108915,86228,0.7980685000002268,119762944,,0,86099.94981070701,4155.9498107070085,0.5,0.0,True,,0.19135630000164383,0.183535899999697,0.0023490000021411106,0.004684699997596908,65a19bc900f9dbb34c80750d7976522a2e057faf5a0f18612fae09748b815bb8,81944,57,17,7,128.05018929298967,0.14850186632299214,4284.0,False,numeric_integer_optimum,128.05018929298967,2.989033363515165,,,,,,,,,,,,,,,,,,
595,32,LP-off,0,LP,LP_OPTIMAL_NUMERICAL,True,aiohttp-compact-100000,aiohttp,compact,100000,108915,86228,0.8016731999996409,119484416,,0,86099.94981070701,4155.9498107070085,0.5,0.0,True,,0.18999849999818252,0.18289430000004359,0.002743900000496069,0.00369440000213217,65a19bc900f9dbb34c80750d7976522a2e057faf5a0f18612fae09748b815bb8,81944,57,17,7,128.05018929298967,0.14850186632299214,4284.0,False,numeric_integer_optimum,128.05018929298967,2.989033363515165,,,,,,,,,,,,,,,,,,
596,32,A1,0,ablation,optimal_numerical,True,aiohttp-compact-100000,aiohttp,compact,100000,108915,86228,1.023716499999864,134402048,86228,,,,,,,,0.3203118000019458,0.18518390000099316,0.00271950000023935,0.010885300001973519,65a19bc900f9dbb34c80750d7976522a2e057faf5a0f18612fae09748b815bb8,81944,,17,7,,,,,,,,0.0006973999988986179,0.11734759999671951,108915,24707,21572,3338,194,3087,17305,21147,1822,1839,73,482,539,True,0.0,
597,32,RG-add,0,ablation,FEASIBLE,True,aiohttp-compact-100000,aiohttp,compact,100000,108915,86228,1.0135459000011906,131428352,86243,,,,,,,,0.3042217999973218,0.18442480000157957,,,65a19bc900f9dbb34c80750d7976522a2e057faf5a0f18612fae09748b815bb8,81944,57,17,7,,,,,,,,,0.11513710000144783,,,,,,,,,,,,,,True,0.0173957415224753,0.003799300000537187
598,32,RG-prune,0,ablation,FEASIBLE,True,aiohttp-compact-100000,aiohttp,compact,100000,108915,86228,1.012370500000543,133459968,86258,,,,,,,,0.31144220000351197,0.1862836000000243,,,65a19bc900f9dbb34c80750d7976522a2e057faf5a0f18612fae09748b815bb8,81944,57,17,7,,,,,,,,,0.11876150000171037,,,,,,,,,,,,,,True,0.0347914830449506,0.00572699999975157
599,32,RG-add,1,ablation,FEASIBLE,True,aiohttp-compact-100000,aiohttp,compact,100000,108915,86228,1.039052600001014,135520256,86243,,,,,,,,0.3066521000000648,0.18465590000050724,,,65a19bc900f9dbb34c80750d7976522a2e057faf5a0f18612fae09748b815bb8,81944,57,17,7,,,,,,,,,0.11700790000031702,,,,,,,,,,,,,,True,0.0173957415224753,0.004165599999396363
600,32,RG-prune,1,ablation,FEASIBLE,True,aiohttp-compact-100000,aiohttp,compact,100000,108915,86228,1.011714000000211,135057408,86258,,,,,,,,0.30833480000001146,0.18282199999885052,,,65a19bc900f9dbb34c80750d7976522a2e057faf5a0f18612fae09748b815bb8,81944,57,17,7,,,,,,,,,0.11958550000053947,,,,,,,,,,,,,,True,0.0347914830449506,0.005102300001453841
601,32,A1,1,ablation,optimal_numerical,True,aiohttp-compact-100000,aiohttp,compact,100000,108915,86228,1.0249156999998377,135303168,86228,,,,,,,,0.31561169999986305,0.18147119999775896,0.0024357999973290134,0.009333500001957873,65a19bc900f9dbb34c80750d7976522a2e057faf5a0f18612fae09748b815bb8,81944,,17,7,,,,,,,,0.0005490000003192108,0.11807020000196644,108915,24707,21572,3338,194,3087,17305,21147,1822,1839,73,482,539,True,0.0,
602,32,RG-prune,2,ablation,FEASIBLE,True,aiohttp-compact-100000,aiohttp,compact,100000,108915,86228,1.0153567000015755,131895296,86258,,,,,,,,0.31053049999900395,0.1846718000015244,,,65a19bc900f9dbb34c80750d7976522a2e057faf5a0f18612fae09748b815bb8,81944,57,17,7,,,,,,,,,0.11982150000039837,,,,,,,,,,,,,,True,0.0347914830449506,0.0052794000002904795
603,32,A1,2,ablation,optimal_numerical,True,aiohttp-compact-100000,aiohttp,compact,100000,108915,86228,1.063795999998547,136859648,86228,,,,,,,,0.3192434999982652,0.18318070000168518,0.0026343999998061918,0.009459000000788365,65a19bc900f9dbb34c80750d7976522a2e057faf5a0f18612fae09748b815bb8,81944,,17,7,,,,,,,,0.000687899999320507,0.11942260000068927,108915,24707,21572,3338,194,3087,17305,21147,1822,1839,73,482,539,True,0.0,
604,32,RG-add,2,ablation,FEASIBLE,True,aiohttp-compact-100000,aiohttp,compact,100000,108915,86228,1.005110500002047,131833856,86243,,,,,,,,0.3089527999982238,0.18465329999889946,,,65a19bc900f9dbb34c80750d7976522a2e057faf5a0f18612fae09748b815bb8,81944,57,17,7,,,,,,,,,0.11666999999943073,,,,,,,,,,,,,,True,0.0173957415224753,0.006923999997525243
605,11/10,LP-on,0,LP,LP_OPTIMAL_NUMERICAL,True,aiohttp-compact-1000000,aiohttp,compact,1000000,231531,1250127/10,1.2081938000010268,171761664,,0,124946.45153846154,464.45153846153846,0.5,0.0,True,,0.24349260000235518,0.2373416999980691,0.002297099999850616,0.003124200000456767,405e55eae1c88c87f0050b2b0857d7805d2e3a0a0316940f2a5349ea2d8de80a,124482,157,77,3,66.2484615384601,0.052993385102841635,530.7,False,numeric_integer_optimum,66.2484615384601,12.48322244930471,,,,,,,,,,,,,,,,,,
606,11/10,LP-off,0,LP,LP_OPTIMAL_NUMERICAL,True,aiohttp-compact-1000000,aiohttp,compact,1000000,231531,1250127/10,1.206809200000862,171798528,,0,124946.45153846154,464.45153846153846,0.5,0.0,True,,0.24754010000106064,0.24122499999793945,0.0027449000008346047,0.0029125000000931323,405e55eae1c88c87f0050b2b0857d7805d2e3a0a0316940f2a5349ea2d8de80a,124482,157,77,3,66.2484615384601,0.052993385102841635,530.7,False,numeric_integer_optimum,66.2484615384601,12.48322244930471,,,,,,,,,,,,,,,,,,
607,11/10,A1,0,ablation,optimal_numerical,True,aiohttp-compact-1000000,aiohttp,compact,1000000,231531,1250127/10,1.6763781000008748,191389696,1250127/10,,,,,,,,0.538292499997624,0.24386500000036904,0.002168600000004517,0.008522000000084518,405e55eae1c88c87f0050b2b0857d7805d2e3a0a0316940f2a5349ea2d8de80a,124482,,77,3,,,,,,,,0.00038639999911538325,0.2766598999987764,231531,46482,41231,6397,4900,1340,39722,41074,1337,1414,3,314,471,True,0.0,
608,11/10,RG-add,0,ablation,FEASIBLE,True,aiohttp-compact-1000000,aiohttp,compact,1000000,231531,1250127/10,1.6650552000028256,190451712,1250127/10,,,,,,,,0.5154253000000608,0.2427988000017649,,,405e55eae1c88c87f0050b2b0857d7805d2e3a0a0316940f2a5349ea2d8de80a,124482,157,77,3,,,,,,,,,0.2682454999994661,,,,,,,,,,,,,,True,0.0,0.0033217000018339604
609,11/10,RG-prune,0,ablation,FEASIBLE,True,aiohttp-compact-1000000,aiohttp,compact,1000000,231531,1250127/10,1.6679287000006298,189890560,1250129/10,,,,,,,,0.535402299999987,0.24980240000149934,,,405e55eae1c88c87f0050b2b0857d7805d2e3a0a0316940f2a5349ea2d8de80a,124482,157,77,3,,,,,,,,,0.2803706000013335,,,,,,,,,,,,,,True,0.0001599837456514418,0.004194299999653595
610,11/10,RG-add,1,ablation,FEASIBLE,True,aiohttp-compact-1000000,aiohttp,compact,1000000,231531,1250127/10,1.643669500001124,192266240,1250127/10,,,,,,,,0.5115050000022165,0.24136160000125528,,,405e55eae1c88c87f0050b2b0857d7805d2e3a0a0316940f2a5349ea2d8de80a,124482,157,77,3,,,,,,,,,0.26598770000055083,,,,,,,,,,,,,,True,0.0,0.003207400000974303
611,11/10,RG-prune,1,ablation,FEASIBLE,True,aiohttp-compact-1000000,aiohttp,compact,1000000,231531,1250127/10,1.657430100000056,189734912,1250129/10,,,,,,,,0.5096266000000469,0.23865329999898677,,,405e55eae1c88c87f0050b2b0857d7805d2e3a0a0316940f2a5349ea2d8de80a,124482,157,77,3,,,,,,,,,0.2664296999973885,,,,,,,,,,,,,,True,0.0001599837456514418,0.0033488999979454093
612,11/10,A1,1,ablation,optimal_numerical,True,aiohttp-compact-1000000,aiohttp,compact,1000000,231531,1250127/10,1.6553261000008206,191401984,1250127/10,,,,,,,,0.5233800999994855,0.23969489999944926,0.0022729000011167955,0.0084584000032919,405e55eae1c88c87f0050b2b0857d7805d2e3a0a0316940f2a5349ea2d8de80a,124482,,77,3,,,,,,,,0.00037119999979040585,0.26444599999740603,231531,46482,41231,6397,4900,1340,39722,41074,1337,1414,3,314,471,True,0.0,
613,11/10,RG-prune,2,ablation,FEASIBLE,True,aiohttp-compact-1000000,aiohttp,compact,1000000,231531,1250127/10,1.6936748000007356,190365696,1250129/10,,,,,,,,0.5115167000003566,0.24322549999851617,,,405e55eae1c88c87f0050b2b0857d7805d2e3a0a0316940f2a5349ea2d8de80a,124482,157,77,3,,,,,,,,,0.2641978999999992,,,,,,,,,,,,,,True,0.0001599837456514418,0.0031438999976671766
614,11/10,A1,2,ablation,optimal_numerical,True,aiohttp-compact-1000000,aiohttp,compact,1000000,231531,1250127/10,1.6542675999990024,191094784,1250127/10,,,,,,,,0.5258247000019765,0.24170069999672705,0.0024703000017325394,0.007498200000554789,405e55eae1c88c87f0050b2b0857d7805d2e3a0a0316940f2a5349ea2d8de80a,124482,,77,3,,,,,,,,0.0003825000021606684,0.2687439000001177,231531,46482,41231,6397,4900,1340,39722,41074,1337,1414,3,314,471,True,0.0,
615,11/10,RG-add,2,ablation,FEASIBLE,True,aiohttp-compact-1000000,aiohttp,compact,1000000,231531,1250127/10,1.6737854000020889,190935040,1250127/10,,,,,,,,0.5118179000019154,0.24062229999981355,,,405e55eae1c88c87f0050b2b0857d7805d2e3a0a0316940f2a5349ea2d8de80a,124482,157,77,3,,,,,,,,,0.2652864000010595,,,,,,,,,,,,,,True,0.0,0.003431799999816576
616,5/4,LP-on,0,LP,LP_OPTIMAL_NUMERICAL,True,aiohttp-compact-1000000,aiohttp,compact,1000000,231531,503037/4,1.2158764999985578,171593728,,0,125694.19807692307,477.1980769230769,0.5,0.0,True,,0.24990619999880437,0.24226459999772487,0.002260900000692345,0.004709000000730157,9dfefa849e7b2def72679708cf39f09c28c47cfc8b92b9e60e5e53c928c44c70,125217,157,77,3,65.05192307692778,0.05172734655854562,542.25,False,numeric_integer_optimum,65.05192307692778,11.996666312019876,,,,,,,,,,,,,,,,,,
617,5/4,LP-off,0,LP,LP_OPTIMAL_NUMERICAL,True,aiohttp-compact-1000000,aiohttp,compact,1000000,231531,503037/4,1.218806200002291,171069440,,0,125694.19807692307,477.1980769230769,0.5,0.0,True,,0.24726030000238097,0.24120029999903636,0.0023372999967250507,0.0030698999980813824,9dfefa849e7b2def72679708cf39f09c28c47cfc8b92b9e60e5e53c928c44c70,125217,157,77,3,65.05192307692778,0.05172734655854562,542.25,False,numeric_integer_optimum,65.05192307692778,11.996666312019876,,,,,,,,,,,,,,,,,,
618,5/4,A1,0,ablation,optimal_numerical,True,aiohttp-compact-1000000,aiohttp,compact,1000000,231531,503037/4,1.6772185000008903,193048576,503037/4,,,,,,,,0.5391345999996702,0.2496406999998726,0.0025850000020000152,0.009606299998267787,9dfefa849e7b2def72679708cf39f09c28c47cfc8b92b9e60e5e53c928c44c70,125217,,77,3,,,,,,,,0.0004576999999699183,0.2713050000020303,231531,46482,41231,6397,4900,1340,39722,41074,1337,1414,3,314,471,True,0.0,
619,5/4,RG-add,0,ablation,FEASIBLE,True,aiohttp-compact-1000000,aiohttp,compact,1000000,231531,503037/4,1.6479190999998536,193667072,503037/4,,,,,,,,0.5104724999982864,0.23986989999684738,,,9dfefa849e7b2def72679708cf39f09c28c47cfc8b92b9e60e5e53c928c44c70,125217,157,77,3,,,,,,,,,0.26618459999735933,,,,,,,,,,,,,,True,0.0,0.003488500002276851
620,5/4,RG-prune,0,ablation,FEASIBLE,True,aiohttp-compact-1000000,aiohttp,compact,1000000,231531,503037/4,1.644190200000594,190844928,503039/4,,,,,,,,0.5099442999999155,0.23942950000127894,,,9dfefa849e7b2def72679708cf39f09c28c47cfc8b92b9e60e5e53c928c44c70,125217,157,77,3,,,,,,,,,0.2664057000001776,,,,,,,,,,,,,,True,0.00039758506829517507,0.0032138999995368067
621,5/4,RG-add,1,ablation,FEASIBLE,True,aiohttp-compact-1000000,aiohttp,compact,1000000,231531,503037/4,1.6376897000009194,190824448,503037/4,,,,,,,,0.5097543000010774,0.24020089999976335,,,9dfefa849e7b2def72679708cf39f09c28c47cfc8b92b9e60e5e53c928c44c70,125217,157,77,3,,,,,,,,,0.26339960000041174,,,,,,,,,,,,,,True,0.0,0.005225000000791624
622,5/4,RG-prune,1,ablation,FEASIBLE,True,aiohttp-compact-1000000,aiohttp,compact,1000000,231531,503037/4,1.6586453999989317,190578688,503039/4,,,,,,,,0.5096332000030088,0.23992319999888423,,,9dfefa849e7b2def72679708cf39f09c28c47cfc8b92b9e60e5e53c928c44c70,125217,157,77,3,,,,,,,,,0.2654936999970232,,,,,,,,,,,,,,True,0.00039758506829517507,0.0032628999979351647
623,5/4,A1,1,ablation,optimal_numerical,True,aiohttp-compact-1000000,aiohttp,compact,1000000,231531,503037/4,1.6826013999998395,191754240,503037/4,,,,,,,,0.5247372000012547,0.24377499999900465,0.0024628999999549706,0.00757290000183275,9dfefa849e7b2def72679708cf39f09c28c47cfc8b92b9e60e5e53c928c44c70,125217,,77,3,,,,,,,,0.00039679999827058055,0.2653183000002173,231531,46482,41231,6397,4900,1340,39722,41074,1337,1414,3,314,471,True,0.0,
624,5/4,RG-prune,2,ablation,FEASIBLE,True,aiohttp-compact-1000000,aiohttp,compact,1000000,231531,503037/4,1.6476082000008319,190156800,503039/4,,,,,,,,0.5096988000004785,0.23819860000003246,,,9dfefa849e7b2def72679708cf39f09c28c47cfc8b92b9e60e5e53c928c44c70,125217,157,77,3,,,,,,,,,0.26736910000181524,,,,,,,,,,,,,,True,0.00039758506829517507,0.003222499999537831
625,5/4,A1,2,ablation,optimal_numerical,True,aiohttp-compact-1000000,aiohttp,compact,1000000,231531,503037/4,1.6693077000018093,192638976,503037/4,,,,,,,,0.5268242000020109,0.24139030000151251,0.0025052999990293756,0.007395299999188865,9dfefa849e7b2def72679708cf39f09c28c47cfc8b92b9e60e5e53c928c44c70,125217,,77,3,,,,,,,,0.000392399997508619,0.2701864000009664,231531,46482,41231,6397,4900,1340,39722,41074,1337,1414,3,314,471,True,0.0,
626,5/4,RG-add,2,ablation,FEASIBLE,True,aiohttp-compact-1000000,aiohttp,compact,1000000,231531,503037/4,1.6646648999994795,193654784,503037/4,,,,,,,,0.5174826000002213,0.24365580000085174,,,9dfefa849e7b2def72679708cf39f09c28c47cfc8b92b9e60e5e53c928c44c70,125217,157,77,3,,,,,,,,,0.26927190000060364,,,,,,,,,,,,,,True,0.0,0.0036146999991615303
627,3/2,LP-on,0,LP,LP_OPTIMAL_NUMERICAL,True,aiohttp-compact-1000000,aiohttp,compact,1000000,231531,254007/2,1.2331513999997696,170459136,,0,126940.44230769231,498.44230769230774,0.5,0.0,True,,0.2513428999991447,0.2439663000004657,0.0024138999979186337,0.0043130000012752134,5f8add029bd3a56b91b18780b6eb7fdb2bfcf46a00da1b1a1ac5404e079ebade,126442,157,77,3,63.05769230768783,0.04965035790957559,561.5,False,numeric_integer_optimum,63.05769230768783,11.23022124802989,,,,,,,,,,,,,,,,,,
628,3/2,LP-off,0,LP,LP_OPTIMAL_NUMERICAL,True,aiohttp-compact-1000000,aiohttp,compact,1000000,231531,254007/2,1.2110071999995853,171560960,,0,126940.44230769231,498.44230769230774,0.5,0.0,True,,0.25169259999893256,0.24529559999791672,0.00253320000047097,0.003197300000465475,5f8add029bd3a56b91b18780b6eb7fdb2bfcf46a00da1b1a1ac5404e079ebade,126442,157,77,3,63.05769230768783,0.04965035790957559,561.5,False,numeric_integer_optimum,63.05769230768783,11.23022124802989,,,,,,,,,,,,,,,,,,
629,3/2,A1,0,ablation,optimal_numerical,True,aiohttp-compact-1000000,aiohttp,compact,1000000,231531,254007/2,1.662955100000545,190865408,254007/2,,,,,,,,0.5214383999991696,0.24016019999908167,0.0021691999972972553,0.00854310000067926,5f8add029bd3a56b91b18780b6eb7fdb2bfcf46a00da1b1a1ac5404e079ebade,126442,,77,3,,,,,,,,0.00039489999835495837,0.265076699997735,231531,46482,41231,6397,4900,1340,39722,41074,1337,1414,3,314,471,True,0.0,
630,3/2,RG-add,0,ablation,FEASIBLE,True,aiohttp-compact-1000000,aiohttp,compact,1000000,231531,254007/2,1.6458237999977428,189734912,254007/2,,,,,,,,0.5079622999983258,0.24170820000290405,,,5f8add029bd3a56b91b18780b6eb7fdb2bfcf46a00da1b1a1ac5404e079ebade,126442,157,77,3,,,,,,,,,0.26196859999981825,,,,,,,,,,,,,,True,0.0,0.0033703000008245
631,3/2,RG-prune,0,ablation,FEASIBLE,True,aiohttp-compact-1000000,aiohttp,compact,1000000,231531,254007/2,1.6391287000005832,190734336,254009/2,,,,,,,,0.5109045000026526,0.24031820000163862,,,5f8add029bd3a56b91b18780b6eb7fdb2bfcf46a00da1b1a1ac5404e079ebade,126442,157,77,3,,,,,,,,,0.26646859999891603,,,,,,,,,,,,,,True,0.0007873798753577658,0.0031330000019806903
632,3/2,RG-add,1,ablation,FEASIBLE,True,aiohttp-compact-1000000,aiohttp,compact,1000000,231531,254007/2,1.6685800000013842,190312448,254007/2,,,,,,,,0.5214221999995061,0.24011389999941457,,,5f8add029bd3a56b91b18780b6eb7fdb2bfcf46a00da1b1a1ac5404e079ebade,126442,157,77,3,,,,,,,,,0.2771327000009478,,,,,,,,,,,,,,True,0.0,0.0032426999969175085
633,3/2,RG-prune,1,ablation,FEASIBLE,True,aiohttp-compact-1000000,aiohttp,compact,1000000,231531,254007/2,1.6805100999990827,190476288,254009/2,,,,,,,,0.5480706999987888,0.2411668999993708,,,5f8add029bd3a56b91b18780b6eb7fdb2bfcf46a00da1b1a1ac5404e079ebade,126442,157,77,3,,,,,,,,,0.3026988999990863,,,,,,,,,,,,,,True,0.0007873798753577658,0.0032717000030970667
634,3/2,A1,1,ablation,optimal_numerical,True,aiohttp-compact-1000000,aiohttp,compact,1000000,231531,254007/2,1.6992573999996239,195227648,254007/2,,,,,,,,0.5277998999990814,0.2407210000019404,0.002468300001055468,0.008353100001841085,5f8add029bd3a56b91b18780b6eb7fdb2bfcf46a00da1b1a1ac5404e079ebade,126442,,77,3,,,,,,,,0.0004117999997106381,0.26963210000030813,231531,46482,41231,6397,4900,1340,39722,41074,1337,1414,3,314,471,True,0.0,
635,3/2,RG-prune,2,ablation,FEASIBLE,True,aiohttp-compact-1000000,aiohttp,compact,1000000,231531,254007/2,1.6546312999998918,191397888,254009/2,,,,,,,,0.5134809000010137,0.24200999999811756,,,5f8add029bd3a56b91b18780b6eb7fdb2bfcf46a00da1b1a1ac5404e079ebade,126442,157,77,3,,,,,,,,,0.26559659999838914,,,,,,,,,,,,,,True,0.0007873798753577658,0.004974999999831198
636,3/2,A1,2,ablation,optimal_numerical,True,aiohttp-compact-1000000,aiohttp,compact,1000000,231531,254007/2,1.6894203000010748,190898176,254007/2,,,,,,,,0.5304457999991428,0.2451327000017045,0.0023058000006130897,0.007290300000022398,5f8add029bd3a56b91b18780b6eb7fdb2bfcf46a00da1b1a1ac5404e079ebade,126442,,77,3,,,,,,,,0.0004065000030095689,0.269037499998376,231531,46482,41231,6397,4900,1340,39722,41074,1337,1414,3,314,471,True,0.0,
637,3/2,RG-add,2,ablation,FEASIBLE,True,aiohttp-compact-1000000,aiohttp,compact,1000000,231531,254007/2,1.7103948000003584,189767680,254007/2,,,,,,,,0.5384087999991607,0.24266220000208705,,,5f8add029bd3a56b91b18780b6eb7fdb2bfcf46a00da1b1a1ac5404e079ebade,126442,157,77,3,,,,,,,,,0.2909802999965905,,,,,,,,,,,,,,True,0.0,0.0036757000016223174
638,2,LP-on,0,LP,LP_OPTIMAL_NUMERICAL,True,aiohttp-compact-1000000,aiohttp,compact,1000000,231531,129492,1.2011806000009528,169201664,,0,129447.83076923077,257.8307692307692,0.5,0.0,True,,0.2449549000011757,0.23898760000156472,0.002204399999754969,0.003086300002905773,4dfbe1d5f30c55c5aa7761d450ca13dba503cf09c08d2757f032732781477582,129190,72,35,3,44.16923076922831,0.03410962126558267,302.0,False,numeric_integer_optimum,44.16923076922831,14.62557310239348,,,,,,,,,,,,,,,,,,
639,2,LP-off,0,LP,LP_OPTIMAL_NUMERICAL,True,aiohttp-compact-1000000,aiohttp,compact,1000000,231531,129492,1.2073816000010993,168935424,,0,129447.83076923077,257.8307692307692,0.5,0.0,True,,0.24474299999928917,0.23982620000242605,0.0018488999994588085,0.002348800000618212,4dfbe1d5f30c55c5aa7761d450ca13dba503cf09c08d2757f032732781477582,129190,72,35,3,44.16923076922831,0.03410962126558267,302.0,False,numeric_integer_optimum,44.16923076922831,14.62557310239348,,,,,,,,,,,,,,,,,,
640,2,A1,0,ablation,optimal_numerical,True,aiohttp-compact-1000000,aiohttp,compact,1000000,231531,129492,1.664817500000936,191827968,129492,,,,,,,,0.5213987000024645,0.24106639999808976,0.0030778999971516896,0.004473100001632702,4dfbe1d5f30c55c5aa7761d450ca13dba503cf09c08d2757f032732781477582,129190,,35,3,,,,,,,,0.0002550999997765757,0.2674588000008953,231531,46482,41231,6397,4938,1387,39760,41159,1380,1415,3,144,216,True,0.0,
641,2,RG-add,0,ablation,FEASIBLE,True,aiohttp-compact-1000000,aiohttp,compact,1000000,231531,129492,1.6646660000005795,194428928,129492,,,,,,,,0.5317467999993823,0.24120419999962905,,,4dfbe1d5f30c55c5aa7761d450ca13dba503cf09c08d2757f032732781477582,129190,72,35,3,,,,,,,,,0.28653619999749935,,,,,,,,,,,,,,True,0.0,0.0030609999994339887
642,2,RG-prune,0,ablation,FEASIBLE,True,aiohttp-compact-1000000,aiohttp,compact,1000000,231531,129492,1.6461199999976088,189968384,129494,,,,,,,,0.5121429999999236,0.23809970000002068,,,4dfbe1d5f30c55c5aa7761d450ca13dba503cf09c08d2757f032732781477582,129190,72,35,3,,,,,,,,,0.27076540000052773,,,,,,,,,,,,,,True,0.0015444969573409943,0.0023182000004453585
643,2,RG-add,1,ablation,FEASIBLE,True,aiohttp-compact-1000000,aiohttp,compact,1000000,231531,129492,1.6400185999991663,191856640,129492,,,,,,,,0.5108243000031507,0.24194120000174735,,,4dfbe1d5f30c55c5aa7761d450ca13dba503cf09c08d2757f032732781477582,129190,72,35,3,,,,,,,,,0.2652410000009695,,,,,,,,,,,,,,True,0.0,0.002586800001154188
644,2,RG-prune,1,ablation,FEASIBLE,True,aiohttp-compact-1000000,aiohttp,compact,1000000,231531,129492,1.647445800001151,190193664,129494,,,,,,,,0.5095404999992752,0.2397689999997965,,,4dfbe1d5f30c55c5aa7761d450ca13dba503cf09c08d2757f032732781477582,129190,72,35,3,,,,,,,,,0.2665835000007064,,,,,,,,,,,,,,True,0.0015444969573409943,0.0022217000005184673
645,2,A1,1,ablation,optimal_numerical,True,aiohttp-compact-1000000,aiohttp,compact,1000000,231531,129492,1.6592242999977316,190812160,129492,,,,,,,,0.5216825000024983,0.2397555999996257,0.002841099998477148,0.007194599998911144,4dfbe1d5f30c55c5aa7761d450ca13dba503cf09c08d2757f032732781477582,129190,,35,3,,,,,,,,0.0002767000005405862,0.26637050000135787,231531,46482,41231,6397,4938,1387,39760,41159,1380,1415,3,144,216,True,0.0,
646,2,RG-prune,2,ablation,FEASIBLE,True,aiohttp-compact-1000000,aiohttp,compact,1000000,231531,129492,1.6377412999972876,190279680,129494,,,,,,,,0.5090949000004912,0.23817899999994552,,,4dfbe1d5f30c55c5aa7761d450ca13dba503cf09c08d2757f032732781477582,129190,72,35,3,,,,,,,,,0.2677987999995821,,,,,,,,,,,,,,True,0.0015444969573409943,0.002230099998996593
647,2,A1,2,ablation,optimal_numerical,True,aiohttp-compact-1000000,aiohttp,compact,1000000,231531,129492,1.7308181999978842,194777088,129492,,,,,,,,0.5597693000017898,0.239905300000828,0.002130199998646276,0.004610500000126194,4dfbe1d5f30c55c5aa7761d450ca13dba503cf09c08d2757f032732781477582,129190,,35,3,,,,,,,,0.0002825999981723726,0.3076556999985769,231531,46482,41231,6397,4938,1387,39760,41159,1380,1415,3,144,216,True,0.0,
648,2,RG-add,2,ablation,FEASIBLE,True,aiohttp-compact-1000000,aiohttp,compact,1000000,231531,129492,1.665087900000799,190554112,129492,,,,,,,,0.5174412999986089,0.24032030000307714,,,4dfbe1d5f30c55c5aa7761d450ca13dba503cf09c08d2757f032732781477582,129190,72,35,3,,,,,,,,,0.2738357999987784,,,,,,,,,,,,,,True,0.0,0.0022001999968779273
649,32,LP-on,0,LP,LP_OPTIMAL_NUMERICAL,True,aiohttp-compact-1000000,aiohttp,compact,1000000,231531,172031,1.5972506000034628,171425792,,0,171494.1246812753,11440.124681275305,0.5,1.7763568394002505e-15,True,,0.6309645000001183,0.6209354999991774,0.004290000000764849,0.004824899999221088,520ce930cd7624df7fe7d79de1d3d3b515f2dea2c5d9ee435870d2a3c49d81b7,160054,183,40,37,536.8753187246912,0.3120805661332499,11977.0,False,numeric_integer_optimum,536.8753187246912,4.4825525484235715,,,,,,,,,,,,,,,,,,
650,32,LP-off,0,LP,LP_OPTIMAL_NUMERICAL,True,aiohttp-compact-1000000,aiohttp,compact,1000000,231531,172031,1.5887251000021934,171749376,,0,171494.1246812753,11440.124681275305,0.5,1.7763568394002505e-15,True,,0.6326757999995607,0.620008300000336,0.004755699999805074,0.0069827000006625894,520ce930cd7624df7fe7d79de1d3d3b515f2dea2c5d9ee435870d2a3c49d81b7,160054,183,40,37,536.8753187246912,0.3120805661332499,11977.0,False,numeric_integer_optimum,536.8753187246912,4.4825525484235715,,,,,,,,,,,,,,,,,,
651,32,A1,0,ablation,optimal_numerical,True,aiohttp-compact-1000000,aiohttp,compact,1000000,231531,172031,2.101860700000543,196870144,172031,,,,,,,,0.9437872999988031,0.6200864999991609,0.0038870999997016042,0.03079760000036913,520ce930cd7624df7fe7d79de1d3d3b515f2dea2c5d9ee435870d2a3c49d81b7,160054,,40,37,,,,,,,,0.0017696999966574367,0.28200049999941257,231531,46482,41231,6397,444,5770,32816,40060,3347,3387,161,1354,1537,True,0.0,
652,32,RG-add,0,ablation,FEASIBLE,True,aiohttp-compact-1000000,aiohttp,compact,1000000,231531,172031,2.1219834000003175,199589888,172052,,,,,,,,0.9189139999980398,0.6200074000007589,,,520ce930cd7624df7fe7d79de1d3d3b515f2dea2c5d9ee435870d2a3c49d81b7,160054,183,40,37,,,,,,,,,0.28242069999760133,,,,,,,,,,,,,,True,0.012207102208322919,0.0157022000021243
653,32,RG-prune,0,ablation,FEASIBLE,True,aiohttp-compact-1000000,aiohttp,compact,1000000,231531,172031,2.0796593999984907,195248128,172063,,,,,,,,0.9242323000034958,0.6175083999987692,,,520ce930cd7624df7fe7d79de1d3d3b515f2dea2c5d9ee435870d2a3c49d81b7,160054,183,40,37,,,,,,,,,0.28227160000096774,,,,,,,,,,,,,,True,0.018601298603158734,0.023629799998161616
654,32,RG-add,1,ablation,FEASIBLE,True,aiohttp-compact-1000000,aiohttp,compact,1000000,231531,172031,2.0864867999989656,195596288,172052,,,,,,,,0.9205089999995835,0.622768500001257,,,520ce930cd7624df7fe7d79de1d3d3b515f2dea2c5d9ee435870d2a3c49d81b7,160054,183,40,37,,,,,,,,,0.28061539999907836,,,,,,,,,,,,,,True,0.012207102208322919,0.016340300000592833
655,32,RG-prune,1,ablation,FEASIBLE,True,aiohttp-compact-1000000,aiohttp,compact,1000000,231531,172031,2.1485560000000987,197115904,172063,,,,,,,,0.9578153000002203,0.6215252999973018,,,520ce930cd7624df7fe7d79de1d3d3b515f2dea2c5d9ee435870d2a3c49d81b7,160054,183,40,37,,,,,,,,,0.3112929000017175,,,,,,,,,,,,,,True,0.018601298603158734,0.024154499998985557
656,32,A1,1,ablation,optimal_numerical,True,aiohttp-compact-1000000,aiohttp,compact,1000000,231531,172031,2.1224107000016375,198529024,172031,,,,,,,,0.9522481999993033,0.6195818999985931,0.00412010000218288,0.032151399998838315,520ce930cd7624df7fe7d79de1d3d3b515f2dea2c5d9ee435870d2a3c49d81b7,160054,,40,37,,,,,,,,0.0017597999976715073,0.2892208999983268,231531,46482,41231,6397,444,5770,32816,40060,3347,3387,161,1354,1537,True,0.0,
657,32,RG-prune,2,ablation,FEASIBLE,True,aiohttp-compact-1000000,aiohttp,compact,1000000,231531,172031,2.109471499999927,194859008,172063,,,,,,,,0.9220710999979929,0.6190762000005634,,,520ce930cd7624df7fe7d79de1d3d3b515f2dea2c5d9ee435870d2a3c49d81b7,160054,183,40,37,,,,,,,,,0.27874119999978575,,,,,,,,,,,,,,True,0.018601298603158734,0.023426099996868288
658,32,A1,2,ablation,optimal_numerical,True,aiohttp-compact-1000000,aiohttp,compact,1000000,231531,172031,2.1042956999990565,197066752,172031,,,,,,,,0.9419178000025568,0.6179387000011047,0.004197499998554122,0.0307463999997708,520ce930cd7624df7fe7d79de1d3d3b515f2dea2c5d9ee435870d2a3c49d81b7,160054,,40,37,,,,,,,,0.001830500001233304,0.28113239999947837,231531,46482,41231,6397,444,5770,32816,40060,3347,3387,161,1354,1537,True,0.0,
659,32,RG-add,2,ablation,FEASIBLE,True,aiohttp-compact-1000000,aiohttp,compact,1000000,231531,172031,2.0758975999997347,199331840,172052,,,,,,,,0.9165391999995336,0.6203053999997792,,,520ce930cd7624df7fe7d79de1d3d3b515f2dea2c5d9ee435870d2a3c49d81b7,160054,183,40,37,,,,,,,,,0.27991929999916465,,,,,,,,,,,,,,True,0.012207102208322919,0.015517499999987194
660,11/10,LP-on,0,LP,LP_OPTIMAL_NUMERICAL,True,aiohttp-fielded-100000,aiohttp,fielded,100000,105182,237831/5,0.6910561000004236,116957184,,0,47495.09010925638,383.7901092563795,0.5,0.0,True,,0.10461389999909443,0.09792279999965103,0.0025094999982684385,0.00353009999889764,665651a23c9a99041fb2cb5f56738e0d22ff6e9428aa94b07ecf3a316a5431a5,471113/10,145,47,5,71.10989074361714,0.14949668197925658,454.9,False,numeric_integer_optimum,71.10989074361714,15.631983016842636,,,,,,,,,,,,,,,,,,
661,11/10,LP-off,0,LP,LP_OPTIMAL_NUMERICAL,True,aiohttp-fielded-100000,aiohttp,fielded,100000,105182,237831/5,0.6989729999986594,117121024,,0,47495.09010925638,383.7901092563795,0.5,0.0,True,,0.10497749999922235,0.09963299999799347,0.002027900001849048,0.0027007999997294974,665651a23c9a99041fb2cb5f56738e0d22ff6e9428aa94b07ecf3a316a5431a5,471113/10,145,47,5,71.10989074361714,0.14949668197925658,454.9,False,numeric_integer_optimum,71.10989074361714,15.631983016842636,,,,,,,,,,,,,,,,,,
662,11/10,A1,0,ablation,optimal_numerical,True,aiohttp-fielded-100000,aiohttp,fielded,100000,105182,237831/5,0.8387500999997428,126377984,237831/5,,,,,,,,0.17536130000007688,0.0988273000002664,0.002197800000431016,0.009711100003187312,665651a23c9a99041fb2cb5f56738e0d22ff6e9428aa94b07ecf3a316a5431a5,471113/10,,47,5,,,,,,,,0.00040500000250176527,0.060396299999410985,105182,24283,22360,3221,2033,1043,21096,22194,1034,1081,6,311,456,True,0.0,
663,11/10,RG-add,0,ablation,FEASIBLE,True,aiohttp-fielded-100000,aiohttp,fielded,100000,105182,237831/5,0.8267281000007642,126263296,95145/2,,,,,,,,0.16611829999965266,0.09980150000046706,,,665651a23c9a99041fb2cb5f56738e0d22ff6e9428aa94b07ecf3a316a5431a5,471113/10,145,47,5,,,,,,,,,0.06256800000119256,,,,,,,,,,,,,,True,0.013244698966913479,0.0029585999982373323
664,11/10,RG-prune,0,ablation,FEASIBLE,True,aiohttp-fielded-100000,aiohttp,fielded,100000,105182,237831/5,0.8257977000030223,125325312,237831/5,,,,,,,,0.17156139999860898,0.10265640000216081,,,665651a23c9a99041fb2cb5f56738e0d22ff6e9428aa94b07ecf3a316a5431a5,471113/10,145,47,5,,,,,,,,,0.06466440000076545,,,,,,,,,,,,,,True,0.0,0.0033528999992995523
665,11/10,RG-add,1,ablation,FEASIBLE,True,aiohttp-fielded-100000,aiohttp,fielded,100000,105182,237831/5,0.8601194000002579,125882368,95145/2,,,,,,,,0.16085580000071786,0.0981322999978147,,,665651a23c9a99041fb2cb5f56738e0d22ff6e9428aa94b07ecf3a316a5431a5,471113/10,145,47,5,,,,,,,,,0.05838860000221757,,,,,,,,,,,,,,True,0.013244698966913479,0.003534799998305971
666,11/10,RG-prune,1,ablation,FEASIBLE,True,aiohttp-fielded-100000,aiohttp,fielded,100000,105182,237831/5,0.8248211999998603,126697472,237831/5,,,,,,,,0.16479099999924074,0.09820830000171554,,,665651a23c9a99041fb2cb5f56738e0d22ff6e9428aa94b07ecf3a316a5431a5,471113/10,145,47,5,,,,,,,,,0.062404799999058014,,,,,,,,,,,,,,True,0.0,0.003315699999802746
667,11/10,A1,1,ablation,optimal_numerical,True,aiohttp-fielded-100000,aiohttp,fielded,100000,105182,237831/5,0.8570992999993905,127787008,237831/5,,,,,,,,0.17954599999939092,0.09947409999949741,0.002058400001260452,0.009489400003076298,665651a23c9a99041fb2cb5f56738e0d22ff6e9428aa94b07ecf3a316a5431a5,471113/10,,47,5,,,,,,,,0.0003629000020737294,0.0639184000028763,105182,24283,22360,3221,2033,1043,21096,22194,1034,1081,6,311,456,True,0.0,
668,11/10,RG-prune,2,ablation,FEASIBLE,True,aiohttp-fielded-100000,aiohttp,fielded,100000,105182,237831/5,0.8348573000002943,124170240,237831/5,,,,,,,,0.16793519999919226,0.09874200000194833,,,665651a23c9a99041fb2cb5f56738e0d22ff6e9428aa94b07ecf3a316a5431a5,471113/10,145,47,5,,,,,,,,,0.06487790000028326,,,,,,,,,,,,,,True,0.0,0.0033650999976089224
669,11/10,A1,2,ablation,optimal_numerical,True,aiohttp-fielded-100000,aiohttp,fielded,100000,105182,237831/5,0.8489663000000292,128671744,237831/5,,,,,,,,0.18372219999946537,0.09930420000091544,0.0020575000016833656,0.009330600001703715,665651a23c9a99041fb2cb5f56738e0d22ff6e9428aa94b07ecf3a316a5431a5,471113/10,,47,5,,,,,,,,0.00038159999894560315,0.06703709999783314,105182,24283,22360,3221,2033,1043,21096,22194,1034,1081,6,311,456,True,0.0,
670,11/10,RG-add,2,ablation,FEASIBLE,True,aiohttp-fielded-100000,aiohttp,fielded,100000,105182,237831/5,0.826656200002617,126775296,95145/2,,,,,,,,0.16637330000230577,0.10144759999820963,,,665651a23c9a99041fb2cb5f56738e0d22ff6e9428aa94b07ecf3a316a5431a5,471113/10,145,47,5,,,,,,,,,0.06116629999814904,,,,,,,,,,,,,,True,0.013244698966913479,0.002940799997304566
671,5/4,LP-on,0,LP,LP_OPTIMAL_NUMERICAL,True,aiohttp-fielded-100000,aiohttp,fielded,100000,105182,47880,0.6890922999991744,116416512,,0,47810.81083134612,394.56083134612084,0.5,0.0,True,,0.10800920000110636,0.10072320000108448,0.002281499997479841,0.004350900002464186,d1924e4017fbabe7f3af091f51bdd11450fb094c2a5de77f1482da7a769f0258,189665/4,145,47,5,69.18916865388019,0.14450536477418585,463.75,False,numeric_integer_optimum,69.18916865388019,14.919497283855565,,,,,,,,,,,,,,,,,,
672,5/4,LP-off,0,LP,LP_OPTIMAL_NUMERICAL,True,aiohttp-fielded-100000,aiohttp,fielded,100000,105182,47880,0.7155411999992793,116912128,,0,47810.81083134612,394.56083134612084,0.5,0.0,True,,0.10631080000166548,0.10070590000032098,0.0020724000023619737,0.002749700001004385,d1924e4017fbabe7f3af091f51bdd11450fb094c2a5de77f1482da7a769f0258,189665/4,145,47,5,69.18916865388019,0.14450536477418585,463.75,False,numeric_integer_optimum,69.18916865388019,14.919497283855565,,,,,,,,,,,,,,,,,,
673,5/4,A1,0,ablation,optimal_numerical,True,aiohttp-fielded-100000,aiohttp,fielded,100000,105182,47880,0.8370187000000442,128798720,47880,,,,,,,,0.17839169999933802,0.09994519999963813,0.0024122999966493808,0.010877600001549581,d1924e4017fbabe7f3af091f51bdd11450fb094c2a5de77f1482da7a769f0258,189665/4,,47,5,,,,,,,,0.0003733000012289267,0.061417199998686556,105182,24283,22360,3221,2033,1043,21096,22194,1034,1081,6,311,456,True,0.0,
674,5/4,RG-add,0,ablation,FEASIBLE,True,aiohttp-fielded-100000,aiohttp,fielded,100000,105182,47880,0.8326779999988503,127180800,191541/4,,,,,,,,0.17302850000123726,0.10422110000217799,,,d1924e4017fbabe7f3af091f51bdd11450fb094c2a5de77f1482da7a769f0258,189665/4,145,47,5,,,,,,,,,0.06477710000035586,,,,,,,,,,,,,,True,0.010964912280701754,0.003139000000373926
675,5/4,RG-prune,0,ablation,FEASIBLE,True,aiohttp-fielded-100000,aiohttp,fielded,100000,105182,47880,0.8318532000012056,125337600,47880,,,,,,,,0.16811299999972107,0.10204979999980424,,,d1924e4017fbabe7f3af091f51bdd11450fb094c2a5de77f1482da7a769f0258,189665/4,145,47,5,,,,,,,,,0.06175160000202595,,,,,,,,,,,,,,True,0.0,0.0034978999974555336
676,5/4,RG-add,1,ablation,FEASIBLE,True,aiohttp-fielded-100000,aiohttp,fielded,100000,105182,47880,0.8329931000007491,125939712,191541/4,,,,,,,,0.17033879999871715,0.10207120000268333,,,d1924e4017fbabe7f3af091f51bdd11450fb094c2a5de77f1482da7a769f0258,189665/4,145,47,5,,,,,,,,,0.06447769999795128,,,,,,,,,,,,,,True,0.010964912280701754,0.0029799000003549736
677,5/4,RG-prune,1,ablation,FEASIBLE,True,aiohttp-fielded-100000,aiohttp,fielded,100000,105182,47880,0.8508040000015171,126214144,47880,,,,,,,,0.1677715999976499,0.0996181999980763,,,d1924e4017fbabe7f3af091f51bdd11450fb094c2a5de77f1482da7a769f0258,189665/4,145,47,5,,,,,,,,,0.06404129999646102,,,,,,,,,,,,,,True,0.0,0.003331299998535542
678,5/4,A1,1,ablation,optimal_numerical,True,aiohttp-fielded-100000,aiohttp,fielded,100000,105182,47880,0.8841685000006692,129355776,47880,,,,,,,,0.1771907000002102,0.09734070000195061,0.0026266999993822537,0.010707999997976003,d1924e4017fbabe7f3af091f51bdd11450fb094c2a5de77f1482da7a769f0258,189665/4,,47,5,,,,,,,,0.00033600000097067095,0.06254120000085095,105182,24283,22360,3221,2033,1043,21096,22194,1034,1081,6,311,456,True,0.0,
679,5/4,RG-prune,2,ablation,FEASIBLE,True,aiohttp-fielded-100000,aiohttp,fielded,100000,105182,47880,0.8288801000016974,125554688,47880,,,,,,,,0.1691900000005262,0.10146950000125798,,,d1924e4017fbabe7f3af091f51bdd11450fb094c2a5de77f1482da7a769f0258,189665/4,145,47,5,,,,,,,,,0.06352799999876879,,,,,,,,,,,,,,True,0.0,0.003390699999727076
680,5/4,A1,2,ablation,optimal_numerical,True,aiohttp-fielded-100000,aiohttp,fielded,100000,105182,47880,0.8470731999987038,126562304,47880,,,,,,,,0.18135690000053728,0.09903660000054515,0.002020500000071479,0.011336299998220056,d1924e4017fbabe7f3af091f51bdd11450fb094c2a5de77f1482da7a769f0258,189665/4,,47,5,,,,,,,,0.00039769999784766696,0.06200909999824944,105182,24283,22360,3221,2033,1043,21096,22194,1034,1081,6,311,456,True,0.0,
681,5/4,RG-add,2,ablation,FEASIBLE,True,aiohttp-fielded-100000,aiohttp,fielded,100000,105182,47880,0.857851100001426,125100032,191541/4,,,,,,,,0.16690160000143806,0.0992657999995572,,,d1924e4017fbabe7f3af091f51bdd11450fb094c2a5de77f1482da7a769f0258,189665/4,145,47,5,,,,,,,,,0.06334440000136965,,,,,,,,,,,,,,True,0.010964912280701754,0.003444199999648845
682,3/2,LP-on,0,LP,LP_OPTIMAL_NUMERICAL,True,aiohttp-fielded-100000,aiohttp,fielded,100000,105182,48403,0.6969344999997702,114999296,,0,48337.01203482902,412.5120348290232,0.5,0.0,True,,0.11029489999782527,0.10350100000141538,0.00207090000185417,0.004059300001244992,b4d4bb8fc2c240150b3fe068cd6d738bf89f804befbef03dbb4cfbdeee6a0605,95849/2,145,47,5,65.98796517097799,0.1363303207879222,478.5,False,numeric_integer_optimum,65.98796517097799,13.790588332492787,,,,,,,,,,,,,,,,,,
683,3/2,LP-off,0,LP,LP_OPTIMAL_NUMERICAL,True,aiohttp-fielded-100000,aiohttp,fielded,100000,105182,48403,0.6944014000000607,115384320,,0,48337.01203482902,412.5120348290232,0.5,0.0,True,,0.10675279999850318,0.09853859999930137,0.0021476000001712237,0.005412400001659989,b4d4bb8fc2c240150b3fe068cd6d738bf89f804befbef03dbb4cfbdeee6a0605,95849/2,145,47,5,65.98796517097799,0.1363303207879222,478.5,False,numeric_integer_optimum,65.98796517097799,13.790588332492787,,,,,,,,,,,,,,,,,,
684,3/2,A1,0,ablation,optimal_numerical,True,aiohttp-fielded-100000,aiohttp,fielded,100000,105182,48403,0.8465068000004976,125558784,48403,,,,,,,,0.1796351999983017,0.09713460000057239,0.0020590999993146397,0.011652699999103788,b4d4bb8fc2c240150b3fe068cd6d738bf89f804befbef03dbb4cfbdeee6a0605,95849/2,,47,5,,,,,,,,0.0003727000002982095,0.063924499998393,105182,24283,22360,3221,2033,1043,21096,22194,1034,1081,6,311,456,True,0.0,
685,3/2,RG-add,0,ablation,FEASIBLE,True,aiohttp-fielded-100000,aiohttp,fielded,100000,105182,48403,0.8265785000003234,126808064,96813/2,,,,,,,,0.16532550000192714,0.0982464999979129,,,b4d4bb8fc2c240150b3fe068cd6d738bf89f804befbef03dbb4cfbdeee6a0605,95849/2,145,47,5,,,,,,,,,0.06288299999869196,,,,,,,,,,,,,,True,0.007230956758878582,0.0032941999998001847
686,3/2,RG-prune,0,ablation,FEASIBLE,True,aiohttp-fielded-100000,aiohttp,fielded,100000,105182,48403,0.8259008999993966,126988288,48403,,,,,,,,0.16469830000278307,0.09790290000091773,,,b4d4bb8fc2c240150b3fe068cd6d738bf89f804befbef03dbb4cfbdeee6a0605,95849/2,145,47,5,,,,,,,,,0.0625739999995858,,,,,,,,,,,,,,True,0.0,0.003441599998041056
687,3/2,RG-add,1,ablation,FEASIBLE,True,aiohttp-fielded-100000,aiohttp,fielded,100000,105182,48403,0.8343760000025213,126255104,96813/2,,,,,,,,0.17187789999661618,0.10286189999897033,,,b4d4bb8fc2c240150b3fe068cd6d738bf89f804befbef03dbb4cfbdeee6a0605,95849/2,145,47,5,,,,,,,,,0.06504510000013397,,,,,,,,,,,,,,True,0.007230956758878582,0.002946299999166513
688,3/2,RG-prune,1,ablation,FEASIBLE,True,aiohttp-fielded-100000,aiohttp,fielded,100000,105182,48403,0.8335864000000583,125341696,48403,,,,,,,,0.16990879999866593,0.10120920000190381,,,b4d4bb8fc2c240150b3fe068cd6d738bf89f804befbef03dbb4cfbdeee6a0605,95849/2,145,47,5,,,,,,,,,0.06349229999977979,,,,,,,,,,,,,,True,0.0,0.004343499997048639
689,3/2,A1,1,ablation,optimal_numerical,True,aiohttp-fielded-100000,aiohttp,fielded,100000,105182,48403,0.8742668999984744,129077248,48403,,,,,,,,0.18240900000091642,0.1023144000027969,0.0025973999981943052,0.010678999999072403,b4d4bb8fc2c240150b3fe068cd6d738bf89f804befbef03dbb4cfbdeee6a0605,95849/2,,47,5,,,,,,,,0.0003991999983554706,0.06258080000043265,105182,24283,22360,3221,2033,1043,21096,22194,1034,1081,6,311,456,True,0.0,
690,3/2,RG-prune,2,ablation,FEASIBLE,True,aiohttp-fielded-100000,aiohttp,fielded,100000,105182,48403,0.8534638000019186,126906368,48403,,,,,,,,0.16873800000030315,0.10078649999923073,,,b4d4bb8fc2c240150b3fe068cd6d738bf89f804befbef03dbb4cfbdeee6a0605,95849/2,145,47,5,,,,,,,,,0.06380569999964791,,,,,,,,,,,,,,True,0.0,0.0033538000025146175
691,3/2,A1,2,ablation,optimal_numerical,True,aiohttp-fielded-100000,aiohttp,fielded,100000,105182,48403,0.8662235000010696,128827392,48403,,,,,,,,0.18226660000073025,0.09858259999964503,0.002272800000355346,0.01213090000237571,b4d4bb8fc2c240150b3fe068cd6d738bf89f804befbef03dbb4cfbdeee6a0605,95849/2,,47,5,,,,,,,,0.0004076000004715752,0.06511829999726615,105182,24283,22360,3221,2033,1043,21096,22194,1034,1081,6,311,456,True,0.0,
692,3/2,RG-add,2,ablation,FEASIBLE,True,aiohttp-fielded-100000,aiohttp,fielded,100000,105182,48403,0.8855838999988919,125833216,96813/2,,,,,,,,0.16417770000043674,0.09889470000052825,,,b4d4bb8fc2c240150b3fe068cd6d738bf89f804befbef03dbb4cfbdeee6a0605,95849/2,145,47,5,,,,,,,,,0.06098859999838169,,,,,,,,,,,,,,True,0.007230956758878582,0.003512600000249222
693,2,LP-on,0,LP,LP_OPTIMAL_NUMERICAL,True,aiohttp-fielded-100000,aiohttp,fielded,100000,105182,49449,0.6922349999986182,119214080,,0,49431.44847915243,115.44847915242653,0.5,0.0,True,,0.10682660000020405,0.1013673999987077,0.0021370999966165982,0.002560799999628216,adebadfc575fe4400bbbc0b4cdddfb2bd25833bc92e199dff03c1da1ba8e3687,49316,33,10,5,17.55152084756992,0.035494187642965316,133.0,False,numeric_integer_optimum,17.55152084756992,13.196632216217985,,,,,,,,,,,,,,,,,,
694,2,LP-off,0,LP,LP_OPTIMAL_NUMERICAL,True,aiohttp-fielded-100000,aiohttp,fielded,100000,105182,49449,0.6884730000019772,117571584,,0,49431.44847915243,115.44847915242653,0.5,0.0,True,,0.10501330000261078,0.09991210000225692,0.0019723999976122286,0.0024873000002116896,adebadfc575fe4400bbbc0b4cdddfb2bd25833bc92e199dff03c1da1ba8e3687,49316,33,10,5,17.55152084756992,0.035494187642965316,133.0,False,numeric_integer_optimum,17.55152084756992,13.196632216217985,,,,,,,,,,,,,,,,,,
695,2,A1,0,ablation,optimal_numerical,True,aiohttp-fielded-100000,aiohttp,fielded,100000,105182,49449,0.8372904999996535,125468672,49449,,,,,,,,0.1758071000003838,0.10169269999823882,0.004798099998879479,0.004843400001846021,adebadfc575fe4400bbbc0b4cdddfb2bd25833bc92e199dff03c1da1ba8e3687,49316,,10,5,,,,,,,,0.00019599999723141082,0.06078469999920344,105182,24283,22360,3221,1962,1226,21025,22316,1098,1108,6,77,110,True,0.0,
696,2,RG-add,0,ablation,FEASIBLE,True,aiohttp-fielded-100000,aiohttp,fielded,100000,105182,49449,0.8491529999992053,124469248,49449,,,,,,,,0.17736220000006142,0.11326759999792557,,,adebadfc575fe4400bbbc0b4cdddfb2bd25833bc92e199dff03c1da1ba8e3687,49316,33,10,5,,,,,,,,,0.06153769999946235,,,,,,,,,,,,,,True,0.0,0.001739299998007482
697,2,RG-prune,0,ablation,FEASIBLE,True,aiohttp-fielded-100000,aiohttp,fielded,100000,105182,49449,0.8569244999998773,126824448,49449,,,,,,,,0.16803540000182693,0.10222480000084033,,,adebadfc575fe4400bbbc0b4cdddfb2bd25833bc92e199dff03c1da1ba8e3687,49316,33,10,5,,,,,,,,,0.06285360000038054,,,,,,,,,,,,,,True,0.0,0.0021283000023686327
698,2,RG-add,1,ablation,FEASIBLE,True,aiohttp-fielded-100000,aiohttp,fielded,100000,105182,49449,0.8402621000022918,126119936,49449,,,,,,,,0.17120749999958207,0.103526700000657,,,adebadfc575fe4400bbbc0b4cdddfb2bd25833bc92e199dff03c1da1ba8e3687,49316,33,10,5,,,,,,,,,0.0648497000001953,,,,,,,,,,,,,,True,0.0,0.0020613999986380804
699,2,RG-prune,1,ablation,FEASIBLE,True,aiohttp-fielded-100000,aiohttp,fielded,100000,105182,49449,0.8312401000002865,125759488,49449,,,,,,,,0.16674050000074203,0.10061649999988731,,,adebadfc575fe4400bbbc0b4cdddfb2bd25833bc92e199dff03c1da1ba8e3687,49316,33,10,5,,,,,,,,,0.0630633000000671,,,,,,,,,,,,,,True,0.0,0.0022718000000168104
700,2,A1,1,ablation,optimal_numerical,True,aiohttp-fielded-100000,aiohttp,fielded,100000,105182,49449,0.8485505999997258,130924544,49449,,,,,,,,0.17724679999810178,0.09967320000214386,0.001735099998768419,0.005493499997101026,adebadfc575fe4400bbbc0b4cdddfb2bd25833bc92e199dff03c1da1ba8e3687,49316,,10,5,,,,,,,,0.00020510000103968196,0.0656591999977536,105182,24283,22360,3221,1962,1226,21025,22316,1098,1108,6,77,110,True,0.0,
701,2,RG-prune,2,ablation,FEASIBLE,True,aiohttp-fielded-100000,aiohttp,fielded,100000,105182,49449,0.8362285000002885,124743680,49449,,,,,,,,0.1622072999998636,0.09922770000048331,,,adebadfc575fe4400bbbc0b4cdddfb2bd25833bc92e199dff03c1da1ba8e3687,49316,33,10,5,,,,,,,,,0.060248400001000846,,,,,,,,,,,,,,True,0.0,0.001857199997175485
702,2,A1,2,ablation,optimal_numerical,True,aiohttp-fielded-100000,aiohttp,fielded,100000,105182,49449,0.8551432000022032,129138688,49449,,,,,,,,0.1729494999999588,0.09780400000090594,0.002049599999736529,0.006066999998438405,adebadfc575fe4400bbbc0b4cdddfb2bd25833bc92e199dff03c1da1ba8e3687,49316,,10,5,,,,,,,,0.00018679999993764795,0.0629146999999648,105182,24283,22360,3221,1962,1226,21025,22316,1098,1108,6,77,110,True,0.0,
703,2,RG-add,2,ablation,FEASIBLE,True,aiohttp-fielded-100000,aiohttp,fielded,100000,105182,49449,0.9053473000021768,126582784,49449,,,,,,,,0.16451619999861578,0.09885930000018561,,,adebadfc575fe4400bbbc0b4cdddfb2bd25833bc92e199dff03c1da1ba8e3687,49316,33,10,5,,,,,,,,,0.062065300000540446,,,,,,,,,,,,,,True,0.0,0.002834499999153195
704,32,LP-on,0,LP,LP_OPTIMAL_NUMERICAL,True,aiohttp-fielded-100000,aiohttp,fielded,100000,105182,67011,0.7653487999996287,119123968,,0,66533.27687531091,10566.276875310907,0.5,0.0,True,,0.1635184999977355,0.15280230000280426,0.004239699999743607,0.005695600000763079,8da977b04553783c0d337091a2ae69ed659a92034ccec8be0f94d0f5e0ce03d8,55967,157,13,96,477.72312468908785,0.7129025453867094,11044.0,False,numeric_integer_optimum,477.72312468908785,4.32563495734415,,,,,,,,,,,,,,,,,,
705,32,LP-off,0,LP,LP_OPTIMAL_NUMERICAL,True,aiohttp-fielded-100000,aiohttp,fielded,100000,105182,67011,0.746666399998503,118718464,,0,66533.27687531091,10566.276875310907,0.5,0.0,True,,0.16732909999700496,0.15136970000094152,0.00567100000262144,0.009238999999070074,8da977b04553783c0d337091a2ae69ed659a92034ccec8be0f94d0f5e0ce03d8,55967,157,13,96,477.72312468908785,0.7129025453867094,11044.0,False,numeric_integer_optimum,477.72312468908785,4.32563495734415,,,,,,,,,,,,,,,,,,
706,32,A1,0,ablation,optimal_numerical,True,aiohttp-fielded-100000,aiohttp,fielded,100000,105182,67011,0.9871610999980476,129835008,67011,,,,,,,,0.2674617999982729,0.16003409999757423,0.004307200000766898,0.032201700003497535,8da977b04553783c0d337091a2ae69ed659a92034ccec8be0f94d0f5e0ce03d8,55967,,13,96,,,,,,,,0.0018983999980264343,0.06510139999954845,105182,24283,22360,3221,176,2888,17057,20619,1139,1152,1137,1898,2055,True,0.0,
707,32,RG-add,0,ablation,FEASIBLE,True,aiohttp-fielded-100000,aiohttp,fielded,100000,105182,67011,1.0168556999997236,128307200,67013,,,,,,,,0.29331619999720715,0.15185620000193012,,,8da977b04553783c0d337091a2ae69ed659a92034ccec8be0f94d0f5e0ce03d8,55967,157,13,96,,,,,,,,,0.06934779999937746,,,,,,,,,,,,,,True,0.002984584620435451,0.07133400000020629
708,32,RG-prune,0,ablation,FEASIBLE,True,aiohttp-fielded-100000,aiohttp,fielded,100000,105182,67011,1.054207499997574,128708608,67069,,,,,,,,0.3453791000029014,0.15198349999991478,,,8da977b04553783c0d337091a2ae69ed659a92034ccec8be0f94d0f5e0ce03d8,55967,157,13,96,,,,,,,,,0.06390839999949094,,,,,,,,,,,,,,True,0.08655295399262808,0.12873930000205291
709,32,RG-add,1,ablation,FEASIBLE,True,aiohttp-fielded-100000,aiohttp,fielded,100000,105182,67011,1.030390100000659,125943808,67013,,,,,,,,0.3109151999997266,0.15225999999893247,,,8da977b04553783c0d337091a2ae69ed659a92034ccec8be0f94d0f5e0ce03d8,55967,157,13,96,,,,,,,,,0.08609190000061062,,,,,,,,,,,,,,True,0.002984584620435451,0.07175130000177887
710,32,RG-prune,1,ablation,FEASIBLE,True,aiohttp-fielded-100000,aiohttp,fielded,100000,105182,67011,1.0674502000001667,128229376,67069,,,,,,,,0.35274569999819505,0.149579699998867,,,8da977b04553783c0d337091a2ae69ed659a92034ccec8be0f94d0f5e0ce03d8,55967,157,13,96,,,,,,,,,0.06870580000031623,,,,,,,,,,,,,,True,0.08655295399262808,0.133564200001274
711,32,A1,1,ablation,optimal_numerical,True,aiohttp-fielded-100000,aiohttp,fielded,100000,105182,67011,0.9874721999985923,130277376,67011,,,,,,,,0.26011840000137454,0.14861369999925955,0.006972299997869413,0.0297307999971963,8da977b04553783c0d337091a2ae69ed659a92034ccec8be0f94d0f5e0ce03d8,55967,,13,96,,,,,,,,0.0018335999993723817,0.06865199999811011,105182,24283,22360,3221,176,2888,17057,20619,1139,1152,1137,1898,2055,True,0.0,
712,32,RG-prune,2,ablation,FEASIBLE,True,aiohttp-fielded-100000,aiohttp,fielded,100000,105182,67011,1.0617972000000009,126943232,67069,,,,,,,,0.34560770000098273,0.1506663000000117,,,8da977b04553783c0d337091a2ae69ed659a92034ccec8be0f94d0f5e0ce03d8,55967,157,13,96,,,,,,,,,0.0655694000015501,,,,,,,,,,,,,,True,0.08655295399262808,0.12848270000176854
713,32,A1,2,ablation,optimal_numerical,True,aiohttp-fielded-100000,aiohttp,fielded,100000,105182,67011,1.0220405000000028,130211840,67011,,,,,,,,0.267616299999645,0.14984340000228258,0.004550899997411761,0.02997029999824008,8da977b04553783c0d337091a2ae69ed659a92034ccec8be0f94d0f5e0ce03d8,55967,,13,96,,,,,,,,0.001965700001164805,0.07682399999976042,105182,24283,22360,3221,176,2888,17057,20619,1139,1152,1137,1898,2055,True,0.0,
714,32,RG-add,2,ablation,FEASIBLE,True,aiohttp-fielded-100000,aiohttp,fielded,100000,105182,67011,1.033443600001192,128733184,67013,,,,,,,,0.2837571000018215,0.15068729999984498,,,8da977b04553783c0d337091a2ae69ed659a92034ccec8be0f94d0f5e0ce03d8,55967,157,13,96,,,,,,,,,0.06372670000200742,,,,,,,,,,,,,,True,0.002984584620435451,0.06856559999869205
715,11/10,LP-on,0,LP,LP_OPTIMAL_NUMERICAL,True,aiohttp-fielded-1000000,aiohttp,fielded,1000000,426119,830788/5,1.9979214000013599,252825600,,0,165960.54247145817,981.1424714581747,0.5,0.0,True,,0.4646471999985806,0.4541783000022406,0.003259100001741899,0.00649390000035055,76d5a80f281b3810024c7d359ec8d118d785497abe4ced50429ce2bd556f0344,824897/5,378,126,5,197.05752854183083,0.11859675906598967,1178.2,False,numeric_integer_optimum,197.05752854183083,16.72530372957315,,,,,,,,,,,,,,,,,,
716,11/10,LP-off,0,LP,LP_OPTIMAL_NUMERICAL,True,aiohttp-fielded-1000000,aiohttp,fielded,1000000,426119,830788/5,1.9877005999987887,251572224,,0,165960.54247145817,981.1424714581747,0.5,0.0,True,,0.4637607000004209,0.4553470999999263,0.003554499999154359,0.004181000000244239,76d5a80f281b3810024c7d359ec8d118d785497abe4ced50429ce2bd556f0344,824897/5,378,126,5,197.05752854183083,0.11859675906598967,1178.2,False,numeric_integer_optimum,197.05752854183083,16.72530372957315,,,,,,,,,,,,,,,,,,
717,11/10,A1,0,ablation,optimal_numerical,True,aiohttp-fielded-1000000,aiohttp,fielded,1000000,426119,830788/5,2.6134189999975206,273481728,830788/5,,,,,,,,0.7910000999982003,0.45334860000002664,0.003169399999023881,0.021217199999227887,76d5a80f281b3810024c7d359ec8d118d785497abe4ced50429ce2bd556f0344,824897/5,,126,5,,,,,,,,0.0008316000021295622,0.30232619999878807,426119,81997,76746,10321,6764,3179,72957,76323,3151,3277,7,801,1179,True,0.0,
718,11/10,RG-add,0,ablation,FEASIBLE,True,aiohttp-fielded-1000000,aiohttp,fielded,1000000,426119,830788/5,2.616985900000145,274829312,830887/5,,,,,,,,0.7740601000004972,0.4573110999990604,,,76d5a80f281b3810024c7d359ec8d118d785497abe4ced50429ce2bd556f0344,824897/5,378,126,5,,,,,,,,,0.3091052000017953,,,,,,,,,,,,,,True,0.011916397444354035,0.006175900001835544
719,11/10,RG-prune,0,ablation,FEASIBLE,True,aiohttp-fielded-1000000,aiohttp,fielded,1000000,426119,830788/5,2.609870199998113,272412672,1661577/10,,,,,,,,0.7737378000019817,0.45709749999878113,,,76d5a80f281b3810024c7d359ec8d118d785497abe4ced50429ce2bd556f0344,824897/5,378,126,5,,,,,,,,,0.3077035000023898,,,,,,,,,,,,,,True,6.018382547653553e-05,0.0077496000012615696
720,11/10,RG-add,1,ablation,FEASIBLE,True,aiohttp-fielded-1000000,aiohttp,fielded,1000000,426119,830788/5,2.595547599998099,272506880,830887/5,,,,,,,,0.7690461999991385,0.45765010000104667,,,76d5a80f281b3810024c7d359ec8d118d785497abe4ced50429ce2bd556f0344,824897/5,378,126,5,,,,,,,,,0.3044162000005599,,,,,,,,,,,,,,True,0.011916397444354035,0.005748899999161949
721,11/10,RG-prune,1,ablation,FEASIBLE,True,aiohttp-fielded-1000000,aiohttp,fielded,1000000,426119,830788/5,2.6358285999995132,279728128,1661577/10,,,,,,,,0.7759863999999652,0.45604069999899366,,,76d5a80f281b3810024c7d359ec8d118d785497abe4ced50429ce2bd556f0344,824897/5,378,126,5,,,,,,,,,0.3114126000000397,,,,,,,,,,,,,,True,6.018382547653553e-05,0.007280699999682838
722,11/10,A1,1,ablation,optimal_numerical,True,aiohttp-fielded-1000000,aiohttp,fielded,1000000,426119,830788/5,2.687780799999018,272482304,830788/5,,,,,,,,0.7971684000003734,0.4546654999976454,0.003213500000128988,0.021766999998362735,76d5a80f281b3810024c7d359ec8d118d785497abe4ced50429ce2bd556f0344,824897/5,,126,5,,,,,,,,0.0008405000007769559,0.3077534000003652,426119,81997,76746,10321,6764,3179,72957,76323,3151,3277,7,801,1179,True,0.0,
723,11/10,RG-prune,2,ablation,FEASIBLE,True,aiohttp-fielded-1000000,aiohttp,fielded,1000000,426119,830788/5,2.621330800000578,272105472,1661577/10,,,,,,,,0.7729853999990155,0.4600162000024284,,,76d5a80f281b3810024c7d359ec8d118d785497abe4ced50429ce2bd556f0344,824897/5,378,126,5,,,,,,,,,0.30226849999962724,,,,,,,,,,,,,,True,6.018382547653553e-05,0.009560499998769956
724,11/10,A1,2,ablation,optimal_numerical,True,aiohttp-fielded-1000000,aiohttp,fielded,1000000,426119,830788/5,2.6047637999981816,273203200,830788/5,,,,,,,,0.7893674000006285,0.4565476999996463,0.003201800001988886,0.020050899998750538,76d5a80f281b3810024c7d359ec8d118d785497abe4ced50429ce2bd556f0344,824897/5,,126,5,,,,,,,,0.0008288999997603241,0.29998559999876306,426119,81997,76746,10321,6764,3179,72957,76323,3151,3277,7,801,1179,True,0.0,
725,11/10,RG-add,2,ablation,FEASIBLE,True,aiohttp-fielded-1000000,aiohttp,fielded,1000000,426119,830788/5,2.655258300001151,273612800,830887/5,,,,,,,,0.7649744000009377,0.45539370000187773,,,76d5a80f281b3810024c7d359ec8d118d785497abe4ced50429ce2bd556f0344,824897/5,378,126,5,,,,,,,,,0.3017859999999928,,,,,,,,,,,,,,True,0.011916397444354035,0.0065007000011974014
726,5/4,LP-on,0,LP,LP_OPTIMAL_NUMERICAL,True,aiohttp-fielded-1000000,aiohttp,fielded,1000000,426119,334393/2,2.009976400000596,252530688,,0,167002.4988601121,1008.4988601121133,0.5,0.0,True,,0.4650422999984585,0.45566560000224854,0.0031349000018963125,0.005511900002602488,259201c5e718c9cb46bda4ad735b3a6389f97c7034c321992e3360e7273a71dc,165994,378,126,5,194.00113988789963,0.1160318187808355,1202.5,False,numeric_integer_optimum,194.00113988789963,16.13315092622866,,,,,,,,,,,,,,,,,,
727,5/4,LP-off,0,LP,LP_OPTIMAL_NUMERICAL,True,aiohttp-fielded-1000000,aiohttp,fielded,1000000,426119,334393/2,2.003267299998697,252964864,,0,167002.4988601121,1008.4988601121133,0.5,0.0,True,,0.4615212999997311,0.4534259000029124,0.0034290000003238674,0.003967600001487881,259201c5e718c9cb46bda4ad735b3a6389f97c7034c321992e3360e7273a71dc,165994,378,126,5,194.00113988789963,0.1160318187808355,1202.5,False,numeric_integer_optimum,194.00113988789963,16.13315092622866,,,,,,,,,,,,,,,,,,
728,5/4,A1,0,ablation,optimal_numerical,True,aiohttp-fielded-1000000,aiohttp,fielded,1000000,426119,334393/2,2.624442700001964,271085568,334393/2,,,,,,,,0.7940185999977984,0.4570389000000432,0.003139800002827542,0.02230799999961164,259201c5e718c9cb46bda4ad735b3a6389f97c7034c321992e3360e7273a71dc,165994,,126,5,,,,,,,,0.0008003999973880127,0.30202529999951366,426119,81997,76746,10321,6764,3179,72957,76323,3151,3277,7,801,1179,True,0.0,
729,5/4,RG-add,0,ablation,FEASIBLE,True,aiohttp-fielded-1000000,aiohttp,fielded,1000000,426119,334393/2,2.60861819999991,272404480,167213,,,,,,,,0.7658659000007901,0.4549552999997104,,,259201c5e718c9cb46bda4ad735b3a6389f97c7034c321992e3360e7273a71dc,165994,378,126,5,,,,,,,,,0.3041055999965465,,,,,,,,,,,,,,True,0.009868627632755471,0.00567619999856106
730,5/4,RG-prune,0,ablation,FEASIBLE,True,aiohttp-fielded-1000000,aiohttp,fielded,1000000,426119,334393/2,2.599187299998448,275218432,668787/4,,,,,,,,0.7723014999974112,0.4554795000003651,,,259201c5e718c9cb46bda4ad735b3a6389f97c7034c321992e3360e7273a71dc,165994,378,126,5,,,,,,,,,0.30806879999727244,,,,,,,,,,,,,,True,0.0001495246611023556,0.007504000001063105
731,5/4,RG-add,1,ablation,FEASIBLE,True,aiohttp-fielded-1000000,aiohttp,fielded,1000000,426119,334393/2,2.5892739000009897,276340736,167213,,,,,,,,0.7651277999975719,0.4561270999984117,,,259201c5e718c9cb46bda4ad735b3a6389f97c7034c321992e3360e7273a71dc,165994,378,126,5,,,,,,,,,0.30155509999895,,,,,,,,,,,,,,True,0.009868627632755471,0.006274300001678057
732,5/4,RG-prune,1,ablation,FEASIBLE,True,aiohttp-fielded-1000000,aiohttp,fielded,1000000,426119,334393/2,2.5810945999983232,276525056,668787/4,,,,,,,,0.7663046999987273,0.45537319999857573,,,259201c5e718c9cb46bda4ad735b3a6389f97c7034c321992e3360e7273a71dc,165994,378,126,5,,,,,,,,,0.3024580000019341,,,,,,,,,,,,,,True,0.0001495246611023556,0.00720039999941946
733,5/4,A1,1,ablation,optimal_numerical,True,aiohttp-fielded-1000000,aiohttp,fielded,1000000,426119,334393/2,2.6541591999994125,273960960,334393/2,,,,,,,,0.7897100999980466,0.45527750000110245,0.0031304000003729016,0.021026300000812626,259201c5e718c9cb46bda4ad735b3a6389f97c7034c321992e3360e7273a71dc,165994,,126,5,,,,,,,,0.0008373999989998993,0.3001125000009779,426119,81997,76746,10321,6764,3179,72957,76323,3151,3277,7,801,1179,True,0.0,
734,5/4,RG-prune,2,ablation,FEASIBLE,True,aiohttp-fielded-1000000,aiohttp,fielded,1000000,426119,334393/2,2.589865199999622,275566592,668787/4,,,,,,,,0.7665885000023991,0.45470790000035777,,,259201c5e718c9cb46bda4ad735b3a6389f97c7034c321992e3360e7273a71dc,165994,378,126,5,,,,,,,,,0.30365679999886197,,,,,,,,,,,,,,True,0.0001495246611023556,0.0069345000010798685
735,5/4,A1,2,ablation,optimal_numerical,True,aiohttp-fielded-1000000,aiohttp,fielded,1000000,426119,334393/2,2.6118013999985124,272457728,334393/2,,,,,,,,0.7933999000015319,0.45594469999923604,0.003429099997447338,0.021249199999147095,259201c5e718c9cb46bda4ad735b3a6389f97c7034c321992e3360e7273a71dc,165994,,126,5,,,,,,,,0.0008125999993353616,0.30306299999938346,426119,81997,76746,10321,6764,3179,72957,76323,3151,3277,7,801,1179,True,0.0,
736,5/4,RG-add,2,ablation,FEASIBLE,True,aiohttp-fielded-1000000,aiohttp,fielded,1000000,426119,334393/2,2.6456008999994083,277008384,167213,,,,,,,,0.7770925000004354,0.4569134999983362,,,259201c5e718c9cb46bda4ad735b3a6389f97c7034c321992e3360e7273a71dc,165994,378,126,5,,,,,,,,,0.3130572000009124,,,,,,,,,,,,,,True,0.009868627632755471,0.005834700001287274
737,3/2,LP-on,0,LP,LP_OPTIMAL_NUMERICAL,True,aiohttp-fielded-1000000,aiohttp,fielded,1000000,426119,168928,2.011704100001225,251621376,,0,168737.90466780134,1052.9046678013378,0.5,0.0,True,,0.4650720999998157,0.45634350000182167,0.003126499999780208,0.004866399998718407,1c5c2c76e02254cee8da65f44487538b7e7bea086077ff5f84a0eee76f917040,167685,378,126,5,190.0953321986599,0.11253038702800003,1243.0,False,numeric_integer_optimum,190.0953321986599,15.293268881629917,,,,,,,,,,,,,,,,,,
738,3/2,LP-off,0,LP,LP_OPTIMAL_NUMERICAL,True,aiohttp-fielded-1000000,aiohttp,fielded,1000000,426119,168928,1.992573799998354,251817984,,0,168737.90466780134,1052.904667801338,0.5,0.0,True,,0.46553620000122464,0.45768540000062785,0.003128100001049461,0.003934899999876507,1c5c2c76e02254cee8da65f44487538b7e7bea086077ff5f84a0eee76f917040,167685,378,126,5,190.0953321986599,0.11253038702800003,1243.0,False,numeric_integer_optimum,190.0953321986599,15.293268881629917,,,,,,,,,,,,,,,,,,
739,3/2,A1,0,ablation,optimal_numerical,True,aiohttp-fielded-1000000,aiohttp,fielded,1000000,426119,168928,2.602329800000007,272740352,168928,,,,,,,,0.7878960999987612,0.4521606999987853,0.003137700001389021,0.022812299997895025,1c5c2c76e02254cee8da65f44487538b7e7bea086077ff5f84a0eee76f917040,167685,,126,5,,,,,,,,0.0007957999987411313,0.3002209000005678,426119,81997,76746,10321,6764,3179,72957,76323,3151,3277,7,801,1179,True,0.0,
740,3/2,RG-add,0,ablation,FEASIBLE,True,aiohttp-fielded-1000000,aiohttp,fielded,1000000,426119,168928,2.589965300001495,273719296,168939,,,,,,,,0.7639902999981132,0.45550379999986035,,,1c5c2c76e02254cee8da65f44487538b7e7bea086077ff5f84a0eee76f917040,167685,378,126,5,,,,,,,,,0.3009715000007418,,,,,,,,,,,,,,True,0.006511649933699564,0.006282500002271263
741,3/2,RG-prune,0,ablation,FEASIBLE,True,aiohttp-fielded-1000000,aiohttp,fielded,1000000,426119,168928,2.5627664999992703,273068032,337857/2,,,,,,,,0.760191000001214,0.4533789999986766,,,1c5c2c76e02254cee8da65f44487538b7e7bea086077ff5f84a0eee76f917040,167685,378,126,5,,,,,,,,,0.29840410000178963,,,,,,,,,,,,,,True,0.00029598408789543475,0.007282800001121359
742,3/2,RG-add,1,ablation,FEASIBLE,True,aiohttp-fielded-1000000,aiohttp,fielded,1000000,426119,168928,2.59359989999939,273772544,168939,,,,,,,,0.7741568999990704,0.46514509999906295,,,1c5c2c76e02254cee8da65f44487538b7e7bea086077ff5f84a0eee76f917040,167685,378,126,5,,,,,,,,,0.3020492999967246,,,,,,,,,,,,,,True,0.006511649933699564,0.005800399998406647
743,3/2,RG-prune,1,ablation,FEASIBLE,True,aiohttp-fielded-1000000,aiohttp,fielded,1000000,426119,168928,2.5845797000001767,276201472,337857/2,,,,,,,,0.7639526999992086,0.4531924999973853,,,1c5c2c76e02254cee8da65f44487538b7e7bea086077ff5f84a0eee76f917040,167685,378,126,5,,,,,,,,,0.3002048999987892,,,,,,,,,,,,,,True,0.00029598408789543475,0.009437900000193622
744,3/2,A1,1,ablation,optimal_numerical,True,aiohttp-fielded-1000000,aiohttp,fielded,1000000,426119,168928,2.6140698000017437,277839872,168928,,,,,,,,0.795027599997411,0.45794000000023516,0.002992000001540873,0.024261399998067645,1c5c2c76e02254cee8da65f44487538b7e7bea086077ff5f84a0eee76f917040,167685,,126,5,,,,,,,,0.0008076999984041322,0.3004892999997537,426119,81997,76746,10321,6764,3179,72957,76323,3151,3277,7,801,1179,True,0.0,
745,3/2,RG-prune,2,ablation,FEASIBLE,True,aiohttp-fielded-1000000,aiohttp,fielded,1000000,426119,168928,2.5632002999991528,272871424,337857/2,,,,,,,,0.7613264000028721,0.45335179999892716,,,1c5c2c76e02254cee8da65f44487538b7e7bea086077ff5f84a0eee76f917040,167685,378,126,5,,,,,,,,,0.29814039999837405,,,,,,,,,,,,,,True,0.00029598408789543475,0.008503299999574665
746,3/2,A1,2,ablation,optimal_numerical,True,aiohttp-fielded-1000000,aiohttp,fielded,1000000,426119,168928,2.613356899997598,272756736,168928,,,,,,,,0.7939120000010007,0.45410030000130064,0.0034844000001612585,0.02405919999728212,1c5c2c76e02254cee8da65f44487538b7e7bea086077ff5f84a0eee76f917040,167685,,126,5,,,,,,,,0.0008402999992540572,0.3028377000009641,426119,81997,76746,10321,6764,3179,72957,76323,3151,3277,7,801,1179,True,0.0,
747,3/2,RG-add,2,ablation,FEASIBLE,True,aiohttp-fielded-1000000,aiohttp,fielded,1000000,426119,168928,2.593829800000094,279891968,168939,,,,,,,,0.7658961999986786,0.45700289999876986,,,1c5c2c76e02254cee8da65f44487538b7e7bea086077ff5f84a0eee76f917040,167685,378,126,5,,,,,,,,,0.30148189999817987,,,,,,,,,,,,,,True,0.006511649933699564,0.006015099999785889
748,2,LP-on,0,LP,LP_OPTIMAL_NUMERICAL,True,aiohttp-fielded-1000000,aiohttp,fielded,1000000,426119,172391,2.005977000000712,251928576,,0,172325.87546154825,342.8754615482556,0.5,0.0,True,,0.46969479999825126,0.4603577999987465,0.0022031999978935346,0.006464599999162601,95062d1ce437d8667dd5f6d8d7f19025ca077990e35d0bfb94b133c8689ca763,171983,102,33,5,65.12453845175332,0.0377772264513538,408.0,False,numeric_integer_optimum,65.12453845175332,15.961896679351305,,,,,,,,,,,,,,,,,,
749,2,LP-off,0,LP,LP_OPTIMAL_NUMERICAL,True,aiohttp-fielded-1000000,aiohttp,fielded,1000000,426119,172391,1.994727999997849,252497920,,0,172325.87546154825,342.8754615482556,0.5,0.0,True,,0.46176870000272174,0.45640220000132103,0.002152699998987373,0.002553700000134995,95062d1ce437d8667dd5f6d8d7f19025ca077990e35d0bfb94b133c8689ca763,171983,102,33,5,65.12453845175332,0.0377772264513538,408.0,False,numeric_integer_optimum,65.12453845175332,15.961896679351305,,,,,,,,,,,,,,,,,,
750,2,A1,0,ablation,optimal_numerical,True,aiohttp-fielded-1000000,aiohttp,fielded,1000000,426119,172391,2.586552999997366,272052224,172391,,,,,,,,0.7790275000006659,0.4578475000016624,0.002157999999326421,0.0075873999994655605,95062d1ce437d8667dd5f6d8d7f19025ca077990e35d0bfb94b133c8689ca763,171983,,33,5,,,,,,,,0.00034389999927952886,0.3023271999991266,426119,81997,76746,10321,6564,3655,72758,76615,3300,3333,7,233,335,True,0.0,
751,2,RG-add,0,ablation,FEASIBLE,True,aiohttp-fielded-1000000,aiohttp,fielded,1000000,426119,172391,2.580751600002259,273170432,172391,,,,,,,,0.7628241000020353,0.45756360000086715,,,95062d1ce437d8667dd5f6d8d7f19025ca077990e35d0bfb94b133c8689ca763,171983,102,33,5,,,,,,,,,0.30131140000230516,,,,,,,,,,,,,,True,0.0,0.0028894999995827675
752,2,RG-prune,0,ablation,FEASIBLE,True,aiohttp-fielded-1000000,aiohttp,fielded,1000000,426119,172391,2.5746957000010298,273145856,172392,,,,,,,,0.7635247000034724,0.4581390999992436,,,95062d1ce437d8667dd5f6d8d7f19025ca077990e35d0bfb94b133c8689ca763,171983,102,33,5,,,,,,,,,0.30102719999922556,,,,,,,,,,,,,,True,0.0005800766861379073,0.003296099999715807
753,2,RG-add,1,ablation,FEASIBLE,True,aiohttp-fielded-1000000,aiohttp,fielded,1000000,426119,172391,2.5790820000001986,273928192,172391,,,,,,,,0.759537599999021,0.4565833999986353,,,95062d1ce437d8667dd5f6d8d7f19025ca077990e35d0bfb94b133c8689ca763,171983,102,33,5,,,,,,,,,0.29925700000239885,,,,,,,,,,,,,,True,0.0,0.0026409999991301447
754,2,RG-prune,1,ablation,FEASIBLE,True,aiohttp-fielded-1000000,aiohttp,fielded,1000000,426119,172391,2.5813896999970893,274108416,172392,,,,,,,,0.7624576999987767,0.45616510000036214,,,95062d1ce437d8667dd5f6d8d7f19025ca077990e35d0bfb94b133c8689ca763,171983,102,33,5,,,,,,,,,0.30199440000069444,,,,,,,,,,,,,,True,0.0005800766861379073,0.0031619000001228414
755,2,A1,1,ablation,optimal_numerical,True,aiohttp-fielded-1000000,aiohttp,fielded,1000000,426119,172391,2.6072125999999116,274472960,172391,,,,,,,,0.7793552000002819,0.45752730000094743,0.003161199998430675,0.00885779999953229,95062d1ce437d8667dd5f6d8d7f19025ca077990e35d0bfb94b133c8689ca763,171983,,33,5,,,,,,,,0.00033570000232430175,0.3009161000009044,426119,81997,76746,10321,6564,3655,72758,76615,3300,3333,7,233,335,True,0.0,
756,2,RG-prune,2,ablation,FEASIBLE,True,aiohttp-fielded-1000000,aiohttp,fielded,1000000,426119,172391,2.593660700000328,273719296,172392,,,,,,,,0.7678349999987404,0.45596410000143806,,,95062d1ce437d8667dd5f6d8d7f19025ca077990e35d0bfb94b133c8689ca763,171983,102,33,5,,,,,,,,,0.30750629999965895,,,,,,,,,,,,,,True,0.0005800766861379073,0.0033346999989589676
757,2,A1,2,ablation,optimal_numerical,True,aiohttp-fielded-1000000,aiohttp,fielded,1000000,426119,172391,2.6549234000012802,271958016,172391,,,,,,,,0.7970754000016314,0.4571944000017538,0.0022954000014578924,0.011010899997927481,95062d1ce437d8667dd5f6d8d7f19025ca077990e35d0bfb94b133c8689ca763,171983,,33,5,,,,,,,,0.0003839999990304932,0.3173105000023497,426119,81997,76746,10321,6564,3655,72758,76615,3300,3333,7,233,335,True,0.0,
758,2,RG-add,2,ablation,FEASIBLE,True,aiohttp-fielded-1000000,aiohttp,fielded,1000000,426119,172391,2.581153600000107,273276928,172391,,,,,,,,0.7607833000001847,0.457300000001851,,,95062d1ce437d8667dd5f6d8d7f19025ca077990e35d0bfb94b133c8689ca763,171983,102,33,5,,,,,,,,,0.2996912999988126,,,,,,,,,,,,,,True,0.0,0.002642200000991579
759,32,LP-on,0,LP,LP_OPTIMAL_NUMERICAL,True,aiohttp-fielded-1000000,aiohttp,fielded,1000000,426119,238726,2.615854200001195,250990592,,0,236088.33771138964,44727.33771138965,0.5,3.552713678800501e-15,True,,1.0942927000032796,1.0621743999981845,0.01403790000040317,0.01682960000107414,ca1c97de20bb0d68bee9e91af377512d0f6dd2584f44360ffd51bcb1cc11ebf9,191361,771,44,620,2637.662288610358,1.1048910837572605,47365.0,False,numeric_integer_optimum,2637.662288610358,5.568800355980909,,,,,,,,,,,,,,,,,,
760,32,LP-off,0,LP,LP_OPTIMAL_NUMERICAL,True,aiohttp-fielded-1000000,aiohttp,fielded,1000000,426119,238726,2.653482500001701,252960768,,0,236088.33771138964,44727.33771138966,0.5,3.552713678800501e-15,True,,1.119981400002871,1.0640125999998418,0.013815400001476519,0.040975100000650855,ca1c97de20bb0d68bee9e91af377512d0f6dd2584f44360ffd51bcb1cc11ebf9,191361,771,44,620,2637.662288610358,1.1048910837572605,47365.0,False,numeric_integer_optimum,2637.662288610358,5.568800355980909,,,,,,,,,,,,,,,,,,
761,32,A1,0,ablation,optimal_numerical,True,aiohttp-fielded-1000000,aiohttp,fielded,1000000,426119,238726,3.696091999998316,283000832,238726,,,,,,,,1.8628835000017716,1.0742781999979343,0.014070900000660913,0.21369119999872055,ca1c97de20bb0d68bee9e91af377512d0f6dd2584f44360ffd51bcb1cc11ebf9,191361,,44,620,,,,,,,,0.008007000000361586,0.5429667000025802,426119,81997,76746,10321,658,8892,59168,69744,3388,3432,5815,7773,8544,True,0.0,
762,32,RG-add,0,ablation,FEASIBLE,True,aiohttp-fielded-1000000,aiohttp,fielded,1000000,426119,238726,6.116004399998928,288223232,238800,,,,,,,,4.296924499998568,1.05842329999723,,,ca1c97de20bb0d68bee9e91af377512d0f6dd2584f44360ffd51bcb1cc11ebf9,191361,771,44,620,,,,,,,,,0.539356699999189,,,,,,,,,,,,,,True,0.03099788041520404,2.6978660999993735
763,32,RG-prune,0,ablation,FEASIBLE,True,aiohttp-fielded-1000000,aiohttp,fielded,1000000,426119,238726,8.469665200002055,279457792,238869,,,,,,,,6.633086900001217,1.0698763000000326,,,ca1c97de20bb0d68bee9e91af377512d0f6dd2584f44360ffd51bcb1cc11ebf9,191361,771,44,620,,,,,,,,,0.5472435000010591,,,,,,,,,,,,,,True,0.05990130945100241,5.01450610000029
764,32,RG-add,1,ablation,FEASIBLE,True,aiohttp-fielded-1000000,aiohttp,fielded,1000000,426119,238726,6.159621700000571,280383488,238800,,,,,,,,4.317838299997675,1.0679051000006439,,,ca1c97de20bb0d68bee9e91af377512d0f6dd2584f44360ffd51bcb1cc11ebf9,191361,771,44,620,,,,,,,,,0.5564798999985214,,,,,,,,,,,,,,True,0.03099788041520404,2.692168200002925
765,32,RG-prune,1,ablation,FEASIBLE,True,aiohttp-fielded-1000000,aiohttp,fielded,1000000,426119,238726,8.68164059999981,278818816,238869,,,,,,,,6.819072599999345,1.0739393000003474,,,ca1c97de20bb0d68bee9e91af377512d0f6dd2584f44360ffd51bcb1cc11ebf9,191361,771,44,620,,,,,,,,,0.5742443999988609,,,,,,,,,,,,,,True,0.05990130945100241,5.16958589999922
766,32,A1,1,ablation,optimal_numerical,True,aiohttp-fielded-1000000,aiohttp,fielded,1000000,426119,238726,3.736187800001062,281837568,238726,,,,,,,,1.885400999999547,1.079877399999532,0.013882399998692563,0.2173404000022856,ca1c97de20bb0d68bee9e91af377512d0f6dd2584f44360ffd51bcb1cc11ebf9,191361,,44,620,,,,,,,,0.008052699999097968,0.5560416000007535,426119,81997,76746,10321,658,8892,59168,69744,3388,3432,5815,7773,8544,True,0.0,
767,32,RG-prune,2,ablation,FEASIBLE,True,aiohttp-fielded-1000000,aiohttp,fielded,1000000,426119,238726,8.628467000002274,279871488,238869,,,,,,,,6.71056949999911,1.0846621000018786,,,ca1c97de20bb0d68bee9e91af377512d0f6dd2584f44360ffd51bcb1cc11ebf9,191361,771,44,620,,,,,,,,,0.5671742999984417,,,,,,,,,,,,,,True,0.05990130945100241,5.057448300001852
768,32,A1,2,ablation,optimal_numerical,True,aiohttp-fielded-1000000,aiohttp,fielded,1000000,426119,238726,3.7268867999991926,283127808,238726,,,,,,,,1.8846559000012348,1.073632899999211,0.01346679999915068,0.21631540000089444,ca1c97de20bb0d68bee9e91af377512d0f6dd2584f44360ffd51bcb1cc11ebf9,191361,,44,620,,,,,,,,0.008045899998251116,0.563148999997793,426119,81997,76746,10321,658,8892,59168,69744,3388,3432,5815,7773,8544,True,0.0,
769,32,RG-add,2,ablation,FEASIBLE,True,aiohttp-fielded-1000000,aiohttp,fielded,1000000,426119,238726,6.286886100002448,280064000,238800,,,,,,,,4.378454999998212,1.0703056999991531,,,ca1c97de20bb0d68bee9e91af377512d0f6dd2584f44360ffd51bcb1cc11ebf9,191361,771,44,620,,,,,,,,,0.5835498999986157,,,,,,,,,,,,,,True,0.03099788041520404,2.723372399999789
770,11/10,LP-on,0,LP,LP_OPTIMAL_NUMERICAL,True,jsonschema-compact-100000,jsonschema,compact,100000,91848,472737/10,0.6579463999987638,109330432,,0,47237.11,225.31,0.5,0.0,True,,0.09163930000067921,0.08316249999916181,0.002711000000999775,0.005089399997814326,076b74647c729be6eba83388a6c5c0e45a45128fc15797223a4aee750939a353,235059/5,80,39,3,36.58999999999651,0.07740033041627059,261.9,False,numeric_integer_optimum,36.58999999999651,13.970981290567588,,,,,,,,,,,,,,,,,,
771,11/10,LP-off,0,LP,LP_OPTIMAL_NUMERICAL,True,jsonschema-compact-100000,jsonschema,compact,100000,91848,472737/10,0.6435751999997592,110583808,,0,47237.11,225.31,0.5,0.0,True,,0.08770109999750275,0.08271930000046268,0.0018127000003005378,0.002514899999368936,076b74647c729be6eba83388a6c5c0e45a45128fc15797223a4aee750939a353,235059/5,80,39,3,36.58999999999651,0.07740033041627059,261.9,False,numeric_integer_optimum,36.58999999999651,13.970981290567588,,,,,,,,,,,,,,,,,,
772,11/10,A1,0,ablation,optimal_numerical,True,jsonschema-compact-100000,jsonschema,compact,100000,91848,472737/10,0.7726200999968569,116727808,472737/10,,,,,,,,0.15095999999903142,0.08322099999713828,0.00178569999843603,0.004087199999048607,076b74647c729be6eba83388a6c5c0e45a45128fc15797223a4aee750939a353,235059/5,,39,3,,,,,,,,0.00023060000239638612,0.05383579999761423,91848,18581,16226,2368,1868,420,15723,16146,420,459,3,160,240,True,0.0,
773,11/10,RG-add,0,ablation,FEASIBLE,True,jsonschema-compact-100000,jsonschema,compact,100000,91848,472737/10,0.7665672000002814,116629504,472737/10,,,,,,,,0.1447279999993043,0.08590949999779696,,,076b74647c729be6eba83388a6c5c0e45a45128fc15797223a4aee750939a353,235059/5,80,39,3,,,,,,,,,0.05563929999698303,,,,,,,,,,,,,,True,0.0,0.0024481000000378117
774,11/10,RG-prune,0,ablation,FEASIBLE,True,jsonschema-compact-100000,jsonschema,compact,100000,91848,472737/10,0.7647512999974424,116375552,472737/10,,,,,,,,0.14355090000026394,0.08405349999884493,,,076b74647c729be6eba83388a6c5c0e45a45128fc15797223a4aee750939a353,235059/5,80,39,3,,,,,,,,,0.0564942000019073,,,,,,,,,,,,,,True,0.0,0.0022123000017018057
775,11/10,RG-add,1,ablation,FEASIBLE,True,jsonschema-compact-100000,jsonschema,compact,100000,91848,472737/10,0.7607578999995894,116285440,472737/10,,,,,,,,0.14249389999895357,0.08382650000203284,,,076b74647c729be6eba83388a6c5c0e45a45128fc15797223a4aee750939a353,235059/5,80,39,3,,,,,,,,,0.05514760000005481,,,,,,,,,,,,,,True,0.0,0.0027450999987195246
776,11/10,RG-prune,1,ablation,FEASIBLE,True,jsonschema-compact-100000,jsonschema,compact,100000,91848,472737/10,0.7834853999993356,117047296,472737/10,,,,,,,,0.14960689999861643,0.08831569999892963,,,076b74647c729be6eba83388a6c5c0e45a45128fc15797223a4aee750939a353,235059/5,80,39,3,,,,,,,,,0.05778189999909955,,,,,,,,,,,,,,True,0.0,0.002726200000324752
777,11/10,A1,1,ablation,optimal_numerical,True,jsonschema-compact-100000,jsonschema,compact,100000,91848,472737/10,0.7773046999973303,116109312,472737/10,,,,,,,,0.15333620000092196,0.08355740000115475,0.0020000000004074536,0.007578900000225985,076b74647c729be6eba83388a6c5c0e45a45128fc15797223a4aee750939a353,235059/5,,39,3,,,,,,,,0.00024330000087502412,0.056636699999216944,91848,18581,16226,2368,1868,420,15723,16146,420,459,3,160,240,True,0.0,
778,11/10,RG-prune,2,ablation,FEASIBLE,True,jsonschema-compact-100000,jsonschema,compact,100000,91848,472737/10,0.7734371999977157,115994624,472737/10,,,,,,,,0.1502617999976792,0.08744680000017979,,,076b74647c729be6eba83388a6c5c0e45a45128fc15797223a4aee750939a353,235059/5,80,39,3,,,,,,,,,0.05940470000132336,,,,,,,,,,,,,,True,0.0,0.0026627000006556045
779,11/10,A1,2,ablation,optimal_numerical,True,jsonschema-compact-100000,jsonschema,compact,100000,91848,472737/10,0.7729372000030708,117587968,472737/10,,,,,,,,0.15142999999807216,0.08421159999852534,0.0020686000025307294,0.005303699999785749,076b74647c729be6eba83388a6c5c0e45a45128fc15797223a4aee750939a353,235059/5,,39,3,,,,,,,,0.00025829999867710285,0.05629160000171396,91848,18581,16226,2368,1868,420,15723,16146,420,459,3,160,240,True,0.0,
780,11/10,RG-add,2,ablation,FEASIBLE,True,jsonschema-compact-100000,jsonschema,compact,100000,91848,472737/10,0.7627302000000782,115761152,472737/10,,,,,,,,0.14128600000185543,0.08400160000019241,,,076b74647c729be6eba83388a6c5c0e45a45128fc15797223a4aee750939a353,235059/5,80,39,3,,,,,,,,,0.054296800000884105,,,,,,,,,,,,,,True,0.0,0.0022458999992522877
781,5/4,LP-on,0,LP,LP_OPTIMAL_NUMERICAL,True,jsonschema-compact-100000,jsonschema,compact,100000,91848,190239/4,0.6642619000012928,107823104,,0,47523.18928571429,231.18928571428575,0.5,0.0,True,,0.09121640000012121,0.08357899999828078,0.0024536000018997584,0.004380400001537055,9c7932ee3633328a516192fd5f50ebbb6c352202d45ce07363cea307071e1a2f,47292,80,39,3,36.56071428571158,0.07687322638515043,267.75,False,numeric_integer_optimum,36.56071428571158,13.654795251432898,,,,,,,,,,,,,,,,,,
782,5/4,LP-off,0,LP,LP_OPTIMAL_NUMERICAL,True,jsonschema-compact-100000,jsonschema,compact,100000,91848,190239/4,0.7047760999994352,107393024,,0,47523.18928571429,231.18928571428572,0.5,0.0,True,,0.09388960000069346,0.08704810000199359,0.0025037000013981014,0.0036765000004379544,9c7932ee3633328a516192fd5f50ebbb6c352202d45ce07363cea307071e1a2f,47292,80,39,3,36.56071428571158,0.07687322638515043,267.75,False,numeric_integer_optimum,36.56071428571158,13.654795251432898,,,,,,,,,,,,,,,,,,
783,5/4,A1,0,ablation,optimal_numerical,True,jsonschema-compact-100000,jsonschema,compact,100000,91848,190239/4,0.780218199997762,118358016,190239/4,,,,,,,,0.15289040000061505,0.08463409999967553,0.0017850999975053128,0.0060778000006393995,9c7932ee3633328a516192fd5f50ebbb6c352202d45ce07363cea307071e1a2f,47292,,39,3,,,,,,,,0.0002615999983390793,0.0562800999978208,91848,18581,16226,2368,1868,420,15723,16146,420,459,3,160,240,True,0.0,
784,5/4,RG-add,0,ablation,FEASIBLE,True,jsonschema-compact-100000,jsonschema,compact,100000,91848,190239/4,0.7732575999980327,116056064,190239/4,,,,,,,,0.14403239999955986,0.08522480000101496,,,9c7932ee3633328a516192fd5f50ebbb6c352202d45ce07363cea307071e1a2f,47292,80,39,3,,,,,,,,,0.055620499999349704,,,,,,,,,,,,,,True,0.0,0.002420299999357667
785,5/4,RG-prune,0,ablation,FEASIBLE,True,jsonschema-compact-100000,jsonschema,compact,100000,91848,190239/4,0.7645532999995339,116076544,190239/4,,,,,,,,0.14322180000090157,0.08343840000088676,,,9c7932ee3633328a516192fd5f50ebbb6c352202d45ce07363cea307071e1a2f,47292,80,39,3,,,,,,,,,0.056675399999221554,,,,,,,,,,,,,,True,0.0,0.0022733999976480845
786,5/4,RG-add,1,ablation,FEASIBLE,True,jsonschema-compact-100000,jsonschema,compact,100000,91848,190239/4,0.7853207999978622,114323456,190239/4,,,,,,,,0.1473033000002033,0.08392660000026808,,,9c7932ee3633328a516192fd5f50ebbb6c352202d45ce07363cea307071e1a2f,47292,80,39,3,,,,,,,,,0.05989160000171978,,,,,,,,,,,,,,True,0.0,0.0026603000005707145
787,5/4,RG-prune,1,ablation,FEASIBLE,True,jsonschema-compact-100000,jsonschema,compact,100000,91848,190239/4,0.771528400000534,116305920,190239/4,,,,,,,,0.14288460000170744,0.0853038999994169,,,9c7932ee3633328a516192fd5f50ebbb6c352202d45ce07363cea307071e1a2f,47292,80,39,3,,,,,,,,,0.054436700000223937,,,,,,,,,,,,,,True,0.0,0.0023675000011280645
788,5/4,A1,1,ablation,optimal_numerical,True,jsonschema-compact-100000,jsonschema,compact,100000,91848,190239/4,0.7704365999998117,116977664,190239/4,,,,,,,,0.1492480999986583,0.08282479999979842,0.0019682000020111445,0.006703099999867845,9c7932ee3633328a516192fd5f50ebbb6c352202d45ce07363cea307071e1a2f,47292,,39,3,,,,,,,,0.00028050000037183054,0.05444029999853228,91848,18581,16226,2368,1868,420,15723,16146,420,459,3,160,240,True,0.0,
789,5/4,RG-prune,2,ablation,FEASIBLE,True,jsonschema-compact-100000,jsonschema,compact,100000,91848,190239/4,0.7801733000014792,115167232,190239/4,,,,,,,,0.1446998999999778,0.08466610000323271,,,9c7932ee3633328a516192fd5f50ebbb6c352202d45ce07363cea307071e1a2f,47292,80,39,3,,,,,,,,,0.05541559999983292,,,,,,,,,,,,,,True,0.0,0.0038610000010521617
790,5/4,A1,2,ablation,optimal_numerical,True,jsonschema-compact-100000,jsonschema,compact,100000,91848,190239/4,0.8112476999995124,118280192,190239/4,,,,,,,,0.17092789999878732,0.09147330000268994,0.0026393999978608917,0.006453000001783948,9c7932ee3633328a516192fd5f50ebbb6c352202d45ce07363cea307071e1a2f,47292,,39,3,,,,,,,,0.0003207000008842442,0.06690990000060992,91848,18581,16226,2368,1868,420,15723,16146,420,459,3,160,240,True,0.0,
791,5/4,RG-add,2,ablation,FEASIBLE,True,jsonschema-compact-100000,jsonschema,compact,100000,91848,190239/4,0.7731149999999616,115707904,190239/4,,,,,,,,0.14529920000131824,0.08489759999793023,,,9c7932ee3633328a516192fd5f50ebbb6c352202d45ce07363cea307071e1a2f,47292,80,39,3,,,,,,,,,0.057330600000568666,,,,,,,,,,,,,,True,0.0,0.0022647000005235896
792,3/2,LP-on,0,LP,LP_OPTIMAL_NUMERICAL,True,jsonschema-compact-100000,jsonschema,compact,100000,91848,96073/2,0.6613689000005252,109219840,,0,47999.98809523809,240.98809523809524,0.5,0.0,True,,0.09720930000185035,0.08981729999868548,0.002679999997781124,0.004031400003441377,dde437b02e19392383f5c26cf8b167a942f6fb1ef0b8825801cc2414cb51ebc9,47759,80,39,3,36.51190476190823,0.07600866999450048,277.5,False,numeric_integer_optimum,36.51190476190823,13.157443157444407,,,,,,,,,,,,,,,,,,
793,3/2,LP-off,0,LP,LP_OPTIMAL_NUMERICAL,True,jsonschema-compact-100000,jsonschema,compact,100000,91848,96073/2,0.6509061999968253,109432832,,0,47999.98809523809,240.98809523809524,0.5,0.0,True,,0.09043990000282065,0.08501679999972112,0.0021392999988165684,0.0026441000009072013,dde437b02e19392383f5c26cf8b167a942f6fb1ef0b8825801cc2414cb51ebc9,47759,80,39,3,36.51190476190823,0.07600866999450048,277.5,False,numeric_integer_optimum,36.51190476190823,13.157443157444407,,,,,,,,,,,,,,,,,,
794,3/2,A1,0,ablation,optimal_numerical,True,jsonschema-compact-100000,jsonschema,compact,100000,91848,96073/2,0.7816138999987743,117723136,96073/2,,,,,,,,0.15179409999836935,0.08380749999923864,0.0021409000000858214,0.005753600002208259,dde437b02e19392383f5c26cf8b167a942f6fb1ef0b8825801cc2414cb51ebc9,47759,,39,3,,,,,,,,0.00025860000096145086,0.056745800000499,91848,18581,16226,2368,1868,420,15723,16146,420,459,3,160,240,True,0.0,
795,3/2,RG-add,0,ablation,FEASIBLE,True,jsonschema-compact-100000,jsonschema,compact,100000,91848,96073/2,0.7879909999974188,116043776,96073/2,,,,,,,,0.14388880000115023,0.08333570000104373,,,dde437b02e19392383f5c26cf8b167a942f6fb1ef0b8825801cc2414cb51ebc9,47759,80,39,3,,,,,,,,,0.05662730000040028,,,,,,,,,,,,,,True,0.0,0.003178499999194173
796,3/2,RG-prune,0,ablation,FEASIBLE,True,jsonschema-compact-100000,jsonschema,compact,100000,91848,96073/2,0.766557400002057,116314112,96073/2,,,,,,,,0.14567449999958626,0.08611799999926006,,,dde437b02e19392383f5c26cf8b167a942f6fb1ef0b8825801cc2414cb51ebc9,47759,80,39,3,,,,,,,,,0.05461510000168346,,,,,,,,,,,,,,True,0.0,0.0041388999998162035
797,3/2,RG-add,1,ablation,FEASIBLE,True,jsonschema-compact-100000,jsonschema,compact,100000,91848,96073/2,0.7620256000009249,114401280,96073/2,,,,,,,,0.142437800001062,0.08391090000077384,,,dde437b02e19392383f5c26cf8b167a942f6fb1ef0b8825801cc2414cb51ebc9,47759,80,39,3,,,,,,,,,0.0555248999989999,,,,,,,,,,,,,,True,0.0,0.002237999997305451
798,3/2,RG-prune,1,ablation,FEASIBLE,True,jsonschema-compact-100000,jsonschema,compact,100000,91848,96073/2,0.7883787999999186,118845440,96073/2,,,,,,,,0.14565520000178367,0.08614939999824855,,,dde437b02e19392383f5c26cf8b167a942f6fb1ef0b8825801cc2414cb51ebc9,47759,80,39,3,,,,,,,,,0.055879000003187684,,,,,,,,,,,,,,True,0.0,0.0027779999982158188
799,3/2,A1,1,ablation,optimal_numerical,True,jsonschema-compact-100000,jsonschema,compact,100000,91848,96073/2,0.784919900001114,118300672,96073/2,,,,,,,,0.15901579999990645,0.0868761000019731,0.0019451000007393304,0.008052700002735946,dde437b02e19392383f5c26cf8b167a942f6fb1ef0b8825801cc2414cb51ebc9,47759,,39,3,,,,,,,,0.0002829000004567206,0.0588248999993084,91848,18581,16226,2368,1868,420,15723,16146,420,459,3,160,240,True,0.0,
800,3/2,RG-prune,2,ablation,FEASIBLE,True,jsonschema-compact-100000,jsonschema,compact,100000,91848,96073/2,0.8038526999989699,116707328,96073/2,,,,,,,,0.14421870000296622,0.08288069999980507,,,dde437b02e19392383f5c26cf8b167a942f6fb1ef0b8825801cc2414cb51ebc9,47759,80,39,3,,,,,,,,,0.058143800000834744,,,,,,,,,,,,,,True,0.0,0.002422199999273289
801,3/2,A1,2,ablation,optimal_numerical,True,jsonschema-compact-100000,jsonschema,compact,100000,91848,96073/2,0.7708182999995188,118329344,96073/2,,,,,,,,0.15262250000159838,0.08310590000110096,0.0023249999976542313,0.007450299999618437,dde437b02e19392383f5c26cf8b167a942f6fb1ef0b8825801cc2414cb51ebc9,47759,,39,3,,,,,,,,0.00026559999969322234,0.056084600000758655,91848,18581,16226,2368,1868,420,15723,16146,420,459,3,160,240,True,0.0,
802,3/2,RG-add,2,ablation,FEASIBLE,True,jsonschema-compact-100000,jsonschema,compact,100000,91848,96073/2,0.7682249000026786,115351552,96073/2,,,,,,,,0.14563679999992019,0.08334420000028331,,,dde437b02e19392383f5c26cf8b167a942f6fb1ef0b8825801cc2414cb51ebc9,47759,80,39,3,,,,,,,,,0.05880000000252039,,,,,,,,,,,,,,True,0.0,0.002741199998126831
803,2,LP-on,0,LP,LP_OPTIMAL_NUMERICAL,True,jsonschema-compact-100000,jsonschema,compact,100000,91848,48990,0.6481234000020777,106926080,,0,48970.97857142857,76.97857142857143,0.5,0.0,True,,0.08938529999795719,0.08422919999793521,0.0016985000002023298,0.002810699999827193,3f75829db302c9abb14c265a273ff5af10510645a56f83fb3e08734677c36072,48894,23,11,3,19.021428571431898,0.038827165893921,96.0,False,numeric_integer_optimum,19.021428571431898,19.813988095241562,,,,,,,,,,,,,,,,,,
804,2,LP-off,0,LP,LP_OPTIMAL_NUMERICAL,True,jsonschema-compact-100000,jsonschema,compact,100000,91848,48990,0.6416538999983459,110735360,,0,48970.97857142857,76.97857142857143,0.5,0.0,True,,0.09049339999910444,0.08588190000227769,0.0016489000008732546,0.0023438999996869825,3f75829db302c9abb14c265a273ff5af10510645a56f83fb3e08734677c36072,48894,23,11,3,19.021428571431898,0.038827165893921,96.0,False,numeric_integer_optimum,19.021428571431898,19.813988095241562,,,,,,,,,,,,,,,,,,
805,2,A1,0,ablation,optimal_numerical,True,jsonschema-compact-100000,jsonschema,compact,100000,91848,48990,0.7858984000013152,116776960,48990,,,,,,,,0.1515932000002067,0.08393309999883058,0.0018290000007255003,0.004945600001519779,3f75829db302c9abb14c265a273ff5af10510645a56f83fb3e08734677c36072,48894,,11,3,,,,,,,,0.00016310000137309544,0.054782700000941986,91848,18581,16226,2368,1892,453,15747,16203,449,460,3,46,69,True,0.0,
806,2,RG-add,0,ablation,FEASIBLE,True,jsonschema-compact-100000,jsonschema,compact,100000,91848,48990,0.7886585999985982,114507776,48990,,,,,,,,0.14688110000133747,0.08681399999841233,,,3f75829db302c9abb14c265a273ff5af10510645a56f83fb3e08734677c36072,48894,23,11,3,,,,,,,,,0.057441900000412716,,,,,,,,,,,,,,True,0.0,0.0016345000003639143
807,2,RG-prune,0,ablation,FEASIBLE,True,jsonschema-compact-100000,jsonschema,compact,100000,91848,48990,0.7796348000010767,116908032,48990,,,,,,,,0.16264289999890025,0.09530620000077761,,,3f75829db302c9abb14c265a273ff5af10510645a56f83fb3e08734677c36072,48894,23,11,3,,,,,,,,,0.06479050000052666,,,,,,,,,,,,,,True,0.0,0.0017902999970829114
808,2,RG-add,1,ablation,FEASIBLE,True,jsonschema-compact-100000,jsonschema,compact,100000,91848,48990,0.7628433999998379,116834304,48990,,,,,,,,0.1429000999996788,0.08386500000051456,,,3f75829db302c9abb14c265a273ff5af10510645a56f83fb3e08734677c36072,48894,23,11,3,,,,,,,,,0.05666449999989709,,,,,,,,,,,,,,True,0.0,0.0015607000023010187
809,2,RG-prune,1,ablation,FEASIBLE,True,jsonschema-compact-100000,jsonschema,compact,100000,91848,48990,0.7960501999987173,116260864,48990,,,,,,,,0.16692610000245622,0.09979910000038217,,,3f75829db302c9abb14c265a273ff5af10510645a56f83fb3e08734677c36072,48894,23,11,3,,,,,,,,,0.06417560000045341,,,,,,,,,,,,,,True,0.0,0.002191899999161251
810,2,A1,1,ablation,optimal_numerical,True,jsonschema-compact-100000,jsonschema,compact,100000,91848,48990,0.7797301999999036,118300672,48990,,,,,,,,0.14761589999761782,0.08356430000276305,0.0018232000002171844,0.0040145999992091674,3f75829db302c9abb14c265a273ff5af10510645a56f83fb3e08734677c36072,48894,,11,3,,,,,,,,0.0001584999990882352,0.054875499998161104,91848,18581,16226,2368,1892,453,15747,16203,449,460,3,46,69,True,0.0,
811,2,RG-prune,2,ablation,FEASIBLE,True,jsonschema-compact-100000,jsonschema,compact,100000,91848,48990,0.7951124000028358,118263808,48990,,,,,,,,0.14223479999782285,0.08275140000114334,,,3f75829db302c9abb14c265a273ff5af10510645a56f83fb3e08734677c36072,48894,23,11,3,,,,,,,,,0.0543725000025006,,,,,,,,,,,,,,True,0.0,0.004261999998561805
812,2,A1,2,ablation,optimal_numerical,True,jsonschema-compact-100000,jsonschema,compact,100000,91848,48990,0.7870809999985795,117727232,48990,,,,,,,,0.15630310000051395,0.08318789999975706,0.0016786000014690217,0.003983300000982126,3f75829db302c9abb14c265a273ff5af10510645a56f83fb3e08734677c36072,48894,,11,3,,,,,,,,0.00016120000145747326,0.0638686999991478,91848,18581,16226,2368,1892,453,15747,16203,449,460,3,46,69,True,0.0,
813,2,RG-add,2,ablation,FEASIBLE,True,jsonschema-compact-100000,jsonschema,compact,100000,91848,48990,0.7757383999996819,117346304,48990,,,,,,,,0.1426142999989679,0.08335440000155359,,,3f75829db302c9abb14c265a273ff5af10510645a56f83fb3e08734677c36072,48894,23,11,3,,,,,,,,,0.056396400002995506,,,,,,,,,,,,,,True,0.0,0.00206850000176928
814,32,LP-on,0,LP,LP_OPTIMAL_NUMERICAL,True,jsonschema-compact-100000,jsonschema,compact,100000,91848,67553,0.6911885000008624,110858240,,0,67146.00739361085,8456.007393610857,0.5,0.0,True,,0.1297134999986156,0.11936509999941336,0.003614100001868792,0.0060125999989395496,6cf700d42441bcab4a9e41b2f09968559c37b0bc4f4586663f9718539c75bee3,58690,132,17,74,406.9926063891471,0.6024789519179712,8863.0,False,numeric_integer_optimum,406.9926063891471,4.592041141703115,,,,,,,,,,,,,,,,,,
815,32,LP-off,0,LP,LP_OPTIMAL_NUMERICAL,True,jsonschema-compact-100000,jsonschema,compact,100000,91848,67553,0.6888803000001644,110620672,,0,67146.00739361085,8456.007393610857,0.5,0.0,True,,0.1328207000005932,0.12109509999936563,0.003924600001482759,0.007086499997967621,6cf700d42441bcab4a9e41b2f09968559c37b0bc4f4586663f9718539c75bee3,58690,132,17,74,406.9926063891471,0.6024789519179712,8863.0,False,numeric_integer_optimum,406.9926063891471,4.592041141703115,,,,,,,,,,,,,,,,,,
816,32,A1,0,ablation,optimal_numerical,True,jsonschema-compact-100000,jsonschema,compact,100000,91848,67553,0.8421651999997266,119824384,67553,,,,,,,,0.20727410000108648,0.12085260000094422,0.003221099999791477,0.01856979999865871,6cf700d42441bcab4a9e41b2f09968559c37b0bc4f4586663f9718539c75bee3,58690,,17,74,,,,,,,,0.0013188000011723489,0.05973150000136229,91848,18581,16226,2368,208,2028,12856,15207,1028,1045,736,1151,1283,True,0.0,
817,32,RG-add,0,ablation,FEASIBLE,True,jsonschema-compact-100000,jsonschema,compact,100000,91848,67553,0.8606970000000729,117309440,67570,,,,,,,,0.23061740000048303,0.11961850000079721,,,6cf700d42441bcab4a9e41b2f09968559c37b0bc4f4586663f9718539c75bee3,58690,132,17,74,,,,,,,,,0.06270129999757046,,,,,,,,,,,,,,True,0.02516542566577354,0.04756199999974342
818,32,RG-prune,0,ablation,FEASIBLE,True,jsonschema-compact-100000,jsonschema,compact,100000,91848,67553,0.8873103000005358,117948416,67576,,,,,,,,0.2515919999968901,0.12299139999959152,,,6cf700d42441bcab4a9e41b2f09968559c37b0bc4f4586663f9718539c75bee3,58690,132,17,74,,,,,,,,,0.06120389999705367,,,,,,,,,,,,,,True,0.03404734060663479,0.06603389999872888
819,32,RG-add,1,ablation,FEASIBLE,True,jsonschema-compact-100000,jsonschema,compact,100000,91848,67553,0.8650705000000016,119492608,67570,,,,,,,,0.23107399999935296,0.11982530000022962,,,6cf700d42441bcab4a9e41b2f09968559c37b0bc4f4586663f9718539c75bee3,58690,132,17,74,,,,,,,,,0.06103060000168625,,,,,,,,,,,,,,True,0.02516542566577354,0.049442999999882886
820,32,RG-prune,1,ablation,FEASIBLE,True,jsonschema-compact-100000,jsonschema,compact,100000,91848,67553,0.8832856000008178,118149120,67576,,,,,,,,0.24987550000150804,0.11818629999834229,,,6cf700d42441bcab4a9e41b2f09968559c37b0bc4f4586663f9718539c75bee3,58690,132,17,74,,,,,,,,,0.06504549999954179,,,,,,,,,,,,,,True,0.03404734060663479,0.0658532000015839
821,32,A1,1,ablation,optimal_numerical,True,jsonschema-compact-100000,jsonschema,compact,100000,91848,67553,0.883925400001317,124870656,67553,,,,,,,,0.21238180000000284,0.1225150999998732,0.0036030999981448986,0.018500799997127615,6cf700d42441bcab4a9e41b2f09968559c37b0bc4f4586663f9718539c75bee3,58690,,17,74,,,,,,,,0.001163499997346662,0.06331019999925047,91848,18581,16226,2368,208,2028,12856,15207,1028,1045,736,1151,1283,True,0.0,
822,32,RG-prune,2,ablation,FEASIBLE,True,jsonschema-compact-100000,jsonschema,compact,100000,91848,67553,0.8957687000001897,117694464,67576,,,,,,,,0.2459034999992582,0.11860760000126902,,,6cf700d42441bcab4a9e41b2f09968559c37b0bc4f4586663f9718539c75bee3,58690,132,17,74,,,,,,,,,0.0609537000018463,,,,,,,,,,,,,,True,0.03404734060663479,0.06559580000248388
823,32,A1,2,ablation,optimal_numerical,True,jsonschema-compact-100000,jsonschema,compact,100000,91848,67553,0.8531163000006927,119820288,67553,,,,,,,,0.21260669999901438,0.12113679999674787,0.003956000000471249,0.018735300000116695,6cf700d42441bcab4a9e41b2f09968559c37b0bc4f4586663f9718539c75bee3,58690,,17,74,,,,,,,,0.0012688999995589256,0.06396519999907468,91848,18581,16226,2368,208,2028,12856,15207,1028,1045,736,1151,1283,True,0.0,
824,32,RG-add,2,ablation,FEASIBLE,True,jsonschema-compact-100000,jsonschema,compact,100000,91848,67553,0.8594195000005129,118403072,67570,,,,,,,,0.23208570000133477,0.1227636999974493,,,6cf700d42441bcab4a9e41b2f09968559c37b0bc4f4586663f9718539c75bee3,58690,132,17,74,,,,,,,,,0.06114829999933136,,,,,,,,,,,,,,True,0.02516542566577354,0.04735810000056517
825,11/10,LP-on,0,LP,LP_OPTIMAL_NUMERICAL,True,jsonschema-fielded-100000,jsonschema,fielded,100000,101506,407101/10,0.6951040999992983,112373760,,0,40651.239440742866,191.63944074286565,0.5,0.0,True,,0.09837069999775849,0.09264270000130637,0.002028700000664685,0.003034800000023097,e6114f869bb594e660043434b919d2ee664b09f6bf3be41086f4105895e1559f,202298/5,80,27,6,58.86055925713299,0.14458465898421521,250.5,False,numeric_integer_optimum,58.86055925713299,23.49722924436447,,,,,,,,,,,,,,,,,,
826,11/10,LP-off,0,LP,LP_OPTIMAL_NUMERICAL,True,jsonschema-fielded-100000,jsonschema,fielded,100000,101506,407101/10,0.678172199997789,114647040,,0,40651.239440742866,191.63944074286567,0.5,0.0,True,,0.09683199999926728,0.09199220000300556,0.0017908000008901581,0.0023392999974021222,e6114f869bb594e660043434b919d2ee664b09f6bf3be41086f4105895e1559f,202298/5,80,27,6,58.86055925713299,0.14458465898421521,250.5,False,numeric_integer_optimum,58.86055925713299,23.49722924436447,,,,,,,,,,,,,,,,,,
827,11/10,A1,0,ablation,optimal_numerical,True,jsonschema-fielded-100000,jsonschema,fielded,100000,101506,407101/10,0.8286895000019285,121356288,407101/10,,,,,,,,0.18414599999960046,0.08833410000079311,0.002166500002203975,0.009636400001909351,e6114f869bb594e660043434b919d2ee664b09f6bf3be41086f4105895e1559f,202298/5,,27,6,,,,,,,,0.0004084000029251911,0.07950929999788059,101506,21422,19669,2269,1596,593,18950,19582,586,613,6,167,247,True,0.0,
828,11/10,RG-add,0,ablation,FEASIBLE,True,jsonschema-fielded-100000,jsonschema,fielded,100000,101506,407101/10,0.7900939999999537,121233408,407119/10,,,,,,,,0.15323820000048727,0.09080209999956423,,,e6114f869bb594e660043434b919d2ee664b09f6bf3be41086f4105895e1559f,202298/5,80,27,6,,,,,,,,,0.05933149999691523,,,,,,,,,,,,,,True,0.004421507193546564,0.0022651999970548786
829,11/10,RG-prune,0,ablation,FEASIBLE,True,jsonschema-fielded-100000,jsonschema,fielded,100000,101506,407101/10,0.7995716000004904,120971264,407101/10,,,,,,,,0.15378989999953774,0.09089589999712189,,,e6114f869bb594e660043434b919d2ee664b09f6bf3be41086f4105895e1559f,202298/5,80,27,6,,,,,,,,,0.05903949999992619,,,,,,,,,,,,,,True,0.0,0.003101400001469301
830,11/10,RG-add,1,ablation,FEASIBLE,True,jsonschema-fielded-100000,jsonschema,fielded,100000,101506,407101/10,0.8381391999973857,120975360,407119/10,,,,,,,,0.15667019999818876,0.0900510999999824,,,e6114f869bb594e660043434b919d2ee664b09f6bf3be41086f4105895e1559f,202298/5,80,27,6,,,,,,,,,0.06272769999850425,,,,,,,,,,,,,,True,0.004421507193546564,0.0031060000001161825
831,11/10,RG-prune,1,ablation,FEASIBLE,True,jsonschema-fielded-100000,jsonschema,fielded,100000,101506,407101/10,0.8372864999982994,121188352,407101/10,,,,,,,,0.1543963000003714,0.09012520000032964,,,e6114f869bb594e660043434b919d2ee664b09f6bf3be41086f4105895e1559f,202298/5,80,27,6,,,,,,,,,0.061035299997456605,,,,,,,,,,,,,,True,0.0,0.0024802999978419393
832,11/10,A1,1,ablation,optimal_numerical,True,jsonschema-fielded-100000,jsonschema,fielded,100000,101506,407101/10,0.8216599999977916,123297792,407101/10,,,,,,,,0.16614359999948647,0.08884279999983846,0.004733400000986876,0.010639099997206358,e6114f869bb594e660043434b919d2ee664b09f6bf3be41086f4105895e1559f,202298/5,,27,6,,,,,,,,0.0003006999977515079,0.058174999998300336,101506,21422,19669,2269,1596,593,18950,19582,586,613,6,167,247,True,0.0,
833,11/10,RG-prune,2,ablation,FEASIBLE,True,jsonschema-fielded-100000,jsonschema,fielded,100000,101506,407101/10,0.8290411999987555,121188352,407101/10,,,,,,,,0.15727530000003753,0.0945343999992474,,,e6114f869bb594e660043434b919d2ee664b09f6bf3be41086f4105895e1559f,202298/5,80,27,6,,,,,,,,,0.05908679999993183,,,,,,,,,,,,,,True,0.0,0.0028243000015208963
834,11/10,A1,2,ablation,optimal_numerical,True,jsonschema-fielded-100000,jsonschema,fielded,100000,101506,407101/10,0.8184058000006189,122605568,407101/10,,,,,,,,0.16865619999953196,0.09281259999988833,0.0018802000013238285,0.00828919999912614,e6114f869bb594e660043434b919d2ee664b09f6bf3be41086f4105895e1559f,202298/5,,27,6,,,,,,,,0.00024219999977503903,0.06193429999984801,101506,21422,19669,2269,1596,593,18950,19582,586,613,6,167,247,True,0.0,
835,11/10,RG-add,2,ablation,FEASIBLE,True,jsonschema-fielded-100000,jsonschema,fielded,100000,101506,407101/10,0.7944927000025928,121909248,407119/10,,,,,,,,0.15373639999961597,0.0926590999988548,,,e6114f869bb594e660043434b919d2ee664b09f6bf3be41086f4105895e1559f,202298/5,80,27,6,,,,,,,,,0.0580337999999756,,,,,,,,,,,,,,True,0.004421507193546564,0.0023069000017130747
836,5/4,LP-on,0,LP,LP_OPTIMAL_NUMERICAL,True,jsonschema-fielded-100000,jsonschema,fielded,100000,101506,163819/4,0.6849223999997776,114429952,,0,40895.595829367354,196.5958293673561,0.5,0.0,True,,0.09465089999866905,0.08818530000280589,0.0022374000000127126,0.003623399999924004,cb4e86ad3288b02286af42db10cb2b66dfbdc1df4ccb1eeb4f513cee389b6ed4,40699,80,27,6,59.15417063264613,0.14443787505148029,255.75,False,numeric_integer_optimum,59.15417063264613,23.12968548686066,,,,,,,,,,,,,,,,,,
837,5/4,LP-off,0,LP,LP_OPTIMAL_NUMERICAL,True,jsonschema-fielded-100000,jsonschema,fielded,100000,101506,163819/4,0.6801016999997955,114139136,,0,40895.595829367354,196.5958293673561,0.5,0.0,True,,0.09351669999887235,0.08872110000083921,0.0018213000003015622,0.002346199999010423,cb4e86ad3288b02286af42db10cb2b66dfbdc1df4ccb1eeb4f513cee389b6ed4,40699,80,27,6,59.15417063264613,0.14443787505148029,255.75,False,numeric_integer_optimum,59.15417063264613,23.12968548686066,,,,,,,,,,,,,,,,,,
838,5/4,A1,0,ablation,optimal_numerical,True,jsonschema-fielded-100000,jsonschema,fielded,100000,101506,163819/4,0.8058743000001414,124387328,163819/4,,,,,,,,0.16097639999861713,0.08877310000025318,0.00203959999998915,0.007823100000678096,cb4e86ad3288b02286af42db10cb2b66dfbdc1df4ccb1eeb4f513cee389b6ed4,40699,,27,6,,,,,,,,0.00028810000003431924,0.05825650000042515,101506,21422,19669,2269,1596,593,18950,19582,586,613,6,167,247,True,0.0,
839,5/4,RG-add,0,ablation,FEASIBLE,True,jsonschema-fielded-100000,jsonschema,fielded,100000,101506,163819/4,0.8196177000027092,121151488,163825/4,,,,,,,,0.16155989999970188,0.09613030000036815,,,cb4e86ad3288b02286af42db10cb2b66dfbdc1df4ccb1eeb4f513cee389b6ed4,40699,80,27,6,,,,,,,,,0.06203499999901396,,,,,,,,,,,,,,True,0.0036625788217483934,0.0026520999999775086
840,5/4,RG-prune,0,ablation,FEASIBLE,True,jsonschema-fielded-100000,jsonschema,fielded,100000,101506,163819/4,0.8004886000016995,121053184,163819/4,,,,,,,,0.1581941000004008,0.09332270000231802,,,cb4e86ad3288b02286af42db10cb2b66dfbdc1df4ccb1eeb4f513cee389b6ed4,40699,80,27,6,,,,,,,,,0.06146399999852292,,,,,,,,,,,,,,True,0.0,0.002522299997508526
841,5/4,RG-add,1,ablation,FEASIBLE,True,jsonschema-fielded-100000,jsonschema,fielded,100000,101506,163819/4,0.8294008000011672,121896960,163825/4,,,,,,,,0.16287759999977425,0.09508369999821298,,,cb4e86ad3288b02286af42db10cb2b66dfbdc1df4ccb1eeb4f513cee389b6ed4,40699,80,27,6,,,,,,,,,0.06476549999933923,,,,,,,,,,,,,,True,0.0036625788217483934,0.0022681000009470154
842,5/4,RG-prune,1,ablation,FEASIBLE,True,jsonschema-fielded-100000,jsonschema,fielded,100000,101506,163819/4,0.8210469000005105,120594432,163819/4,,,,,,,,0.1567486000021745,0.09258620000036899,,,cb4e86ad3288b02286af42db10cb2b66dfbdc1df4ccb1eeb4f513cee389b6ed4,40699,80,27,6,,,,,,,,,0.06048899999950663,,,,,,,,,,,,,,True,0.0,0.0029262999996717554
843,5/4,A1,1,ablation,optimal_numerical,True,jsonschema-fielded-100000,jsonschema,fielded,100000,101506,163819/4,0.8180787000019336,123428864,163819/4,,,,,,,,0.1685484000008728,0.09330760000011651,0.0021125999992364086,0.011002300001564436,cb4e86ad3288b02286af42db10cb2b66dfbdc1df4ccb1eeb4f513cee389b6ed4,40699,,27,6,,,,,,,,0.00027159999808645807,0.05864089999886346,101506,21422,19669,2269,1596,593,18950,19582,586,613,6,167,247,True,0.0,
844,5/4,RG-prune,2,ablation,FEASIBLE,True,jsonschema-fielded-100000,jsonschema,fielded,100000,101506,163819/4,0.8021106999985932,122003456,163819/4,,,,,,,,0.1599802999990061,0.09217930000158958,,,cb4e86ad3288b02286af42db10cb2b66dfbdc1df4ccb1eeb4f513cee389b6ed4,40699,80,27,6,,,,,,,,,0.06427410000105738,,,,,,,,,,,,,,True,0.0,0.0027566999997361563
845,5/4,A1,2,ablation,optimal_numerical,True,jsonschema-fielded-100000,jsonschema,fielded,100000,101506,163819/4,0.8327791999981855,121479168,163819/4,,,,,,,,0.16763210000135587,0.0925637000000279,0.0023087000008672476,0.007877199997892603,cb4e86ad3288b02286af42db10cb2b66dfbdc1df4ccb1eeb4f513cee389b6ed4,40699,,27,6,,,,,,,,0.0002913999996962957,0.06091000000014901,101506,21422,19669,2269,1596,593,18950,19582,586,613,6,167,247,True,0.0,
846,5/4,RG-add,2,ablation,FEASIBLE,True,jsonschema-fielded-100000,jsonschema,fielded,100000,101506,163819/4,0.8108385000014096,121348096,163825/4,,,,,,,,0.15427610000187997,0.08938680000210297,,,cb4e86ad3288b02286af42db10cb2b66dfbdc1df4ccb1eeb4f513cee389b6ed4,40699,80,27,6,,,,,,,,,0.061559800000395626,,,,,,,,,,,,,,True,0.0036625788217483934,0.00249670000266633
847,3/2,LP-on,0,LP,LP_OPTIMAL_NUMERICAL,True,jsonschema-fielded-100000,jsonschema,fielded,100000,101506,82725/2,0.7011124999989988,112115712,,0,41302.63028659865,204.6302865986496,0.5,0.0,True,,0.09717219999947702,0.0907273000011628,0.0019701999990502372,0.003835100000287639,bca2a128ddee88643dc85c17b8221b64ec3eb649583490f4d651c7db00e33d39,41098,80,27,6,59.869713401349145,0.14474394294674922,264.5,False,numeric_integer_optimum,59.869713401349145,22.63505232565185,,,,,,,,,,,,,,,,,,
848,3/2,LP-off,0,LP,LP_OPTIMAL_NUMERICAL,True,jsonschema-fielded-100000,jsonschema,fielded,100000,101506,82725/2,0.6660788000008324,114270208,,0,41302.63028659865,204.6302865986496,0.5,0.0,True,,0.09498410000014701,0.08957640000153333,0.0020661999988078605,0.0027074999998148996,bca2a128ddee88643dc85c17b8221b64ec3eb649583490f4d651c7db00e33d39,41098,80,27,6,59.869713401349145,0.14474394294674922,264.5,False,numeric_integer_optimum,59.869713401349145,22.63505232565185,,,,,,,,,,,,,,,,,,
849,3/2,A1,0,ablation,optimal_numerical,True,jsonschema-fielded-100000,jsonschema,fielded,100000,101506,82725/2,0.8167904000001727,122511360,82725/2,,,,,,,,0.16610840000066673,0.0919157999996969,0.0022027000013622455,0.009688600002846215,bca2a128ddee88643dc85c17b8221b64ec3eb649583490f4d651c7db00e33d39,41098,,27,6,,,,,,,,0.0002679999997781124,0.05778409999766154,101506,21422,19669,2269,1596,593,18950,19582,586,613,6,167,247,True,0.0,
850,3/2,RG-add,0,ablation,FEASIBLE,True,jsonschema-fielded-100000,jsonschema,fielded,100000,101506,82725/2,0.8193989999999758,121298944,82727/2,,,,,,,,0.15492380000068806,0.09131039999920176,,,bca2a128ddee88643dc85c17b8221b64ec3eb649583490f4d651c7db00e33d39,41098,80,27,6,,,,,,,,,0.060362199998053256,,,,,,,,,,,,,,True,0.0024176488365064974,0.0024305000006279442
851,3/2,RG-prune,0,ablation,FEASIBLE,True,jsonschema-fielded-100000,jsonschema,fielded,100000,101506,82725/2,0.8035813000024064,121511936,82725/2,,,,,,,,0.1527892999984033,0.08891840000069351,,,bca2a128ddee88643dc85c17b8221b64ec3eb649583490f4d651c7db00e33d39,41098,80,27,6,,,,,,,,,0.05999549999978626,,,,,,,,,,,,,,True,0.0,0.003132700003334321
852,3/2,RG-add,1,ablation,FEASIBLE,True,jsonschema-fielded-100000,jsonschema,fielded,100000,101506,82725/2,0.8264361000001372,121413632,82727/2,,,,,,,,0.153685499997664,0.09037810000154423,,,bca2a128ddee88643dc85c17b8221b64ec3eb649583490f4d651c7db00e33d39,41098,80,27,6,,,,,,,,,0.05913190000137547,,,,,,,,,,,,,,True,0.0024176488365064974,0.0033418000020901673
853,3/2,RG-prune,1,ablation,FEASIBLE,True,jsonschema-fielded-100000,jsonschema,fielded,100000,101506,82725/2,0.8115027000021655,120913920,82725/2,,,,,,,,0.16049829999974463,0.09339499999987311,,,bca2a128ddee88643dc85c17b8221b64ec3eb649583490f4d651c7db00e33d39,41098,80,27,6,,,,,,,,,0.0633549000012863,,,,,,,,,,,,,,True,0.0,0.0030239000006986316
854,3/2,A1,1,ablation,optimal_numerical,True,jsonschema-fielded-100000,jsonschema,fielded,100000,101506,82725/2,0.8338924999989104,123400192,82725/2,,,,,,,,0.17745260000083363,0.09208049999870127,0.009449200002563884,0.0075939999987895135,bca2a128ddee88643dc85c17b8221b64ec3eb649583490f4d651c7db00e33d39,41098,,27,6,,,,,,,,0.00026670000079320744,0.06445330000133254,101506,21422,19669,2269,1596,593,18950,19582,586,613,6,167,247,True,0.0,
855,3/2,RG-prune,2,ablation,FEASIBLE,True,jsonschema-fielded-100000,jsonschema,fielded,100000,101506,82725/2,0.8031073000020115,122249216,82725/2,,,,,,,,0.15747909999845433,0.09305580000000191,,,bca2a128ddee88643dc85c17b8221b64ec3eb649583490f4d651c7db00e33d39,41098,80,27,6,,,,,,,,,0.06111650000093505,,,,,,,,,,,,,,True,0.0,0.0025639000014052726
856,3/2,A1,2,ablation,optimal_numerical,True,jsonschema-fielded-100000,jsonschema,fielded,100000,101506,82725/2,0.8300345000025118,123301888,82725/2,,,,,,,,0.16236030000072788,0.08924159999878611,0.0018691000004764646,0.008556500000850065,bca2a128ddee88643dc85c17b8221b64ec3eb649583490f4d651c7db00e33d39,41098,,27,6,,,,,,,,0.0003091000035055913,0.05816830000185291,101506,21422,19669,2269,1596,593,18950,19582,586,613,6,167,247,True,0.0,
857,3/2,RG-add,2,ablation,FEASIBLE,True,jsonschema-fielded-100000,jsonschema,fielded,100000,101506,82725/2,0.805138600000646,122036224,82727/2,,,,,,,,0.15467449999778182,0.09018360000118264,,,bca2a128ddee88643dc85c17b8221b64ec3eb649583490f4d651c7db00e33d39,41098,80,27,6,,,,,,,,,0.058182599997962825,,,,,,,,,,,,,,True,0.0024176488365064974,0.005529500002012355
858,2,LP-on,0,LP,LP_OPTIMAL_NUMERICAL,True,jsonschema-fielded-100000,jsonschema,fielded,100000,101506,42178,0.6861384000003454,114647040,,0,42155.83227299017,112.83227299016772,0.5,0.0,True,,0.10269020000123419,0.09389200000077835,0.005231099999946309,0.0029293000006873626,09d089cc1337af010d8a19a0ba81fc0e65edafadf6f189260da4b12baa3bc35f,42043,34,11,5,22.167727009829832,0.05255755846609567,135.0,False,numeric_integer_optimum,22.167727009829832,16.420538525799877,,,,,,,,,,,,,,,,,,
859,2,LP-off,0,LP,LP_OPTIMAL_NUMERICAL,True,jsonschema-fielded-100000,jsonschema,fielded,100000,101506,42178,0.6705786999991687,112779264,,0,42155.83227299017,112.83227299016774,0.5,0.0,True,,0.09427449999930104,0.08912330000021029,0.002089400000841124,0.0024191999982576817,09d089cc1337af010d8a19a0ba81fc0e65edafadf6f189260da4b12baa3bc35f,42043,34,11,5,22.167727009829832,0.05255755846609567,135.0,False,numeric_integer_optimum,22.167727009829832,16.420538525799877,,,,,,,,,,,,,,,,,,
860,2,A1,0,ablation,optimal_numerical,True,jsonschema-fielded-100000,jsonschema,fielded,100000,101506,42178,0.806273299996974,121053184,42178,,,,,,,,0.16187690000151633,0.0894707000006747,0.0045666000005439855,0.0058147000017925166,09d089cc1337af010d8a19a0ba81fc0e65edafadf6f189260da4b12baa3bc35f,42043,,11,5,,,,,,,,0.0002204000011261087,0.056929300000774674,101506,21422,19669,2269,1549,686,18903,19627,609,620,6,76,110,True,0.0,
861,2,RG-add,0,ablation,FEASIBLE,True,jsonschema-fielded-100000,jsonschema,fielded,100000,101506,42178,0.7974150999980338,119390208,42178,,,,,,,,0.1527855999993335,0.0890956000002916,,,09d089cc1337af010d8a19a0ba81fc0e65edafadf6f189260da4b12baa3bc35f,42043,34,11,5,,,,,,,,,0.06025769999905606,,,,,,,,,,,,,,True,0.0,0.002719999996770639
862,2,RG-prune,0,ablation,FEASIBLE,True,jsonschema-fielded-100000,jsonschema,fielded,100000,101506,42178,0.8241103000000294,121290752,42178,,,,,,,,0.16069269999934477,0.0903866000007838,,,09d089cc1337af010d8a19a0ba81fc0e65edafadf6f189260da4b12baa3bc35f,42043,34,11,5,,,,,,,,,0.06628289999935078,,,,,,,,,,,,,,True,0.0,0.0032743000010668766
863,2,RG-add,1,ablation,FEASIBLE,True,jsonschema-fielded-100000,jsonschema,fielded,100000,101506,42178,0.8421744999977818,120795136,42178,,,,,,,,0.17282319999867468,0.10340010000072652,,,09d089cc1337af010d8a19a0ba81fc0e65edafadf6f189260da4b12baa3bc35f,42043,34,11,5,,,,,,,,,0.06413240000256337,,,,,,,,,,,,,,True,0.0,0.004456400001799921
864,2,RG-prune,1,ablation,FEASIBLE,True,jsonschema-fielded-100000,jsonschema,fielded,100000,101506,42178,0.8030980000003183,121622528,42178,,,,,,,,0.15554419999898528,0.09142910000082338,,,09d089cc1337af010d8a19a0ba81fc0e65edafadf6f189260da4b12baa3bc35f,42043,34,11,5,,,,,,,,,0.06118580000111251,,,,,,,,,,,,,,True,0.0,0.0019221000002289657
865,2,A1,1,ablation,optimal_numerical,True,jsonschema-fielded-100000,jsonschema,fielded,100000,101506,42178,0.8093159000018204,122609664,42178,,,,,,,,0.16491250000035507,0.0904606000003696,0.001716799997666385,0.006990499998209998,09d089cc1337af010d8a19a0ba81fc0e65edafadf6f189260da4b12baa3bc35f,42043,,11,5,,,,,,,,0.00019909999900846742,0.06192469999950845,101506,21422,19669,2269,1549,686,18903,19627,609,620,6,76,110,True,0.0,
866,2,RG-prune,2,ablation,FEASIBLE,True,jsonschema-fielded-100000,jsonschema,fielded,100000,101506,42178,0.8047001000013552,121528320,42178,,,,,,,,0.15007120000154828,0.08895660000052885,,,09d089cc1337af010d8a19a0ba81fc0e65edafadf6f189260da4b12baa3bc35f,42043,34,11,5,,,,,,,,,0.05795209999996587,,,,,,,,,,,,,,True,0.0,0.0022339999995892867
867,2,A1,2,ablation,optimal_numerical,True,jsonschema-fielded-100000,jsonschema,fielded,100000,101506,42178,0.8105742000007012,122707968,42178,,,,,,,,0.16191629999957513,0.09075669999947422,0.004424900002049981,0.006671499999356456,09d089cc1337af010d8a19a0ba81fc0e65edafadf6f189260da4b12baa3bc35f,42043,,11,5,,,,,,,,0.00020280000171624124,0.05656309999903897,101506,21422,19669,2269,1549,686,18903,19627,609,620,6,76,110,True,0.0,
868,2,RG-add,2,ablation,FEASIBLE,True,jsonschema-fielded-100000,jsonschema,fielded,100000,101506,42178,0.7860041999992973,119504896,42178,,,,,,,,0.14903290000074776,0.09008589999939431,,,09d089cc1337af010d8a19a0ba81fc0e65edafadf6f189260da4b12baa3bc35f,42043,34,11,5,,,,,,,,,0.05638790000011795,,,,,,,,,,,,,,True,0.0,0.0018294000001333188
869,32,LP-on,0,LP,LP_OPTIMAL_NUMERICAL,True,jsonschema-fielded-100000,jsonschema,fielded,100000,101506,60722,0.731301000003441,114126848,,0,60036.81762311726,13218.817623117264,0.5,0.0,True,,0.13911079999888898,0.12591000000247732,0.004701399997429689,0.007739600001514191,1c7a972b32cb7f3057e92cb5e946175d8d8a15cdec47e7f2cec2a34519782d24,46818,203,17,143,685.182376882738,1.1283923073725142,13904.0,False,numeric_integer_optimum,685.182376882738,4.927951502321188,,,,,,,,,,,,,,,,,,
870,32,LP-off,0,LP,LP_OPTIMAL_NUMERICAL,True,jsonschema-fielded-100000,jsonschema,fielded,100000,101506,60722,0.7204214999983378,114761728,,0,60036.81762311726,13218.817623117264,0.5,0.0,True,,0.14708059999975376,0.129762300002767,0.0051241000001027714,0.011401200001273537,1c7a972b32cb7f3057e92cb5e946175d8d8a15cdec47e7f2cec2a34519782d24,46818,203,17,143,685.182376882738,1.1283923073725142,13904.0,False,numeric_integer_optimum,685.182376882738,4.927951502321188,,,,,,,,,,,,,,,,,,
871,32,A1,0,ablation,optimal_numerical,True,jsonschema-fielded-100000,jsonschema,fielded,100000,101506,60722,0.9041032999994059,124047360,60722,,,,,,,,0.24495050000041374,0.12732680000044638,0.005097699999168981,0.04273800000009942,1c7a972b32cb7f3057e92cb5e946175d8d8a15cdec47e7f2cec2a34519782d24,46818,,17,143,,,,,,,,0.0022613000001001637,0.06264449999798671,101506,21422,19669,2269,229,1837,15433,17431,708,725,1603,2441,2644,True,0.0,
872,32,RG-add,0,ablation,FEASIBLE,True,jsonschema-fielded-100000,jsonschema,fielded,100000,101506,60722,0.9997485000021697,122580992,60766,,,,,,,,0.35297560000253725,0.12599029999910272,,,1c7a972b32cb7f3057e92cb5e946175d8d8a15cdec47e7f2cec2a34519782d24,46818,203,17,143,,,,,,,,,0.06429779999962193,,,,,,,,,,,,,,True,0.07246138137742499,0.1619024999999965
873,32,RG-prune,0,ablation,FEASIBLE,True,jsonschema-fielded-100000,jsonschema,fielded,100000,101506,60722,1.1095540999995137,121511936,60730,,,,,,,,0.461277100002917,0.12898200000199722,,,1c7a972b32cb7f3057e92cb5e946175d8d8a15cdec47e7f2cec2a34519782d24,46818,203,17,143,,,,,,,,,0.07439379999777884,,,,,,,,,,,,,,True,0.01317479661407727,0.25709220000135247
874,32,RG-add,1,ablation,FEASIBLE,True,jsonschema-fielded-100000,jsonschema,fielded,100000,101506,60722,1.0030638999996881,121847808,60766,,,,,,,,0.35264699999970617,0.12532320000173058,,,1c7a972b32cb7f3057e92cb5e946175d8d8a15cdec47e7f2cec2a34519782d24,46818,203,17,143,,,,,,,,,0.06459990000075777,,,,,,,,,,,,,,True,0.07246138137742499,0.16190610000194283
875,32,RG-prune,1,ablation,FEASIBLE,True,jsonschema-fielded-100000,jsonschema,fielded,100000,101506,60722,1.0944963000001735,122552320,60730,,,,,,,,0.4427834000016446,0.13345829999889247,,,1c7a972b32cb7f3057e92cb5e946175d8d8a15cdec47e7f2cec2a34519782d24,46818,203,17,143,,,,,,,,,0.05974150000110967,,,,,,,,,,,,,,True,0.01317479661407727,0.24683980000190786
876,32,A1,1,ablation,optimal_numerical,True,jsonschema-fielded-100000,jsonschema,fielded,100000,101506,60722,0.9470258000001195,124514304,60722,,,,,,,,0.2453349999996135,0.12691590000031283,0.004869799999141833,0.04321379999964847,1c7a972b32cb7f3057e92cb5e946175d8d8a15cdec47e7f2cec2a34519782d24,46818,,17,143,,,,,,,,0.0022036999980628025,0.06433119999928749,101506,21422,19669,2269,229,1837,15433,17431,708,725,1603,2441,2644,True,0.0,
877,32,RG-prune,2,ablation,FEASIBLE,True,jsonschema-fielded-100000,jsonschema,fielded,100000,101506,60722,1.1468877000006614,122380288,60730,,,,,,,,0.4431038000002445,0.12648199999966891,,,1c7a972b32cb7f3057e92cb5e946175d8d8a15cdec47e7f2cec2a34519782d24,46818,203,17,143,,,,,,,,,0.06751810000059777,,,,,,,,,,,,,,True,0.01317479661407727,0.24827300000106334
878,32,A1,2,ablation,optimal_numerical,True,jsonschema-fielded-100000,jsonschema,fielded,100000,101506,60722,0.901784999998199,123621376,60722,,,,,,,,0.24591960000179824,0.13039329999810434,0.004832200000237208,0.04162470000301255,1c7a972b32cb7f3057e92cb5e946175d8d8a15cdec47e7f2cec2a34519782d24,46818,,17,143,,,,,,,,0.0022162000022944994,0.0628337999987707,101506,21422,19669,2269,229,1837,15433,17431,708,725,1603,2441,2644,True,0.0,
879,32,RG-add,2,ablation,FEASIBLE,True,jsonschema-fielded-100000,jsonschema,fielded,100000,101506,60722,1.0208480000001146,122290176,60766,,,,,,,,0.3559662000006938,0.12830169999870122,,,1c7a972b32cb7f3057e92cb5e946175d8d8a15cdec47e7f2cec2a34519782d24,46818,203,17,143,,,,,,,,,0.06241719999889028,,,,,,,,,,,,,,True,0.07246138137742499,0.16420859999925597
880,11/10,LP-on,0,LP,LP_OPTIMAL_NUMERICAL,True,jsonschema-fielded-1000000,jsonschema,fielded,1000000,167196,622909/10,0.9330407000015839,140529664,,0,62195.4559315189,393.0559315188996,0.5,0.0,True,,0.149319000000105,0.141602799998509,0.0021330000017769635,0.004879700001765741,faad436adfacb4a7a74b77e2b7ea2293f7a2ce56ed59c798e37f086b69b11631,309012/5,155,52,6,95.44406848109793,0.1532231328831305,488.5,False,numeric_integer_optimum,95.44406848109793,19.538192114861396,,,,,,,,,,,,,,,,,,
881,11/10,LP-off,0,LP,LP_OPTIMAL_NUMERICAL,True,jsonschema-fielded-1000000,jsonschema,fielded,1000000,167196,622909/10,0.9185467000024801,138547200,,0,62195.4559315189,393.0559315188996,0.5,0.0,True,,0.1484189000002516,0.14265739999973448,0.002149299998563947,0.0028152999984740745,faad436adfacb4a7a74b77e2b7ea2293f7a2ce56ed59c798e37f086b69b11631,309012/5,155,52,6,95.44406848109793,0.1532231328831305,488.5,False,numeric_integer_optimum,95.44406848109793,19.538192114861396,,,,,,,,,,,,,,,,,,
882,11/10,A1,0,ablation,optimal_numerical,True,jsonschema-fielded-1000000,jsonschema,fielded,1000000,167196,622909/10,1.1631839000001492,151871488,622909/10,,,,,,,,0.27629959999831044,0.143142999997508,0.0031330000019806903,0.017591200001334073,faad436adfacb4a7a74b77e2b7ea2293f7a2ce56ed59c798e37f086b69b11631,309012/5,,52,6,,,,,,,,0.00043899999946006574,0.1073340000002645,167196,31931,29576,3473,2464,854,28480,29405,841,893,7,326,481,True,0.0,
883,11/10,RG-add,0,ablation,FEASIBLE,True,jsonschema-fielded-1000000,jsonschema,fielded,1000000,167196,622909/10,1.1255010999993829,152580096,124591/2,,,,,,,,0.24828450000131852,0.13973210000040126,,,faad436adfacb4a7a74b77e2b7ea2293f7a2ce56ed59c798e37f086b69b11631,309012/5,155,52,6,,,,,,,,,0.10415899999861722,,,,,,,,,,,,,,True,0.00738470627330798,0.003551499998138752
884,11/10,RG-prune,0,ablation,FEASIBLE,True,jsonschema-fielded-1000000,jsonschema,fielded,1000000,167196,622909/10,1.168456999999762,151248896,622909/10,,,,,,,,0.2592645000004268,0.1454743000031158,,,faad436adfacb4a7a74b77e2b7ea2293f7a2ce56ed59c798e37f086b69b11631,309012/5,155,52,6,,,,,,,,,0.10875830000077258,,,,,,,,,,,,,,True,0.0,0.003955399999540532
885,11/10,RG-add,1,ablation,FEASIBLE,True,jsonschema-fielded-1000000,jsonschema,fielded,1000000,167196,622909/10,1.1150467000006756,150478848,124591/2,,,,,,,,0.25073949999932665,0.14194270000007236,,,faad436adfacb4a7a74b77e2b7ea2293f7a2ce56ed59c798e37f086b69b11631,309012/5,155,52,6,,,,,,,,,0.10439960000076098,,,,,,,,,,,,,,True,0.00738470627330798,0.0035457000012684148
886,11/10,RG-prune,1,ablation,FEASIBLE,True,jsonschema-fielded-1000000,jsonschema,fielded,1000000,167196,622909/10,1.141924999999901,151801856,622909/10,,,,,,,,0.24465330000020913,0.13859450000018114,,,faad436adfacb4a7a74b77e2b7ea2293f7a2ce56ed59c798e37f086b69b11631,309012/5,155,52,6,,,,,,,,,0.10120029999961844,,,,,,,,,,,,,,True,0.0,0.004032199998619035
887,11/10,A1,1,ablation,optimal_numerical,True,jsonschema-fielded-1000000,jsonschema,fielded,1000000,167196,622909/10,1.1673306000011507,151670784,622909/10,,,,,,,,0.2715289000007033,0.14227540000138106,0.0023521000002801884,0.015292700001737103,faad436adfacb4a7a74b77e2b7ea2293f7a2ce56ed59c798e37f086b69b11631,309012/5,,52,6,,,,,,,,0.00038210000275284983,0.10657970000102068,167196,31931,29576,3473,2464,854,28480,29405,841,893,7,326,481,True,0.0,
888,11/10,RG-prune,2,ablation,FEASIBLE,True,jsonschema-fielded-1000000,jsonschema,fielded,1000000,167196,622909/10,1.1300497000011092,149938176,622909/10,,,,,,,,0.2561150999972597,0.1459811000022455,,,faad436adfacb4a7a74b77e2b7ea2293f7a2ce56ed59c798e37f086b69b11631,309012/5,155,52,6,,,,,,,,,0.1055869999981951,,,,,,,,,,,,,,True,0.0,0.0037331999992602505
889,11/10,A1,2,ablation,optimal_numerical,True,jsonschema-fielded-1000000,jsonschema,fielded,1000000,167196,622909/10,1.172981700001401,151519232,622909/10,,,,,,,,0.2645689000019047,0.1396939999976894,0.00241479999749572,0.014176699998643016,faad436adfacb4a7a74b77e2b7ea2293f7a2ce56ed59c798e37f086b69b11631,309012/5,,52,6,,,,,,,,0.0004287999981897883,0.10034990000349353,167196,31931,29576,3473,2464,854,28480,29405,841,893,7,326,481,True,0.0,
890,11/10,RG-add,2,ablation,FEASIBLE,True,jsonschema-fielded-1000000,jsonschema,fielded,1000000,167196,622909/10,1.1300951000011992,150384640,124591/2,,,,,,,,0.25248589999682736,0.14170480000029784,,,faad436adfacb4a7a74b77e2b7ea2293f7a2ce56ed59c798e37f086b69b11631,309012/5,155,52,6,,,,,,,,,0.10658450000119046,,,,,,,,,,,,,,True,0.00738470627330798,0.0033724999993864913
891,5/4,LP-on,0,LP,LP_OPTIMAL_NUMERICAL,True,jsonschema-fielded-1000000,jsonschema,fielded,1000000,167196,250681/4,0.908951800000068,140521472,,0,62575.8456409131,403.84564091310676,0.5,0.0,True,,0.15004449999833014,0.1423873999992793,0.002059700000245357,0.004982099999324419,2d5a5fc201d9dc55385fbe6f0c5a4c9444e9ccc12411e7e043693e7daa4927e9,62172,155,52,6,94.40435908689687,0.15063664033077398,498.25,False,numeric_integer_optimum,94.40435908689687,18.947186971780607,,,,,,,,,,,,,,,,,,
892,5/4,LP-off,0,LP,LP_OPTIMAL_NUMERICAL,True,jsonschema-fielded-1000000,jsonschema,fielded,1000000,167196,250681/4,0.9029768000000331,138186752,,0,62575.8456409131,403.84564091310676,0.5,0.0,True,,0.14721819999977015,0.14112280000335886,0.0024692000006325543,0.0029964999994263053,2d5a5fc201d9dc55385fbe6f0c5a4c9444e9ccc12411e7e043693e7daa4927e9,62172,155,52,6,94.40435908689687,0.15063664033077398,498.25,False,numeric_integer_optimum,94.40435908689687,18.947186971780607,,,,,,,,,,,,,,,,,,
893,5/4,A1,0,ablation,optimal_numerical,True,jsonschema-fielded-1000000,jsonschema,fielded,1000000,167196,250681/4,1.1534418000010191,153014272,250681/4,,,,,,,,0.26715949999925215,0.13942109999698005,0.0034414000001561362,0.012843200001952937,2d5a5fc201d9dc55385fbe6f0c5a4c9444e9ccc12411e7e043693e7daa4927e9,62172,,52,6,,,,,,,,0.0003845999999612104,0.10640609999973094,167196,31931,29576,3473,2464,854,28480,29405,841,893,7,326,481,True,0.0,
894,5/4,RG-add,0,ablation,FEASIBLE,True,jsonschema-fielded-1000000,jsonschema,fielded,1000000,167196,250681/4,1.1155687999998918,150880256,250697/4,,,,,,,,0.2483498999972653,0.13988610000160406,,,2d5a5fc201d9dc55385fbe6f0c5a4c9444e9ccc12411e7e043693e7daa4927e9,62172,155,52,6,,,,,,,,,0.10422409999955562,,,,,,,,,,,,,,True,0.00638261376011744,0.0033895000015036203
895,5/4,RG-prune,0,ablation,FEASIBLE,True,jsonschema-fielded-1000000,jsonschema,fielded,1000000,167196,250681/4,1.11773269999685,153427968,250681/4,,,,,,,,0.2485530000012659,0.14078169999993406,,,2d5a5fc201d9dc55385fbe6f0c5a4c9444e9ccc12411e7e043693e7daa4927e9,62172,155,52,6,,,,,,,,,0.10276489999887417,,,,,,,,,,,,,,True,0.0,0.004050599996844539
896,5/4,RG-add,1,ablation,FEASIBLE,True,jsonschema-fielded-1000000,jsonschema,fielded,1000000,167196,250681/4,1.1381930000025022,150392832,250697/4,,,,,,,,0.2500824000017019,0.1416258999997808,,,2d5a5fc201d9dc55385fbe6f0c5a4c9444e9ccc12411e7e043693e7daa4927e9,62172,155,52,6,,,,,,,,,0.10277809999752208,,,,,,,,,,,,,,True,0.00638261376011744,0.004839999997784616
897,5/4,RG-prune,1,ablation,FEASIBLE,True,jsonschema-fielded-1000000,jsonschema,fielded,1000000,167196,250681/4,1.1794000000008964,150220800,250681/4,,,,,,,,0.25073889999839594,0.14201590000084252,,,2d5a5fc201d9dc55385fbe6f0c5a4c9444e9ccc12411e7e043693e7daa4927e9,62172,155,52,6,,,,,,,,,0.10369189999983064,,,,,,,,,,,,,,True,0.0,0.004102300001250114
898,5/4,A1,1,ablation,optimal_numerical,True,jsonschema-fielded-1000000,jsonschema,fielded,1000000,167196,250681/4,1.1357525999992504,153300992,250681/4,,,,,,,,0.26527569999962,0.1415567000003648,0.0021874999983992893,0.013080900000204565,2d5a5fc201d9dc55385fbe6f0c5a4c9444e9ccc12411e7e043693e7daa4927e9,62172,,52,6,,,,,,,,0.00044269999852986075,0.10340370000267285,167196,31931,29576,3473,2464,854,28480,29405,841,893,7,326,481,True,0.0,
899,5/4,RG-prune,2,ablation,FEASIBLE,True,jsonschema-fielded-1000000,jsonschema,fielded,1000000,167196,250681/4,1.1256972000010137,151031808,250681/4,,,,,,,,0.25149559999772464,0.14171650000207592,,,2d5a5fc201d9dc55385fbe6f0c5a4c9444e9ccc12411e7e043693e7daa4927e9,62172,155,52,6,,,,,,,,,0.10424720000082743,,,,,,,,,,,,,,True,0.0,0.004694699997344287
900,5/4,A1,2,ablation,optimal_numerical,True,jsonschema-fielded-1000000,jsonschema,fielded,1000000,167196,250681/4,1.1561551000013424,150622208,250681/4,,,,,,,,0.2823845999992045,0.15352490000077523,0.0029753999988315627,0.014996300000348128,2d5a5fc201d9dc55385fbe6f0c5a4c9444e9ccc12411e7e043693e7daa4927e9,62172,,52,6,,,,,,,,0.0004377999975986313,0.10544630000003963,167196,31931,29576,3473,2464,854,28480,29405,841,893,7,326,481,True,0.0,
901,5/4,RG-add,2,ablation,FEASIBLE,True,jsonschema-fielded-1000000,jsonschema,fielded,1000000,167196,250681/4,1.1420292999973753,150585344,250697/4,,,,,,,,0.24998000000050524,0.13997850000305334,,,2d5a5fc201d9dc55385fbe6f0c5a4c9444e9ccc12411e7e043693e7daa4927e9,62172,155,52,6,,,,,,,,,0.10604139999850304,,,,,,,,,,,,,,True,0.00638261376011744,0.003147800001897849
902,3/2,LP-on,0,LP,LP_OPTIMAL_NUMERICAL,True,jsonschema-fielded-1000000,jsonschema,fielded,1000000,167196,126605/2,0.9904215999995358,139833344,,0,63209.68563276059,421.6856327605949,0.5,0.0,True,,0.15086739999969723,0.14262500000040745,0.0021430999986478128,0.005420299999968847,1d829680b75ac03b3a086deb85ad4bc4fdb56ea4574dd3167de4bc2a225a1849,62788,155,52,6,92.81436723940715,0.14662038187971588,514.5,False,numeric_integer_optimum,92.81436723940715,18.039721523694293,,,,,,,,,,,,,,,,,,
903,3/2,LP-off,0,LP,LP_OPTIMAL_NUMERICAL,True,jsonschema-fielded-1000000,jsonschema,fielded,1000000,167196,126605/2,0.9286380999983521,136515584,,0,63209.68563276059,421.6856327605949,0.5,0.0,True,,0.14829629999803728,0.1426638000011735,0.002271199999086093,0.0027171999972779304,1d829680b75ac03b3a086deb85ad4bc4fdb56ea4574dd3167de4bc2a225a1849,62788,155,52,6,92.81436723940715,0.14662038187971588,514.5,False,numeric_integer_optimum,92.81436723940715,18.039721523694293,,,,,,,,,,,,,,,,,,
904,3/2,A1,0,ablation,optimal_numerical,True,jsonschema-fielded-1000000,jsonschema,fielded,1000000,167196,126605/2,1.1424224999973376,153239552,126605/2,,,,,,,,0.26166490000105114,0.1402630999982648,0.002149300002201926,0.011084499998105457,1d829680b75ac03b3a086deb85ad4bc4fdb56ea4574dd3167de4bc2a225a1849,62788,,52,6,,,,,,,,0.00040920000174082816,0.10360239999863552,167196,31931,29576,3473,2464,854,28480,29405,841,893,7,326,481,True,0.0,
905,3/2,RG-add,0,ablation,FEASIBLE,True,jsonschema-fielded-1000000,jsonschema,fielded,1000000,167196,126605/2,1.1210365000006277,150634496,126611/2,,,,,,,,0.2498857999999018,0.14096069999868632,,,1d829680b75ac03b3a086deb85ad4bc4fdb56ea4574dd3167de4bc2a225a1849,62788,155,52,6,,,,,,,,,0.10459850000188453,,,,,,,,,,,,,,True,0.004739149322696576,0.0035188000001653563
906,3/2,RG-prune,0,ablation,FEASIBLE,True,jsonschema-fielded-1000000,jsonschema,fielded,1000000,167196,126605/2,1.124553499998001,151363584,126605/2,,,,,,,,0.2519136000009894,0.14198180000312277,,,1d829680b75ac03b3a086deb85ad4bc4fdb56ea4574dd3167de4bc2a225a1849,62788,155,52,6,,,,,,,,,0.10292289999779314,,,,,,,,,,,,,,True,0.0,0.006191099997522542
907,3/2,RG-add,1,ablation,FEASIBLE,True,jsonschema-fielded-1000000,jsonschema,fielded,1000000,167196,126605/2,1.1356889999988198,150454272,126611/2,,,,,,,,0.24554749999879277,0.13882860000012442,,,1d829680b75ac03b3a086deb85ad4bc4fdb56ea4574dd3167de4bc2a225a1849,62788,155,52,6,,,,,,,,,0.10250749999977415,,,,,,,,,,,,,,True,0.004739149322696576,0.003327599999465747
908,3/2,RG-prune,1,ablation,FEASIBLE,True,jsonschema-fielded-1000000,jsonschema,fielded,1000000,167196,126605/2,1.194456099998206,150118400,126605/2,,,,,,,,0.2510755000002973,0.1413468999999168,,,1d829680b75ac03b3a086deb85ad4bc4fdb56ea4574dd3167de4bc2a225a1849,62788,155,52,6,,,,,,,,,0.10444719999941299,,,,,,,,,,,,,,True,0.0,0.004511799997999333
909,3/2,A1,1,ablation,optimal_numerical,True,jsonschema-fielded-1000000,jsonschema,fielded,1000000,167196,126605/2,1.1678042000021378,152854528,126605/2,,,,,,,,0.27564210000127787,0.1466456999987713,0.0026775000005727634,0.012945099999342347,1d829680b75ac03b3a086deb85ad4bc4fdb56ea4574dd3167de4bc2a225a1849,62788,,52,6,,,,,,,,0.00043589999768300913,0.1075340999996115,167196,31931,29576,3473,2464,854,28480,29405,841,893,7,326,481,True,0.0,
910,3/2,RG-prune,2,ablation,FEASIBLE,True,jsonschema-fielded-1000000,jsonschema,fielded,1000000,167196,126605/2,1.1494230999996944,149340160,126605/2,,,,,,,,0.2563388999988092,0.13999559999865596,,,1d829680b75ac03b3a086deb85ad4bc4fdb56ea4574dd3167de4bc2a225a1849,62788,155,52,6,,,,,,,,,0.10894120000011753,,,,,,,,,,,,,,True,0.0,0.006545900003402494
911,3/2,A1,2,ablation,optimal_numerical,True,jsonschema-fielded-1000000,jsonschema,fielded,1000000,167196,126605/2,1.1856599999991886,151666688,126605/2,,,,,,,,0.27045300000099814,0.1442962000000989,0.002366600001550978,0.01193549999879906,1d829680b75ac03b3a086deb85ad4bc4fdb56ea4574dd3167de4bc2a225a1849,62788,,52,6,,,,,,,,0.0004336000019975472,0.10580599999957485,167196,31931,29576,3473,2464,854,28480,29405,841,893,7,326,481,True,0.0,
912,3/2,RG-add,2,ablation,FEASIBLE,True,jsonschema-fielded-1000000,jsonschema,fielded,1000000,167196,126605/2,1.1267521000008855,150757376,126611/2,,,,,,,,0.25072459999864805,0.1413499000009324,,,1d829680b75ac03b3a086deb85ad4bc4fdb56ea4574dd3167de4bc2a225a1849,62788,155,52,6,,,,,,,,,0.10522449999916716,,,,,,,,,,,,,,True,0.004739149322696576,0.0032526000031793956
913,2,LP-on,0,LP,LP_OPTIMAL_NUMERICAL,True,jsonschema-fielded-1000000,jsonschema,fielded,1000000,167196,64567,0.9268991999997525,139120640,,0,64528.29975153401,194.29975153400744,0.5,0.0,True,,0.1529084000030707,0.14206639999974868,0.004203000000416068,0.0060044000019843224,2c32f1afe8a48aea867cd15a96568589f04e5bb90ada4a0885c9572377cadf36,64334,58,20,5,38.700248465989716,0.05993812391157977,233.0,False,numeric_integer_optimum,38.700248465989716,16.609548697849664,,,,,,,,,,,,,,,,,,
914,2,LP-off,0,LP,LP_OPTIMAL_NUMERICAL,True,jsonschema-fielded-1000000,jsonschema,fielded,1000000,167196,64567,0.8992658999995911,139718656,,0,64528.29975153401,194.29975153400744,0.5,0.0,True,,0.14657620000070892,0.14161119999698712,0.0017316000012215227,0.0026027999992948025,2c32f1afe8a48aea867cd15a96568589f04e5bb90ada4a0885c9572377cadf36,64334,58,20,5,38.700248465989716,0.05993812391157977,233.0,False,numeric_integer_optimum,38.700248465989716,16.609548697849664,,,,,,,,,,,,,,,,,,
915,2,A1,0,ablation,optimal_numerical,True,jsonschema-fielded-1000000,jsonschema,fielded,1000000,167196,64567,1.13389079999979,149221376,64567,,,,,,,,0.2571643999981461,0.1400091000032262,0.0018251000001328066,0.006632800002989825,2c32f1afe8a48aea867cd15a96568589f04e5bb90ada4a0885c9572377cadf36,64334,,20,5,,,,,,,,0.00026589999833959155,0.10304159999941476,167196,31931,29576,3473,2407,1008,28423,29504,895,915,7,130,188,True,0.0,
916,2,RG-add,0,ablation,FEASIBLE,True,jsonschema-fielded-1000000,jsonschema,fielded,1000000,167196,64567,1.116744999999355,150052864,64567,,,,,,,,0.24836839999989024,0.14032080000106362,,,2c32f1afe8a48aea867cd15a96568589f04e5bb90ada4a0885c9572377cadf36,64334,58,20,5,,,,,,,,,0.10466969999833964,,,,,,,,,,,,,,True,0.0,0.0022730999990017153
917,2,RG-prune,0,ablation,FEASIBLE,True,jsonschema-fielded-1000000,jsonschema,fielded,1000000,167196,64567,1.105949700002384,150855680,64567,,,,,,,,0.2454491999997117,0.1435458000014478,,,2c32f1afe8a48aea867cd15a96568589f04e5bb90ada4a0885c9572377cadf36,64334,58,20,5,,,,,,,,,0.09883679999984452,,,,,,,,,,,,,,True,0.0,0.0022743999979866203
918,2,RG-add,1,ablation,FEASIBLE,True,jsonschema-fielded-1000000,jsonschema,fielded,1000000,167196,64567,1.1292572999991535,151121920,64567,,,,,,,,0.24404389999835985,0.14078279999739607,,,2c32f1afe8a48aea867cd15a96568589f04e5bb90ada4a0885c9572377cadf36,64334,58,20,5,,,,,,,,,0.1004337000013038,,,,,,,,,,,,,,True,0.0,0.0019864999994751997
919,2,RG-prune,1,ablation,FEASIBLE,True,jsonschema-fielded-1000000,jsonschema,fielded,1000000,167196,64567,1.1306653000028746,149635072,64567,,,,,,,,0.2508989999987534,0.14545730000099866,,,2c32f1afe8a48aea867cd15a96568589f04e5bb90ada4a0885c9572377cadf36,64334,58,20,5,,,,,,,,,0.10242179999841028,,,,,,,,,,,,,,True,0.0,0.002228000001196051
920,2,A1,1,ablation,optimal_numerical,True,jsonschema-fielded-1000000,jsonschema,fielded,1000000,167196,64567,1.1032414000001154,150732800,64567,,,,,,,,0.2593542000031448,0.13979599999947823,0.0015413000000989996,0.006308399999397807,2c32f1afe8a48aea867cd15a96568589f04e5bb90ada4a0885c9572377cadf36,64334,,20,5,,,,,,,,0.00028170000223326497,0.10733959999924991,167196,31931,29576,3473,2407,1008,28423,29504,895,915,7,130,188,True,0.0,
921,2,RG-prune,2,ablation,FEASIBLE,True,jsonschema-fielded-1000000,jsonschema,fielded,1000000,167196,64567,1.114209600000322,150208512,64567,,,,,,,,0.24801149999984773,0.1404593000006571,,,2c32f1afe8a48aea867cd15a96568589f04e5bb90ada4a0885c9572377cadf36,64334,58,20,5,,,,,,,,,0.10440100000050734,,,,,,,,,,,,,,True,0.0,0.0023793999971530866
922,2,A1,2,ablation,optimal_numerical,True,jsonschema-fielded-1000000,jsonschema,fielded,1000000,167196,64567,1.136001299997588,155025408,64567,,,,,,,,0.26139920000059647,0.143569199997728,0.0020059999988006894,0.0075176999998802785,2c32f1afe8a48aea867cd15a96568589f04e5bb90ada4a0885c9572377cadf36,64334,,20,5,,,,,,,,0.00025269999969168566,0.10382279999976163,167196,31931,29576,3473,2407,1008,28423,29504,895,915,7,130,188,True,0.0,
923,2,RG-add,2,ablation,FEASIBLE,True,jsonschema-fielded-1000000,jsonschema,fielded,1000000,167196,64567,1.1039839999975811,150831104,64567,,,,,,,,0.24028530000214232,0.13900939999803086,,,2c32f1afe8a48aea867cd15a96568589f04e5bb90ada4a0885c9572377cadf36,64334,58,20,5,,,,,,,,,0.09836879999784287,,,,,,,,,,,,,,True,0.0,0.0020960999972885475
924,32,LP-on,0,LP,LP_OPTIMAL_NUMERICAL,True,jsonschema-fielded-1000000,jsonschema,fielded,1000000,167196,92748,0.9762280999966606,140562432,,0,91757.96331004205,18244.96331004204,0.5,1.7763568394002505e-15,True,,0.21691070000088075,0.2019335000004503,0.006259699999645818,0.007961499999510124,adc2afe62a259d864a42ad417b628d20d2661e04b1aab8ab9365a1e5e09b417f,73513,290,14,248,990.0366899579531,1.0674480203971546,19235.0,False,numeric_integer_optimum,990.0366899579531,5.147058434925672,,,,,,,,,,,,,,,,,,
925,32,LP-off,0,LP,LP_OPTIMAL_NUMERICAL,True,jsonschema-fielded-1000000,jsonschema,fielded,1000000,167196,92748,0.981779000001552,141008896,,0,91757.96331004205,18244.96331004204,0.5,1.7763568394002505e-15,True,,0.22509899999931804,0.20183990000077756,0.006836700002168072,0.015629300000000512,adc2afe62a259d864a42ad417b628d20d2661e04b1aab8ab9365a1e5e09b417f,73513,290,14,248,990.0366899579531,1.0674480203971546,19235.0,False,numeric_integer_optimum,990.0366899579531,5.147058434925672,,,,,,,,,,,,,,,,,,
926,32,A1,0,ablation,optimal_numerical,True,jsonschema-fielded-1000000,jsonschema,fielded,1000000,167196,92748,1.2701225000018894,156258304,92748,,,,,,,,0.3919192000030307,0.20122120000087307,0.006118499997683102,0.0637258999995538,adc2afe62a259d864a42ad417b628d20d2661e04b1aab8ab9365a1e5e09b417f,73513,,14,248,,,,,,,,0.0033061000031011645,0.11216499999864027,167196,31931,29576,3473,349,2834,23089,26499,1052,1066,2770,3367,3657,True,0.0,
927,32,RG-add,0,ablation,FEASIBLE,True,jsonschema-fielded-1000000,jsonschema,fielded,1000000,167196,92748,1.6329100000002654,157966336,92800,,,,,,,,0.7586717000012868,0.20272560000012163,,,adc2afe62a259d864a42ad417b628d20d2661e04b1aab8ab9365a1e5e09b417f,73513,290,14,248,,,,,,,,,0.11028489999807789,,,,,,,,,,,,,,True,0.05606589899512658,0.44418660000155796
928,32,RG-prune,0,ablation,FEASIBLE,True,jsonschema-fielded-1000000,jsonschema,fielded,1000000,167196,92748,1.9917630999989342,153452544,92808,,,,,,,,1.1149919999988924,0.20078529999955208,,,adc2afe62a259d864a42ad417b628d20d2661e04b1aab8ab9365a1e5e09b417f,73513,290,14,248,,,,,,,,,0.110118099997635,,,,,,,,,,,,,,True,0.06469142191745374,0.803247800002282
929,32,RG-add,1,ablation,FEASIBLE,True,jsonschema-fielded-1000000,jsonschema,fielded,1000000,167196,92748,1.6625029999995604,152530944,92800,,,,,,,,0.7666716999992786,0.2019451999985904,,,adc2afe62a259d864a42ad417b628d20d2661e04b1aab8ab9365a1e5e09b417f,73513,290,14,248,,,,,,,,,0.11220420000245213,,,,,,,,,,,,,,True,0.05606589899512658,0.4515085999992152
930,32,RG-prune,1,ablation,FEASIBLE,True,jsonschema-fielded-1000000,jsonschema,fielded,1000000,167196,92748,1.9869804000009026,153137152,92808,,,,,,,,1.1022281000005023,0.2019992000023194,,,adc2afe62a259d864a42ad417b628d20d2661e04b1aab8ab9365a1e5e09b417f,73513,290,14,248,,,,,,,,,0.11156959999789251,,,,,,,,,,,,,,True,0.06469142191745374,0.7878404000002774
931,32,A1,1,ablation,optimal_numerical,True,jsonschema-fielded-1000000,jsonschema,fielded,1000000,167196,92748,1.2757126999968023,156893184,92748,,,,,,,,0.3940234999972745,0.2024933000029705,0.006711700003506849,0.06471739999687998,adc2afe62a259d864a42ad417b628d20d2661e04b1aab8ab9365a1e5e09b417f,73513,,14,248,,,,,,,,0.0032188999975915067,0.11135710000235122,167196,31931,29576,3473,349,2834,23089,26499,1052,1066,2770,3367,3657,True,0.0,
932,32,RG-prune,2,ablation,FEASIBLE,True,jsonschema-fielded-1000000,jsonschema,fielded,1000000,167196,92748,1.9939168999990216,155119616,92808,,,,,,,,1.103078899999673,0.20350540000072215,,,adc2afe62a259d864a42ad417b628d20d2661e04b1aab8ab9365a1e5e09b417f,73513,290,14,248,,,,,,,,,0.1096904000005452,,,,,,,,,,,,,,True,0.06469142191745374,0.7890721000003396
933,32,A1,2,ablation,optimal_numerical,True,jsonschema-fielded-1000000,jsonschema,fielded,1000000,167196,92748,1.31056819999867,155021312,92748,,,,,,,,0.39269839999906253,0.20049550000112504,0.007327499999519205,0.06488900000113063,adc2afe62a259d864a42ad417b628d20d2661e04b1aab8ab9365a1e5e09b417f,73513,,14,248,,,,,,,,0.003186399997503031,0.11179839999749674,167196,31931,29576,3473,349,2834,23089,26499,1052,1066,2770,3367,3657,True,0.0,
934,32,RG-add,2,ablation,FEASIBLE,True,jsonschema-fielded-1000000,jsonschema,fielded,1000000,167196,92748,1.6729688999985228,153415680,92800,,,,,,,,0.7566139000009571,0.202124499999627,,,adc2afe62a259d864a42ad417b628d20d2661e04b1aab8ab9365a1e5e09b417f,73513,290,14,248,,,,,,,,,0.1075249999994412,,,,,,,,,,,,,,True,0.05606589899512658,0.4461488000015379
